# B23 standard solar model (Herrera & Serenelli 2023, doi:10.5281/zenodo.10174170, CC-BY-4.0), composition GS98
# r [R_sun], n_e [N_A/cm^3], rho [g/cm^3], X (H mass fraction), production distributions dN/dr (normalised per R_sun) per component
r,ne,rho,X,pp,pep,hep,be7,b8,n13,o15,f17
0.000000e+00,1.008231e+02,1.498408e+02,3.477840e-01,0.000000e+00,0.000000e+00,0.000000e+00,0.000000e+00,0.000000e+00,0.000000e+00,0.000000e+00,0.000000e+00
1.000000e-03,1.008138e+02,1.498201e+02,3.478400e-01,2.071610e-03,3.265790e-03,8.568490e-04,1.017150e-02,2.539110e-02,1.600900e-02,2.167950e-02,2.361490e-02
2.000000e-03,1.007999e+02,1.497959e+02,3.478980e-01,8.122010e-03,1.280440e-02,3.361510e-03,3.985960e-02,9.941740e-02,6.274470e-02,8.495870e-02,9.259780e-02
3.000000e-03,1.007743e+02,1.497407e+02,3.480350e-01,1.826820e-02,2.879310e-02,7.565100e-03,8.956340e-02,2.231350e-01,1.408810e-01,1.907580e-01,2.079140e-01
4.000000e-03,1.007349e+02,1.496615e+02,3.482380e-01,3.246110e-02,5.114580e-02,1.345340e-02,1.589210e-01,3.953080e-01,2.496380e-01,3.380170e-01,3.683970e-01
5.000000e-03,1.006885e+02,1.495616e+02,3.485010e-01,5.069050e-02,7.983370e-02,2.103040e-02,2.477130e-01,6.149320e-01,3.883810e-01,5.258820e-01,5.730950e-01
6.000000e-03,1.006283e+02,1.494376e+02,3.488240e-01,7.293940e-02,1.148130e-01,3.029930e-02,3.556380e-01,8.806830e-01,5.562880e-01,7.532300e-01,8.207600e-01
7.000000e-03,1.005588e+02,1.492898e+02,3.492040e-01,9.919570e-02,1.560450e-01,4.126780e-02,4.823760e-01,1.191060e+00,7.524220e-01,1.018800e+00,1.109990e+00
8.000000e-03,1.004778e+02,1.491214e+02,3.496450e-01,1.294320e-01,2.034640e-01,5.393970e-02,6.274860e-01,1.544180e+00,9.756100e-01,1.321010e+00,1.439000e+00
9.000000e-03,1.003899e+02,1.489327e+02,3.501440e-01,1.636350e-01,2.570200e-01,6.832590e-02,7.905440e-01,1.938080e+00,1.224650e+00,1.658210e+00,1.805990e+00
1.000000e-02,1.002882e+02,1.487236e+02,3.507000e-01,2.017670e-01,3.166250e-01,8.443030e-02,9.709830e-01,2.370360e+00,1.498040e+00,2.028400e+00,2.208690e+00
1.100000e-02,1.001775e+02,1.484875e+02,3.513140e-01,2.437930e-01,3.821910e-01,1.022600e-01,1.168210e+00,2.838470e+00,1.794220e+00,2.429440e+00,2.644740e+00
1.200000e-02,1.000530e+02,1.482313e+02,3.519850e-01,2.896950e-01,4.536510e-01,1.218290e-01,1.381630e+00,3.339860e+00,2.111630e+00,2.859230e+00,3.111770e+00
1.300000e-02,9.992174e+01,1.479551e+02,3.527130e-01,3.394160e-01,5.308800e-01,1.431400e-01,1.610510e+00,3.871450e+00,2.448370e+00,3.315180e+00,3.606910e+00
1.400000e-02,9.978149e+01,1.476590e+02,3.534970e-01,3.929350e-01,6.137990e-01,1.662100e-01,1.854180e+00,4.430420e+00,2.802710e+00,3.794990e+00,4.127540e+00
1.500000e-02,9.962768e+01,1.473398e+02,3.543370e-01,4.501830e-01,7.022560e-01,1.910400e-01,2.111760e+00,5.013290e+00,3.172560e+00,4.295750e+00,4.670470e+00
1.600000e-02,9.946493e+01,1.470043e+02,3.552330e-01,5.111490e-01,7.961890e-01,2.176540e-01,2.382590e+00,5.617220e+00,3.556150e+00,4.815150e+00,5.233050e+00
1.700000e-02,9.929331e+01,1.466459e+02,3.561840e-01,5.757300e-01,8.953850e-01,2.460420e-01,2.665570e+00,6.238230e+00,3.951110e+00,5.349920e+00,5.811640e+00
1.800000e-02,9.911058e+01,1.462682e+02,3.571880e-01,6.439160e-01,9.997740e-01,2.762310e-01,2.960000e+00,6.873330e+00,4.355610e+00,5.897660e+00,6.403500e+00
1.900000e-02,9.892134e+01,1.458747e+02,3.582480e-01,7.156370e-01,1.109200e+00,3.082280e-01,3.264920e+00,7.518960e+00,4.767530e+00,6.455360e+00,7.005360e+00
2.000000e-02,9.871883e+01,1.454555e+02,3.593590e-01,7.907860e-01,1.223440e+00,3.420220e-01,3.579130e+00,8.171090e+00,5.184390e+00,7.019850e+00,7.613530e+00
2.100000e-02,9.850993e+01,1.450207e+02,3.605250e-01,8.692940e-01,1.342320e+00,3.776200e-01,3.901640e+00,8.826190e+00,5.604130e+00,7.588180e+00,8.224790e+00
2.200000e-02,9.829241e+01,1.445706e+02,3.617410e-01,9.511970e-01,1.465860e+00,4.150760e-01,4.231930e+00,9.481860e+00,6.025300e+00,8.158480e+00,8.836980e+00
2.300000e-02,9.806409e+01,1.440954e+02,3.630090e-01,1.036320e+00,1.593700e+00,4.543520e-01,4.568500e+00,1.013360e+01,6.445260e+00,8.727100e+00,9.446020e+00
2.400000e-02,9.782728e+01,1.436118e+02,3.643270e-01,1.124610e+00,1.725710e+00,4.954640e-01,4.910410e+00,1.077820e+01,6.862070e+00,9.291490e+00,1.004910e+01
2.500000e-02,9.758206e+01,1.431034e+02,3.656960e-01,1.215970e+00,1.861700e+00,5.384140e-01,5.256530e+00,1.141240e+01,7.273780e+00,9.848980e+00,1.064310e+01
2.600000e-02,9.732625e+01,1.425837e+02,3.671130e-01,1.310300e+00,2.001430e+00,5.832000e-01,5.605800e+00,1.203290e+01,7.678470e+00,1.039690e+01,1.122520e+01
2.700000e-02,9.706441e+01,1.420463e+02,3.685790e-01,1.407570e+00,2.144780e+00,6.298360e-01,5.957300e+00,1.263690e+01,8.074450e+00,1.093310e+01,1.179290e+01
2.800000e-02,9.679435e+01,1.414914e+02,3.700930e-01,1.507660e+00,2.291550e+00,6.783300e-01,6.309950e+00,1.322160e+01,8.460120e+00,1.145530e+01,1.234350e+01
2.900000e-02,9.651837e+01,1.409256e+02,3.716530e-01,1.610460e+00,2.441450e+00,7.286570e-01,6.662510e+00,1.378390e+01,8.833590e+00,1.196100e+01,1.287450e+01
3.000000e-02,9.623211e+01,1.403395e+02,3.732590e-01,1.715780e+00,2.594190e+00,7.807840e-01,7.013710e+00,1.432070e+01,9.192990e+00,1.244760e+01,1.338300e+01
3.100000e-02,9.593565e+01,1.397430e+02,3.749100e-01,1.823670e+00,2.749740e+00,8.347710e-01,7.363060e+00,1.483070e+01,9.537660e+00,1.291430e+01,1.386790e+01
3.200000e-02,9.563349e+01,1.391297e+02,3.766050e-01,1.933890e+00,2.907700e+00,8.905520e-01,7.709030e+00,1.531100e+01,9.865690e+00,1.335850e+01,1.432640e+01
3.300000e-02,9.532570e+01,1.385033e+02,3.783430e-01,2.046360e+00,3.067900e+00,9.481300e-01,8.050820e+00,1.575960e+01,1.017610e+01,1.377890e+01,1.475710e+01
3.400000e-02,9.501015e+01,1.378669e+02,3.801230e-01,2.161110e+00,3.230290e+00,1.007550e+00,8.387900e+00,1.617600e+01,1.046850e+01,1.417480e+01,1.515940e+01
3.500000e-02,9.468910e+01,1.372177e+02,3.819450e-01,2.277680e+00,3.394160e+00,1.068660e+00,8.718130e+00,1.655630e+01,1.074040e+01,1.454300e+01,1.552990e+01
3.600000e-02,9.435610e+01,1.365526e+02,3.838060e-01,2.396300e+00,3.559780e+00,1.131580e+00,9.041850e+00,1.690160e+01,1.099260e+01,1.488440e+01,1.586930e+01
3.700000e-02,9.402211e+01,1.358783e+02,3.857070e-01,2.516610e+00,3.726560e+00,1.196200e+00,9.357360e+00,1.720940e+01,1.122340e+01,1.519700e+01,1.617570e+01
3.800000e-02,9.367852e+01,1.351948e+02,3.876480e-01,2.638650e+00,3.894500e+00,1.262560e+00,9.664410e+00,1.747990e+01,1.143280e+01,1.548070e+01,1.644900e+01
3.900000e-02,9.332973e+01,1.344962e+02,3.896250e-01,2.762150e+00,4.063190e+00,1.330580e+00,9.961780e+00,1.771170e+01,1.162000e+01,1.573410e+01,1.668780e+01
4.000000e-02,9.297582e+01,1.337920e+02,3.916390e-01,2.887030e+00,4.232440e+00,1.400250e+00,1.024880e+01,1.790480e+01,1.178510e+01,1.595760e+01,1.689290e+01
4.100000e-02,9.261472e+01,1.330730e+02,3.936870e-01,3.013090e+00,4.401920e+00,1.471510e+00,1.052470e+01,1.805890e+01,1.192740e+01,1.615030e+01,1.706320e+01
4.200000e-02,9.224865e+01,1.323488e+02,3.957710e-01,3.140290e+00,4.571500e+00,1.544360e+00,1.078910e+01,1.817430e+01,1.204720e+01,1.631260e+01,1.719910e+01
4.300000e-02,9.187979e+01,1.316164e+02,3.978870e-01,3.268480e+00,4.740980e+00,1.618780e+00,1.104130e+01,1.825170e+01,1.214480e+01,1.644470e+01,1.730120e+01
4.400000e-02,9.149977e+01,1.308730e+02,4.000370e-01,3.397400e+00,4.909880e+00,1.694650e+00,1.128040e+01,1.829060e+01,1.221950e+01,1.654600e+01,1.736900e+01
4.500000e-02,9.111712e+01,1.301218e+02,4.022180e-01,3.526850e+00,5.077840e+00,1.771900e+00,1.150580e+01,1.829170e+01,1.227170e+01,1.661660e+01,1.740280e+01
4.600000e-02,9.072981e+01,1.293630e+02,4.044290e-01,3.656940e+00,5.245050e+00,1.850620e+00,1.171780e+01,1.825710e+01,1.230260e+01,1.665850e+01,1.740490e+01
4.700000e-02,9.033374e+01,1.285938e+02,4.066680e-01,3.787090e+00,5.410670e+00,1.930530e+00,1.191470e+01,1.818580e+01,1.231110e+01,1.667000e+01,1.737380e+01
4.800000e-02,8.993526e+01,1.278174e+02,4.089340e-01,3.917650e+00,5.575160e+00,2.011830e+00,1.209780e+01,1.808170e+01,1.229980e+01,1.665470e+01,1.731340e+01
4.900000e-02,8.953441e+01,1.270428e+02,4.112290e-01,4.048230e+00,5.737950e+00,2.094350e+00,1.226590e+01,1.794450e+01,1.226800e+01,1.661170e+01,1.722310e+01
5.000000e-02,8.912715e+01,1.262554e+02,4.135490e-01,4.178780e+00,5.898990e+00,2.178060e+00,1.241920e+01,1.777640e+01,1.221680e+01,1.654240e+01,1.710430e+01
5.100000e-02,8.871764e+01,1.254643e+02,4.158930e-01,4.308900e+00,6.057660e+00,2.262790e+00,1.255680e+01,1.757790e+01,1.214640e+01,1.644720e+01,1.695810e+01
5.200000e-02,8.830189e+01,1.246694e+02,4.182620e-01,4.438830e+00,6.214320e+00,2.348680e+00,1.267970e+01,1.735220e+01,1.205840e+01,1.632820e+01,1.678660e+01
5.300000e-02,8.788404e+01,1.238682e+02,4.206530e-01,4.568130e+00,6.368340e+00,2.435490e+00,1.278700e+01,1.709970e+01,1.195320e+01,1.618570e+01,1.659050e+01
5.400000e-02,8.746413e+01,1.230637e+02,4.230660e-01,4.696710e+00,6.519570e+00,2.523190e+00,1.287880e+01,1.682280e+01,1.183140e+01,1.602090e+01,1.637120e+01
5.500000e-02,8.703822e+01,1.222559e+02,4.255000e-01,4.824550e+00,6.668010e+00,2.611790e+00,1.295550e+01,1.652340e+01,1.169440e+01,1.583550e+01,1.613100e+01
5.600000e-02,8.660840e+01,1.214423e+02,4.279530e-01,4.951360e+00,6.813310e+00,2.701120e+00,1.301690e+01,1.620320e+01,1.154290e+01,1.563040e+01,1.587060e+01
5.700000e-02,8.617871e+01,1.206285e+02,4.304240e-01,5.077060e+00,6.955330e+00,2.791140e+00,1.306330e+01,1.586420e+01,1.137800e+01,1.540730e+01,1.559230e+01
5.800000e-02,8.574326e+01,1.198119e+02,4.329130e-01,5.201520e+00,7.093860e+00,2.881790e+00,1.309460e+01,1.550820e+01,1.120050e+01,1.516700e+01,1.529710e+01
5.900000e-02,8.530412e+01,1.189899e+02,4.354190e-01,5.324750e+00,7.229020e+00,2.973070e+00,1.311180e+01,1.513760e+01,1.101180e+01,1.491160e+01,1.498740e+01
6.000000e-02,8.486527e+01,1.181708e+02,4.379390e-01,5.446240e+00,7.360090e+00,3.064690e+00,1.311400e+01,1.475310e+01,1.081200e+01,1.464110e+01,1.466340e+01
6.100000e-02,8.442479e+01,1.173465e+02,4.404750e-01,5.566080e+00,7.487210e+00,3.156700e+00,1.310210e+01,1.435720e+01,1.060260e+01,1.435770e+01,1.432750e+01
6.200000e-02,8.397886e+01,1.165226e+02,4.430240e-01,5.684350e+00,7.610580e+00,3.249140e+00,1.307690e+01,1.395250e+01,1.038500e+01,1.406310e+01,1.398150e+01
6.300000e-02,8.353337e+01,1.156964e+02,4.455850e-01,5.800670e+00,7.729660e+00,3.341770e+00,1.303830e+01,1.353980e+01,1.015960e+01,1.375810e+01,1.362660e+01
6.400000e-02,8.308450e+01,1.148735e+02,4.481590e-01,5.915040e+00,7.844550e+00,3.434600e+00,1.298670e+01,1.312120e+01,9.927480e+00,1.344380e+01,1.326400e+01
6.500000e-02,8.263423e+01,1.140434e+02,4.507420e-01,6.027070e+00,7.954640e+00,3.527360e+00,1.292210e+01,1.269760e+01,9.689210e+00,1.312130e+01,1.289500e+01
6.600000e-02,8.218262e+01,1.132192e+02,4.533360e-01,6.136950e+00,8.060410e+00,3.620180e+00,1.284570e+01,1.227140e+01,9.446190e+00,1.279240e+01,1.252140e+01
6.700000e-02,8.172784e+01,1.123906e+02,4.559380e-01,6.244500e+00,8.161550e+00,3.712910e+00,1.275760e+01,1.184390e+01,9.199190e+00,1.245800e+01,1.214440e+01
6.800000e-02,8.127369e+01,1.115630e+02,4.585470e-01,6.349510e+00,8.257840e+00,3.805420e+00,1.265820e+01,1.141620e+01,8.948710e+00,1.211900e+01,1.176500e+01
6.900000e-02,8.081649e+01,1.107388e+02,4.611640e-01,6.452010e+00,8.349430e+00,3.897690e+00,1.254830e+01,1.099000e+01,8.695870e+00,1.177670e+01,1.138450e+01
7.000000e-02,8.035816e+01,1.099107e+02,4.637880e-01,6.551930e+00,8.436220e+00,3.989680e+00,1.242830e+01,1.056650e+01,8.441390e+00,1.143230e+01,1.100420e+01
7.100000e-02,7.990059e+01,1.090888e+02,4.664150e-01,6.649040e+00,8.518010e+00,4.081210e+00,1.229850e+01,1.014660e+01,8.185930e+00,1.108650e+01,1.062490e+01
7.200000e-02,7.943831e+01,1.082655e+02,4.690470e-01,6.743340e+00,8.594860e+00,4.172250e+00,1.215980e+01,9.731550e+00,7.930210e+00,1.074040e+01,1.024770e+01
7.300000e-02,7.898052e+01,1.074459e+02,4.716820e-01,6.834760e+00,8.666690e+00,4.262730e+00,1.201250e+01,9.322320e+00,7.674980e+00,1.039490e+01,9.873590e+00
7.400000e-02,7.851814e+01,1.066252e+02,4.743190e-01,6.923050e+00,8.733280e+00,4.352450e+00,1.185700e+01,8.919570e+00,7.420570e+00,1.005050e+01,9.503060e+00
7.500000e-02,7.805667e+01,1.058084e+02,4.769570e-01,7.008620e+00,8.795270e+00,4.441670e+00,1.169460e+01,8.524780e+00,7.168180e+00,9.708870e+00,9.137620e+00
7.600000e-02,7.759255e+01,1.049905e+02,4.795970e-01,7.090530e+00,8.851440e+00,4.529720e+00,1.152440e+01,8.137470e+00,6.917320e+00,9.369290e+00,8.776730e+00
7.700000e-02,7.712941e+01,1.041790e+02,4.822360e-01,7.169770e+00,8.903180e+00,4.617250e+00,1.134860e+01,7.759580e+00,6.669560e+00,9.033940e+00,8.422410e+00
7.800000e-02,7.666550e+01,1.033689e+02,4.848750e-01,7.245350e+00,8.949370e+00,4.703550e+00,1.116640e+01,7.390650e+00,6.424540e+00,8.702270e+00,8.074150e+00
7.900000e-02,7.620088e+01,1.025605e+02,4.875100e-01,7.317800e+00,8.990540e+00,4.788920e+00,1.097910e+01,7.031740e+00,6.183160e+00,8.375580e+00,7.733150e+00
8.000000e-02,7.573733e+01,1.017537e+02,4.901430e-01,7.387000e+00,9.026820e+00,4.873260e+00,1.078710e+01,6.683160e+00,5.945730e+00,8.054170e+00,7.399730e+00
8.100000e-02,7.527313e+01,1.009532e+02,4.927730e-01,7.452670e+00,9.057890e+00,4.956310e+00,1.059060e+01,6.345030e+00,5.712360e+00,7.738280e+00,7.074040e+00
8.200000e-02,7.480661e+01,1.001521e+02,4.953980e-01,7.515080e+00,9.084060e+00,5.038250e+00,1.039060e+01,6.017890e+00,5.483570e+00,7.428580e+00,6.756750e+00
8.300000e-02,7.434299e+01,9.935735e+01,4.980180e-01,7.574000e+00,9.105250e+00,5.118880e+00,1.018730e+01,5.701710e+00,5.259460e+00,7.125230e+00,6.447900e+00
8.400000e-02,7.387713e+01,9.856211e+01,5.006330e-01,7.629410e+00,9.121440e+00,5.198120e+00,9.981050e+00,5.396720e+00,5.040340e+00,6.828640e+00,6.147800e+00
8.500000e-02,7.341419e+01,9.777324e+01,5.032400e-01,7.681280e+00,9.132680e+00,5.275930e+00,9.772390e+00,5.102920e+00,4.826340e+00,6.538910e+00,5.856560e+00
8.600000e-02,7.295079e+01,9.698845e+01,5.058410e-01,7.729700e+00,9.139190e+00,5.352290e+00,9.561910e+00,4.820460e+00,4.617770e+00,6.256650e+00,5.574430e+00
8.700000e-02,7.248531e+01,9.620552e+01,5.084330e-01,7.774290e+00,9.140570e+00,5.426910e+00,9.349550e+00,4.549070e+00,4.414580e+00,5.981600e+00,5.301260e+00
8.800000e-02,7.202280e+01,9.542672e+01,5.110170e-01,7.815820e+00,9.137780e+00,5.500280e+00,9.136700e+00,4.289140e+00,4.217330e+00,5.714590e+00,5.037630e+00
8.900000e-02,7.155995e+01,9.464987e+01,5.135900e-01,7.853120e+00,9.129620e+00,5.571530e+00,8.922410e+00,4.039980e+00,4.025570e+00,5.455010e+00,4.782840e+00
9.000000e-02,7.109843e+01,9.388150e+01,5.161550e-01,7.887450e+00,9.117490e+00,5.641490e+00,8.708420e+00,3.802050e+00,3.839900e+00,5.203680e+00,4.537620e+00
9.100000e-02,7.063663e+01,9.311508e+01,5.187070e-01,7.917990e+00,9.100650e+00,5.709510e+00,8.494240e+00,3.574790e+00,3.660010e+00,4.960170e+00,4.301460e+00
9.200000e-02,7.017622e+01,9.235279e+01,5.212490e-01,7.945260e+00,9.079740e+00,5.775940e+00,8.280700e+00,3.358210e+00,3.486110e+00,4.724770e+00,4.074550e+00
9.300000e-02,6.971400e+01,9.159252e+01,5.237790e-01,7.968890e+00,9.054330e+00,5.840460e+00,8.067730e+00,3.151950e+00,3.318040e+00,4.497250e+00,3.856630e+00
9.400000e-02,6.925641e+01,9.084060e+01,5.262970e-01,7.988890e+00,9.024590e+00,5.903020e+00,7.855670e+00,2.955770e+00,3.155780e+00,4.277600e+00,3.647570e+00
9.500000e-02,6.879708e+01,9.009071e+01,5.288010e-01,8.005720e+00,8.991080e+00,5.963890e+00,7.645210e+00,2.769520e+00,2.999470e+00,4.066000e+00,3.447410e+00
9.600000e-02,6.833764e+01,8.934289e+01,5.312920e-01,8.018450e+00,8.952870e+00,6.022320e+00,7.435690e+00,2.592640e+00,2.848700e+00,3.861910e+00,3.255600e+00
9.700000e-02,6.788128e+01,8.860332e+01,5.337690e-01,8.028510e+00,8.911580e+00,6.079360e+00,7.228740e+00,2.425260e+00,2.703930e+00,3.665940e+00,3.072580e+00
9.800000e-02,6.742485e+01,8.786583e+01,5.362310e-01,8.034860e+00,8.866200e+00,6.134140e+00,7.023520e+00,2.266750e+00,2.564690e+00,3.477450e+00,2.897640e+00
9.900000e-02,6.696995e+01,8.713447e+01,5.386780e-01,8.037970e+00,8.817250e+00,6.186970e+00,6.820730e+00,2.116950e+00,2.431060e+00,3.296550e+00,2.730840e+00
1.000000e-01,6.651659e+01,8.640721e+01,5.411100e-01,8.037510e+00,8.764430e+00,6.237560e+00,6.620120e+00,1.975390e+00,2.302790e+00,3.122910e+00,2.571730e+00
1.010000e-01,6.606478e+01,8.568405e+01,5.435250e-01,8.034080e+00,8.708550e+00,6.286260e+00,6.422620e+00,1.842040e+00,2.180070e+00,2.956780e+00,2.420480e+00
1.020000e-01,6.561151e+01,8.496499e+01,5.459270e-01,8.027440e+00,8.649260e+00,6.332920e+00,6.227660e+00,1.716210e+00,2.062430e+00,2.797530e+00,2.276410e+00
1.030000e-01,6.515984e+01,8.425196e+01,5.483090e-01,8.017390e+00,8.586610e+00,6.377230e+00,6.035830e+00,1.597880e+00,1.950020e+00,2.645350e+00,2.139630e+00
1.040000e-01,6.471128e+01,8.354299e+01,5.506760e-01,8.004430e+00,8.521040e+00,6.419600e+00,5.847040e+00,1.486540e+00,1.842550e+00,2.499860e+00,2.009700e+00
1.050000e-01,6.426285e+01,8.283808e+01,5.530230e-01,7.988560e+00,8.452690e+00,6.459910e+00,5.661830e+00,1.382070e+00,1.740060e+00,2.361110e+00,1.886590e+00
1.060000e-01,6.381606e+01,8.213911e+01,5.553540e-01,7.969560e+00,8.381340e+00,6.497960e+00,5.479810e+00,1.283950e+00,1.642200e+00,2.228630e+00,1.769840e+00
1.070000e-01,6.336946e+01,8.144417e+01,5.576700e-01,7.947450e+00,8.307080e+00,6.533800e+00,5.300930e+00,1.191830e+00,1.548790e+00,2.102170e+00,1.659140e+00
1.080000e-01,6.292453e+01,8.075325e+01,5.599640e-01,7.922770e+00,8.230600e+00,6.567670e+00,5.126050e+00,1.105670e+00,1.459960e+00,1.981910e+00,1.554570e+00
1.090000e-01,6.248129e+01,8.006819e+01,5.622400e-01,7.895250e+00,8.151590e+00,6.599340e+00,4.954710e+00,1.025030e+00,1.375410e+00,1.867440e+00,1.455710e+00
1.100000e-01,6.204117e+01,7.938711e+01,5.644960e-01,7.864720e+00,8.070020e+00,6.628650e+00,4.786980e+00,9.496220e-01,1.295000e+00,1.758570e+00,1.362310e+00
1.110000e-01,6.159990e+01,7.871183e+01,5.667350e-01,7.831880e+00,7.986540e+00,6.656070e+00,4.623100e+00,8.791680e-01,1.218610e+00,1.655160e+00,1.274150e+00
1.120000e-01,6.116036e+01,7.803870e+01,5.689530e-01,7.796080e+00,7.900650e+00,6.681050e+00,4.462850e+00,8.134000e-01,1.146070e+00,1.556950e+00,1.190980e+00
1.130000e-01,6.072255e+01,7.737310e+01,5.711510e-01,7.757850e+00,7.812870e+00,6.703940e+00,4.306480e+00,7.520740e-01,1.077290e+00,1.463820e+00,1.112620e+00
1.140000e-01,6.028649e+01,7.670965e+01,5.733280e-01,7.717120e+00,7.723250e+00,6.724660e+00,4.154000e+00,6.949550e-01,1.012110e+00,1.375580e+00,1.038870e+00
1.150000e-01,5.985218e+01,7.605189e+01,5.754860e-01,7.674250e+00,7.632080e+00,6.743460e+00,4.005350e+00,6.417430e-01,9.503410e-01,1.291950e+00,9.694230e-01
1.160000e-01,5.941827e+01,7.539977e+01,5.776230e-01,7.628930e+00,7.539220e+00,6.760010e+00,3.860600e+00,5.922700e-01,8.918900e-01,1.212810e+00,9.041640e-01
1.170000e-01,5.898886e+01,7.475324e+01,5.797400e-01,7.581490e+00,7.444940e+00,6.774570e+00,3.719660e+00,5.462620e-01,8.365710e-01,1.137910e+00,8.428170e-01
1.180000e-01,5.855851e+01,7.411054e+01,5.818360e-01,7.531660e+00,7.349070e+00,6.786820e+00,3.582480e+00,5.035210e-01,7.842620e-01,1.067090e+00,7.852060e-01
1.190000e-01,5.812862e+01,7.346999e+01,5.839120e-01,7.479860e+00,7.252010e+00,6.797100e+00,3.449070e+00,4.638390e-01,7.348290e-01,1.000160e+00,7.311320e-01
1.200000e-01,5.770321e+01,7.283666e+01,5.859650e-01,7.426020e+00,7.153790e+00,6.805290e+00,3.319540e+00,4.270530e-01,6.881730e-01,9.369910e-01,6.804490e-01
1.210000e-01,5.727828e+01,7.220712e+01,5.879980e-01,7.370260e+00,7.054540e+00,6.811470e+00,3.193700e+00,3.929520e-01,6.441430e-01,8.773730e-01,6.329450e-01
1.220000e-01,5.685387e+01,7.158302e+01,5.900080e-01,7.312480e+00,6.954210e+00,6.815420e+00,3.071590e+00,3.613840e-01,6.026480e-01,8.211720e-01,5.884780e-01
1.230000e-01,5.643259e+01,7.096268e+01,5.919970e-01,7.253050e+00,6.853170e+00,6.817510e+00,2.953160e+00,3.321610e-01,5.635530e-01,7.682020e-01,5.468510e-01
1.240000e-01,5.601186e+01,7.034610e+01,5.939660e-01,7.191940e+00,6.751370e+00,6.817680e+00,2.838310e+00,3.051220e-01,5.267520e-01,7.182870e-01,5.078970e-01
1.250000e-01,5.559171e+01,6.973487e+01,5.959110e-01,7.128900e+00,6.648690e+00,6.815570e+00,2.726980e+00,2.801350e-01,4.921910e-01,6.713060e-01,4.714930e-01
1.260000e-01,5.517724e+01,6.913055e+01,5.978340e-01,7.064870e+00,6.546000e+00,6.812070e+00,2.619390e+00,2.570820e-01,4.598900e-01,6.271660e-01,4.375230e-01
1.270000e-01,5.475957e+01,6.852673e+01,5.997360e-01,6.999110e+00,6.442620e+00,6.806420e+00,2.515140e+00,2.357880e-01,4.297920e-01,5.856340e-01,4.057870e-01
1.280000e-01,5.434630e+01,6.792975e+01,6.016150e-01,6.931690e+00,6.338610e+00,6.798670e+00,2.414190e+00,2.161350e-01,4.020260e-01,5.465790e-01,3.761550e-01
1.290000e-01,5.393492e+01,6.733642e+01,6.034730e-01,6.863040e+00,6.234460e+00,6.789140e+00,2.316650e+00,1.980330e-01,3.769750e-01,5.099280e-01,3.485430e-01
1.300000e-01,5.352418e+01,6.674827e+01,6.053090e-01,6.793170e+00,6.130120e+00,6.777880e+00,2.222350e+00,1.813440e-01,3.550380e-01,4.755020e-01,3.227960e-01
1.310000e-01,5.311412e+01,6.616221e+01,6.071210e-01,6.722010e+00,6.025680e+00,6.764660e+00,2.131300e+00,1.659930e-01,3.370820e-01,4.432280e-01,2.988340e-01
1.320000e-01,5.270842e+01,6.558281e+01,6.089130e-01,6.649760e+00,5.921160e+00,6.749730e+00,2.043310e+00,1.518550e-01,3.241830e-01,4.129290e-01,2.765040e-01
1.330000e-01,5.230221e+01,6.500698e+01,6.106810e-01,6.576600e+00,5.816910e+00,6.733220e+00,1.958480e+00,1.388640e-01,3.177520e-01,3.845500e-01,2.557490e-01
1.340000e-01,5.189912e+01,6.443473e+01,6.124270e-01,6.502430e+00,5.712770e+00,6.714900e+00,1.876670e+00,1.269300e-01,3.203240e-01,3.579560e-01,2.364540e-01
1.350000e-01,5.149677e+01,6.386898e+01,6.141510e-01,6.427250e+00,5.608720e+00,6.694900e+00,1.797680e+00,1.159550e-01,3.343910e-01,3.330030e-01,2.185000e-01
1.360000e-01,5.109636e+01,6.330529e+01,6.158530e-01,6.351210e+00,5.505000e+00,6.673180e+00,1.721600e+00,1.058900e-01,3.620220e-01,3.096430e-01,2.018380e-01
1.370000e-01,5.069907e+01,6.274657e+01,6.175350e-01,6.274710e+00,5.401810e+00,6.650220e+00,1.648280e+00,9.664650e-02,4.081440e-01,2.877320e-01,1.863550e-01
1.380000e-01,5.030255e+01,6.219135e+01,6.191920e-01,6.197340e+00,5.299030e+00,6.625490e+00,1.577740e+00,8.818340e-02,4.767540e-01,2.672200e-01,1.720090e-01
1.390000e-01,4.990683e+01,6.164105e+01,6.208300e-01,6.119140e+00,5.196480e+00,6.599090e+00,1.509680e+00,8.041050e-02,5.697110e-01,2.479490e-01,1.586750e-01
1.400000e-01,4.951423e+01,6.109702e+01,6.224430e-01,6.040630e+00,5.094770e+00,6.571420e+00,1.444320e+00,7.330430e-02,6.934830e-01,2.299020e-01,1.463370e-01
1.410000e-01,4.912358e+01,6.055500e+01,6.240370e-01,5.961550e+00,4.993570e+00,6.542280e+00,1.381370e+00,6.678930e-02,8.479940e-01,2.129470e-01,1.348910e-01
1.420000e-01,4.873377e+01,6.001641e+01,6.256070e-01,5.882260e+00,4.893260e+00,6.511900e+00,1.320950e+00,6.083790e-02,1.038140e+00,1.970540e-01,1.243080e-01
1.430000e-01,4.834705e+01,5.948398e+01,6.271570e-01,5.802380e+00,4.793520e+00,6.480030e+00,1.262780e+00,5.538720e-02,1.266210e+00,1.821000e-01,1.144980e-01
1.440000e-01,4.796120e+01,5.895356e+01,6.286860e-01,5.722470e+00,4.694740e+00,6.447090e+00,1.206940e+00,5.040760e-02,1.529920e+00,1.680610e-01,1.054280e-01
1.450000e-01,4.757623e+01,5.842652e+01,6.301940e-01,5.642390e+00,4.596910e+00,6.413020e+00,1.153340e+00,4.585910e-02,1.829280e+00,1.548730e-01,9.704220e-02
1.460000e-01,4.719544e+01,5.790686e+01,6.316800e-01,5.561510e+00,4.499440e+00,6.376980e+00,1.101740e+00,4.170030e-02,2.163180e+00,1.424600e-01,8.928030e-02
1.470000e-01,4.681446e+01,5.738918e+01,6.331460e-01,5.480970e+00,4.403250e+00,6.340280e+00,1.052310e+00,3.790730e-02,2.523990e+00,1.308140e-01,8.211620e-02
1.480000e-01,4.643656e+01,5.687482e+01,6.345910e-01,5.399090e+00,4.307050e+00,6.300960e+00,1.004650e+00,3.443950e-02,2.910720e+00,1.198520e-01,7.548400e-02
1.490000e-01,4.605852e+01,5.636377e+01,6.360160e-01,5.317750e+00,4.212330e+00,6.261190e+00,9.590300e-01,3.128030e-02,3.315580e+00,1.095850e-01,6.936920e-02
1.500000e-01,4.568462e+01,5.585859e+01,6.374200e-01,5.238190e+00,4.120010e+00,6.222370e+00,9.156010e-01,2.841050e-02,3.729820e+00,1.000110e-01,6.374940e-02
1.510000e-01,4.531166e+01,5.535668e+01,6.388040e-01,5.158040e+00,4.028220e+00,6.181780e+00,8.738470e-01,2.579140e-02,4.149680e+00,9.103940e-02,5.855680e-02
1.520000e-01,4.493968e+01,5.485800e+01,6.401680e-01,5.076160e+00,3.936110e+00,6.137930e+00,8.335350e-01,2.339810e-02,4.562990e+00,8.264260e-02,5.375110e-02
1.530000e-01,4.457076e+01,5.436257e+01,6.415140e-01,4.995000e+00,3.845520e+00,6.093830e+00,7.949780e-01,2.121980e-02,4.966290e+00,7.482810e-02,4.932430e-02
1.540000e-01,4.420282e+01,5.387162e+01,6.428380e-01,4.914370e+00,3.756400e+00,6.049100e+00,7.581420e-01,1.924180e-02,5.349530e+00,6.759100e-02,4.525560e-02
1.550000e-01,4.383692e+01,5.338509e+01,6.441430e-01,4.836980e+00,3.670690e+00,6.007260e+00,7.232920e-01,1.745170e-02,5.712750e+00,6.092200e-02,4.153140e-02
1.560000e-01,4.347304e+01,5.290053e+01,6.454280e-01,4.756510e+00,3.583620e+00,5.960330e+00,6.894540e-01,1.581300e-02,6.039480e+00,5.473340e-02,3.807730e-02
1.570000e-01,4.311119e+01,5.242036e+01,6.466940e-01,4.676560e+00,3.497920e+00,5.912760e+00,6.571120e-01,1.432510e-02,6.331450e+00,4.904680e-02,3.490250e-02
1.580000e-01,4.275038e+01,5.194455e+01,6.479400e-01,4.596850e+00,3.413380e+00,5.864320e+00,6.261400e-01,1.297210e-02,6.584080e+00,4.383230e-02,3.198000e-02
1.590000e-01,4.239162e+01,5.147069e+01,6.491680e-01,4.519890e+00,3.331810e+00,5.818150e+00,5.968290e-01,1.174920e-02,6.798770e+00,3.909120e-02,2.930810e-02
1.600000e-01,4.203587e+01,5.100115e+01,6.503760e-01,4.441740e+00,3.250280e+00,5.769140e+00,5.685800e-01,1.063470e-02,6.967790e+00,3.476450e-02,2.684190e-02
1.610000e-01,4.168022e+01,5.053590e+01,6.515650e-01,4.362480e+00,3.168920e+00,5.717410e+00,5.414010e-01,9.620490e-03,7.090240e+00,3.083570e-02,2.456910e-02
1.620000e-01,4.132663e+01,5.007258e+01,6.527350e-01,4.285390e+00,3.090040e+00,5.667160e+00,5.156200e-01,8.703540e-03,7.172270e+00,2.729900e-02,2.249010e-02
1.630000e-01,4.097698e+01,4.961352e+01,6.538850e-01,4.209640e+00,3.013040e+00,5.617390e+00,4.910870e-01,7.873570e-03,7.213620e+00,2.412360e-02,2.058580e-02
1.640000e-01,4.062749e+01,4.915866e+01,6.550170e-01,4.133760e+00,2.936820e+00,5.566140e+00,4.675580e-01,7.119370e-03,7.213810e+00,2.127270e-02,1.883370e-02
1.650000e-01,4.028005e+01,4.870685e+01,6.561290e-01,4.056890e+00,2.860840e+00,5.512180e+00,4.449350e-01,6.433930e-03,7.173500e+00,1.872270e-02,1.722100e-02
1.660000e-01,3.993558e+01,4.825808e+01,6.572240e-01,3.982980e+00,2.787790e+00,5.461000e+00,4.235620e-01,5.815580e-03,7.102700e+00,1.646120e-02,1.574960e-02
1.670000e-01,3.959223e+01,4.781344e+01,6.582990e-01,3.908180e+00,2.715010e+00,5.407160e+00,4.030230e-01,5.254110e-03,6.997580e+00,1.445290e-02,1.439660e-02
1.680000e-01,3.925003e+01,4.737072e+01,6.593570e-01,3.835650e+00,2.644620e+00,5.355150e+00,3.835570e-01,4.747000e-03,6.867130e+00,1.268050e-02,1.316020e-02
1.690000e-01,3.891168e+01,4.693426e+01,6.603950e-01,3.762090e+00,2.574430e+00,5.300310e+00,3.648380e-01,4.286470e-03,6.708990e+00,1.111540e-02,1.202320e-02
1.700000e-01,3.857358e+01,4.649754e+01,6.614170e-01,3.689700e+00,2.505810e+00,5.245780e+00,3.470060e-01,3.869750e-03,6.530380e+00,9.739550e-03,1.098180e-02
1.710000e-01,3.823754e+01,4.606595e+01,6.624200e-01,3.618360e+00,2.438750e+00,5.191390e+00,3.300300e-01,3.493080e-03,6.334510e+00,8.534290e-03,1.002930e-02
1.720000e-01,3.790443e+01,4.563731e+01,6.634020e-01,3.548220e+00,2.373340e+00,5.137290e+00,3.138960e-01,3.153160e-03,6.125250e+00,7.481430e-03,9.159360e-03
1.730000e-01,3.757336e+01,4.521265e+01,6.643700e-01,3.477450e+00,2.308270e+00,5.080920e+00,2.983770e-01,2.844230e-03,5.901930e+00,6.558130e-03,8.358760e-03
1.740000e-01,3.724346e+01,4.479092e+01,6.653200e-01,3.409320e+00,2.245750e+00,5.027040e+00,2.837420e-01,2.566420e-03,5.673220e+00,5.756360e-03,7.630560e-03
1.750000e-01,3.691561e+01,4.437210e+01,6.662520e-01,3.340290e+00,2.183400e+00,4.970460e+00,2.696560e-01,2.314130e-03,5.435740e+00,5.055420e-03,6.960810e-03
1.760000e-01,3.659064e+01,4.395619e+01,6.671670e-01,3.272440e+00,2.122600e+00,4.914220e+00,2.562660e-01,2.086500e-03,5.195410e+00,4.446250e-03,6.349330e-03
1.770000e-01,3.626770e+01,4.354417e+01,6.680660e-01,3.205600e+00,2.063200e+00,4.858130e+00,2.435190e-01,1.880870e-03,4.954010e+00,3.916100e-03,5.790300e-03
1.780000e-01,3.594595e+01,4.313502e+01,6.689470e-01,3.140160e+00,2.005430e+00,4.802770e+00,2.314190e-01,1.695500e-03,4.714120e+00,3.455450e-03,5.280360e-03
1.790000e-01,3.562542e+01,4.272873e+01,6.698130e-01,3.075200e+00,1.948690e+00,4.746750e+00,2.198710e-01,1.527970e-03,4.476030e+00,3.054140e-03,4.813910e-03
1.800000e-01,3.530693e+01,4.232530e+01,6.706620e-01,3.010570e+00,1.892870e+00,4.689850e+00,2.088330e-01,1.376430e-03,4.240810e+00,2.703940e-03,4.386810e-03
1.810000e-01,3.499129e+01,4.192567e+01,6.714940e-01,2.947650e+00,1.838820e+00,4.634260e+00,1.983830e-01,1.240040e-03,4.011710e+00,2.399280e-03,3.997910e-03
1.820000e-01,3.467768e+01,4.152982e+01,6.723120e-01,2.885350e+00,1.785850e+00,4.578240e+00,1.884200e-01,1.116900e-03,3.788090e+00,2.133310e-03,3.642550e-03
1.830000e-01,3.436608e+01,4.113675e+01,6.731140e-01,2.824020e+00,1.734150e+00,4.522390e+00,1.789410e-01,1.005810e-03,3.571190e+00,1.900820e-03,3.318160e-03
1.840000e-01,3.405493e+01,4.074459e+01,6.739010e-01,2.762380e+00,1.682910e+00,4.464700e+00,1.698460e-01,9.052070e-04,3.360150e+00,1.696320e-03,3.020700e-03
1.850000e-01,3.374738e+01,4.035803e+01,6.746720e-01,2.702890e+00,1.633620e+00,4.409080e+00,1.612680e-01,8.148730e-04,3.158480e+00,1.517500e-03,2.750570e-03
1.860000e-01,3.344106e+01,3.997330e+01,6.754280e-01,2.643520e+00,1.585070e+00,4.352250e+00,1.530660e-01,7.332860e-04,2.964260e+00,1.359930e-03,2.503610e-03
1.870000e-01,3.313676e+01,3.959223e+01,6.761710e-01,2.586350e+00,1.538440e+00,4.297740e+00,1.453340e-01,6.600260e-04,2.779750e+00,1.221480e-03,2.279340e-03
1.880000e-01,3.283371e+01,3.921299e+01,6.768980e-01,2.528260e+00,1.491870e+00,4.240300e+00,1.378820e-01,5.935890e-04,2.601980e+00,1.098220e-03,2.073400e-03
1.890000e-01,3.253344e+01,3.883739e+01,6.776110e-01,2.471990e+00,1.446980e+00,4.184570e+00,1.308430e-01,5.339150e-04,2.433690e+00,9.893570e-04,1.886290e-03
1.900000e-01,3.223443e+01,3.846449e+01,6.783110e-01,2.416790e+00,1.403300e+00,4.129300e+00,1.241620e-01,4.802250e-04,2.274110e+00,8.928320e-04,1.715970e-03
1.910000e-01,3.193817e+01,3.809518e+01,6.789980e-01,2.361990e+00,1.360430e+00,4.073340e+00,1.177860e-01,4.317840e-04,2.122490e+00,8.067220e-04,1.560440e-03
1.920000e-01,3.164317e+01,3.772767e+01,6.796700e-01,2.308510e+00,1.318880e+00,4.018360e+00,1.117440e-01,3.882160e-04,1.979460e+00,7.299540e-04,1.418930e-03
1.930000e-01,3.135018e+01,3.736371e+01,6.803300e-01,2.256320e+00,1.278610e+00,3.964290e+00,1.060200e-01,3.490540e-04,1.844790e+00,6.614200e-04,1.290260e-03
1.940000e-01,3.105990e+01,3.700326e+01,6.809760e-01,2.204880e+00,1.239300e+00,3.910200e+00,1.005770e-01,3.138010e-04,1.717940e+00,5.999230e-04,1.173080e-03
1.950000e-01,3.077018e+01,3.664460e+01,6.816090e-01,2.153900e+00,1.200770e+00,3.855660e+00,9.538290e-02,2.819880e-04,1.598290e+00,5.444740e-04,1.066080e-03
1.960000e-01,3.048316e+01,3.628942e+01,6.822300e-01,2.103630e+00,1.163150e+00,3.801060e+00,9.044100e-02,2.533440e-04,1.485760e+00,4.945520e-04,9.686000e-04
1.970000e-01,3.019813e+01,3.593685e+01,6.828380e-01,2.054370e+00,1.126590e+00,3.746970e+00,8.575230e-02,2.275940e-04,1.380280e+00,4.495950e-04,8.799420e-04
1.980000e-01,2.991438e+01,3.558689e+01,6.834350e-01,2.006200e+00,1.091120e+00,3.693600e+00,8.130760e-02,2.044530e-04,1.281620e+00,4.090290e-04,7.993500e-04
1.990000e-01,2.963330e+01,3.523952e+01,6.840200e-01,1.958590e+00,1.056440e+00,3.639950e+00,7.707550e-02,1.836190e-04,1.189160e+00,3.722920e-04,7.259400e-04
2.000000e-01,2.935351e+01,3.489555e+01,6.845930e-01,1.911560e+00,1.022540e+00,3.586110e+00,7.304580e-02,1.648600e-04,1.102570e+00,3.389700e-04,6.590620e-04
2.010000e-01,2.907569e+01,3.455413e+01,6.851540e-01,1.865990e+00,9.898820e-01,3.533740e+00,6.924120e-02,1.480390e-04,1.022020e+00,3.088510e-04,5.984140e-04
2.020000e-01,2.880050e+01,3.421527e+01,6.857040e-01,1.821500e+00,9.582360e-01,3.482140e+00,6.563790e-02,1.329390e-04,9.470230e-01,2.815540e-04,5.433470e-04
2.030000e-01,2.852660e+01,3.387895e+01,6.862420e-01,1.777330e+00,9.271970e-01,3.429920e+00,6.219950e-02,1.193290e-04,8.768770e-01,2.566720e-04,4.931350e-04
2.040000e-01,2.825400e+01,3.354517e+01,6.867710e-01,1.734370e+00,8.972090e-01,3.378850e+00,5.894730e-02,1.071160e-04,8.116900e-01,2.340870e-04,4.475650e-04
2.050000e-01,2.798401e+01,3.321467e+01,6.872890e-01,1.692280e+00,8.680850e-01,3.328240e+00,5.586250e-02,9.614760e-05,7.510600e-01,2.135480e-04,4.061690e-04
2.060000e-01,2.771660e+01,3.288668e+01,6.877950e-01,1.650550e+00,8.395540e-01,3.277110e+00,5.292100e-02,8.627070e-05,6.945140e-01,1.947940e-04,3.684550e-04
2.070000e-01,2.744985e+01,3.256117e+01,6.882910e-01,1.609760e+00,8.118970e-01,3.226640e+00,5.013360e-02,7.740230e-05,6.420340e-01,1.777170e-04,3.342160e-04
2.080000e-01,2.718567e+01,3.223888e+01,6.887770e-01,1.569940e+00,7.851110e-01,3.176910e+00,4.749400e-02,6.944530e-05,5.933720e-01,1.621700e-04,3.031480e-04
2.090000e-01,2.692279e+01,3.191905e+01,6.892530e-01,1.530990e+00,7.591310e-01,3.127740e+00,4.499200e-02,6.230340e-05,5.482370e-01,1.480030e-04,2.749450e-04
2.100000e-01,2.666245e+01,3.160094e+01,6.897180e-01,1.492760e+00,7.338790e-01,3.078900e+00,4.261740e-02,5.588970e-05,5.063510e-01,1.350790e-04,2.493260e-04
2.110000e-01,2.640341e+01,3.128600e+01,6.901750e-01,1.455220e+00,7.093220e-01,3.030350e+00,4.036280e-02,5.012700e-05,4.674840e-01,1.232790e-04,2.260450e-04
2.120000e-01,2.614629e+01,3.097348e+01,6.906230e-01,1.418560e+00,6.855310e-01,2.982440e+00,3.822670e-02,4.495550e-05,4.314970e-01,1.125150e-04,2.049200e-04
2.130000e-01,2.589167e+01,3.066408e+01,6.910610e-01,1.382690e+00,6.624660e-01,2.935080e+00,3.620260e-02,4.031600e-05,3.981920e-01,1.026960e-04,1.857550e-04
2.140000e-01,2.563894e+01,3.035708e+01,6.914890e-01,1.347520e+00,6.400660e-01,2.888090e+00,3.428260e-02,3.615190e-05,3.673540e-01,9.373210e-05,1.683600e-04
2.150000e-01,2.538750e+01,3.005177e+01,6.919090e-01,1.313140e+00,6.183600e-01,2.841700e+00,3.246340e-02,3.241570e-05,3.388270e-01,8.555020e-05,1.525780e-04
2.160000e-01,2.513796e+01,2.974952e+01,6.923200e-01,1.279450e+00,5.972880e-01,2.795680e+00,3.073760e-02,2.906170e-05,3.124320e-01,7.807650e-05,1.382530e-04
2.170000e-01,2.489029e+01,2.945032e+01,6.927220e-01,1.246410e+00,5.768200e-01,2.749980e+00,2.909980e-02,2.605070e-05,2.880130e-01,7.124820e-05,1.252520e-04
2.180000e-01,2.464507e+01,2.915345e+01,6.931160e-01,1.214180e+00,5.570210e-01,2.705020e+00,2.754940e-02,2.335090e-05,2.654610e-01,6.501730e-05,1.134650e-04
2.190000e-01,2.440113e+01,2.885825e+01,6.935010e-01,1.182750e+00,5.378720e-01,2.660760e+00,2.608210e-02,2.093060e-05,2.446410e-01,5.933200e-05,1.027830e-04
2.200000e-01,2.415961e+01,2.856670e+01,6.938780e-01,1.151790e+00,5.192220e-01,2.616520e+00,2.468790e-02,1.875810e-05,2.253770e-01,5.413390e-05,9.308420e-05
2.210000e-01,2.391938e+01,2.827743e+01,6.942470e-01,1.121360e+00,5.010830e-01,2.572460e+00,2.336390e-02,1.680770e-05,2.075580e-01,4.938080e-05,8.427900e-05
2.220000e-01,2.368100e+01,2.798981e+01,6.946100e-01,1.092030e+00,4.836910e-01,2.529920e+00,2.211710e-02,1.506290e-05,1.911710e-01,4.505470e-05,7.631940e-05
2.230000e-01,2.344445e+01,2.770448e+01,6.949640e-01,1.063160e+00,4.667620e-01,2.487410e+00,2.093250e-02,1.349660e-05,1.760240e-01,4.109940e-05,6.909560e-05
2.240000e-01,2.321026e+01,2.742206e+01,6.953110e-01,1.034960e+00,4.503770e-01,2.445470e+00,1.981090e-02,1.209310e-05,1.620560e-01,3.748990e-05,6.255160e-05
2.250000e-01,2.297788e+01,2.714251e+01,6.956500e-01,1.007760e+00,4.346660e-01,2.404920e+00,1.875530e-02,1.083880e-05,1.492250e-01,3.420710e-05,5.664180e-05
2.260000e-01,2.274678e+01,2.686520e+01,6.959810e-01,9.808860e-01,4.193280e-01,2.364160e+00,1.775000e-02,9.711100e-06,1.373500e-01,3.120030e-05,5.127010e-05
2.270000e-01,2.251801e+01,2.659010e+01,6.963050e-01,9.544310e-01,4.043950e-01,2.323470e+00,1.679390e-02,8.697900e-06,1.263700e-01,2.844820e-05,4.639110e-05
2.280000e-01,2.229102e+01,2.631722e+01,6.966220e-01,9.288270e-01,3.900410e-01,2.283910e+00,1.589270e-02,7.791880e-06,1.162780e-01,2.594290e-05,4.198200e-05
2.290000e-01,2.206531e+01,2.604714e+01,6.969320e-01,9.039840e-01,3.762230e-01,2.245280e+00,1.504260e-02,6.981780e-06,1.070010e-01,2.366210e-05,3.799760e-05
2.300000e-01,2.184188e+01,2.577864e+01,6.972350e-01,8.795710e-01,3.627910e-01,2.206790e+00,1.423510e-02,6.254610e-06,9.843660e-02,2.157670e-05,3.438280e-05
2.310000e-01,2.162021e+01,2.551291e+01,6.975320e-01,8.555910e-01,3.497380e-01,2.168490e+00,1.346800e-02,5.601760e-06,9.052820e-02,1.966950e-05,3.110270e-05
2.320000e-01,2.140031e+01,2.524934e+01,6.978220e-01,8.322600e-01,3.371460e-01,2.130940e+00,1.274320e-02,5.017380e-06,8.325160e-02,1.793100e-05,2.813520e-05
2.330000e-01,2.118215e+01,2.498906e+01,6.981060e-01,8.096350e-01,3.250310e-01,2.094340e+00,1.205970e-02,4.494910e-06,7.656690e-02,1.634840e-05,2.545410e-05
2.340000e-01,2.096621e+01,2.473034e+01,6.983840e-01,7.874800e-01,3.132870e-01,2.058120e+00,1.141180e-02,4.026510e-06,7.040470e-02,1.490320e-05,2.302470e-05
2.350000e-01,2.075152e+01,2.447428e+01,6.986560e-01,7.657190e-01,3.018760e-01,2.022080e+00,1.079630e-02,3.605960e-06,6.471690e-02,1.358160e-05,2.082050e-05
2.360000e-01,2.053903e+01,2.421977e+01,6.989210e-01,7.444890e-01,2.908470e-01,1.986540e+00,1.021370e-02,3.229030e-06,5.948200e-02,1.237600e-05,1.882540e-05
2.370000e-01,2.032825e+01,2.396790e+01,6.991790e-01,7.238490e-01,2.802160e-01,1.951690e+00,9.663170e-03,2.891740e-06,5.467160e-02,1.127800e-05,1.702220e-05
2.380000e-01,2.011870e+01,2.371811e+01,6.994310e-01,7.037930e-01,2.699740e-01,1.917600e+00,9.143340e-03,2.590140e-06,5.025200e-02,1.027810e-05,1.539300e-05
2.390000e-01,1.991132e+01,2.347037e+01,6.996780e-01,6.843150e-01,2.601100e-01,1.884330e+00,8.652660e-03,2.320310e-06,4.618940e-02,9.367170e-06,1.392000e-05
2.400000e-01,1.970562e+01,2.322523e+01,6.999210e-01,6.653440e-01,2.505890e-01,1.851720e+00,8.188840e-03,2.078650e-06,4.245140e-02,8.536320e-06,1.258670e-05
2.410000e-01,1.950204e+01,2.298212e+01,7.001580e-01,6.467580e-01,2.413590e-01,1.819390e+00,7.748880e-03,1.861900e-06,3.900700e-02,7.777570e-06,1.137880e-05
2.420000e-01,1.929968e+01,2.274155e+01,7.003900e-01,6.285590e-01,2.324160e-01,1.787340e+00,7.331530e-03,1.667510e-06,3.583470e-02,7.084920e-06,1.028480e-05
2.430000e-01,1.909941e+01,2.250298e+01,7.006160e-01,6.108280e-01,2.237850e-01,1.755780e+00,6.936640e-03,1.493370e-06,3.291850e-02,6.453660e-06,9.295570e-06
2.440000e-01,1.890079e+01,2.226640e+01,7.008350e-01,5.935760e-01,2.154630e-01,1.724790e+00,6.563270e-03,1.337510e-06,3.023950e-02,5.878750e-06,8.401640e-06
2.450000e-01,1.870381e+01,2.203231e+01,7.010500e-01,5.767750e-01,2.074350e-01,1.694320e+00,6.210090e-03,1.198010e-06,2.777740e-02,5.354970e-06,7.593620e-06
2.460000e-01,1.850845e+01,2.179967e+01,7.012600e-01,5.604030e-01,1.996840e-01,1.664340e+00,5.875800e-03,1.072980e-06,2.551240e-02,4.877250e-06,6.862360e-06
2.470000e-01,1.831471e+01,2.156999e+01,7.014660e-01,5.444490e-01,1.922020e-01,1.634820e+00,5.559330e-03,9.609480e-07,2.342930e-02,4.441650e-06,6.200770e-06
2.480000e-01,1.812300e+01,2.134224e+01,7.016670e-01,5.289080e-01,1.849840e-01,1.605720e+00,5.259700e-03,8.605850e-07,2.151490e-02,4.044750e-06,5.602680e-06
2.490000e-01,1.793247e+01,2.111641e+01,7.018630e-01,5.137840e-01,1.780240e-01,1.577020e+00,4.976050e-03,7.706950e-07,1.975650e-02,3.683310e-06,5.062280e-06
2.500000e-01,1.774394e+01,2.089248e+01,7.020540e-01,4.990860e-01,1.713220e-01,1.548760e+00,4.707600e-03,6.901890e-07,1.814200e-02,3.354230e-06,4.574100e-06
2.510000e-01,1.755699e+01,2.067093e+01,7.022400e-01,4.848050e-01,1.648690e-01,1.520900e+00,4.453450e-03,6.180480e-07,1.665940e-02,3.054560e-06,4.132970e-06
2.520000e-01,1.737201e+01,2.045126e+01,7.024210e-01,4.708960e-01,1.586440e-01,1.493280e+00,4.212420e-03,5.533970e-07,1.529720e-02,2.781580e-06,3.734300e-06
2.530000e-01,1.718858e+01,2.023392e+01,7.025980e-01,4.573120e-01,1.526260e-01,1.465720e+00,3.983330e-03,4.953750e-07,1.404420e-02,2.532610e-06,3.373590e-06
2.540000e-01,1.700670e+01,2.001797e+01,7.027710e-01,4.440440e-01,1.468090e-01,1.438170e+00,3.765380e-03,4.432620e-07,1.289130e-02,2.305460e-06,3.047070e-06
2.550000e-01,1.682635e+01,1.980478e+01,7.029410e-01,4.311420e-01,1.412040e-01,1.410750e+00,3.558410e-03,3.965270e-07,1.183230e-02,2.098600e-06,2.752040e-06
2.560000e-01,1.664792e+01,1.959341e+01,7.031070e-01,4.186500e-01,1.358220e-01,1.383560e+00,3.362200e-03,3.546550e-07,1.086140e-02,1.910490e-06,2.485830e-06
2.570000e-01,1.647138e+01,1.938429e+01,7.032690e-01,4.065230e-01,1.306460e-01,1.356400e+00,3.175810e-03,3.171180e-07,9.970760e-03,1.739360e-06,2.245530e-06
2.580000e-01,1.629596e+01,1.917697e+01,7.034270e-01,3.946770e-01,1.256430e-01,1.328950e+00,2.997980e-03,2.833920e-07,9.151600e-03,1.583310e-06,2.028140e-06
2.590000e-01,1.612241e+01,1.897143e+01,7.035810e-01,3.830960e-01,1.208030e-01,1.301160e+00,2.828200e-03,2.530770e-07,8.397950e-03,1.440960e-06,1.831410e-06
2.600000e-01,1.595034e+01,1.876809e+01,7.037310e-01,3.718180e-01,1.161370e-01,1.273190e+00,2.666490e-03,2.258660e-07,7.705670e-03,1.311280e-06,1.653590e-06
2.610000e-01,1.577975e+01,1.856650e+01,7.038770e-01,3.608610e-01,1.116460e-01,1.245070e+00,2.512600e-03,2.014670e-07,7.070490e-03,1.193280e-06,1.493050e-06
2.620000e-01,1.561097e+01,1.836665e+01,7.040190e-01,3.502260e-01,1.073270e-01,1.216710e+00,2.366020e-03,1.796020e-07,6.487980e-03,1.085980e-06,1.348210e-06
2.630000e-01,1.544365e+01,1.816896e+01,7.041590e-01,3.399140e-01,1.031760e-01,1.188030e+00,2.226230e-03,1.599910e-07,5.953690e-03,9.883750e-07,1.217490e-06
2.640000e-01,1.527777e+01,1.797339e+01,7.042980e-01,3.299120e-01,9.918640e-02,1.158930e+00,2.092740e-03,1.423790e-07,5.463310e-03,8.995190e-07,1.099410e-06
2.650000e-01,1.511367e+01,1.777911e+01,7.044340e-01,3.201740e-01,9.534020e-02,1.129300e+00,1.965140e-03,1.265690e-07,5.012860e-03,8.185790e-07,9.926860e-07
2.660000e-01,1.495134e+01,1.758733e+01,7.045680e-01,3.106580e-01,9.162280e-02,1.099080e+00,1.843120e-03,1.123810e-07,4.598670e-03,7.447820e-07,8.961540e-07
2.670000e-01,1.479040e+01,1.739723e+01,7.046980e-01,3.013870e-01,8.803810e-02,1.068390e+00,1.726650e-03,9.966940e-08,4.218260e-03,6.775710e-07,8.089330e-07
2.680000e-01,1.463120e+01,1.720878e+01,7.048270e-01,2.924030e-01,8.459510e-02,1.037400e+00,1.615800e-03,8.830040e-08,3.869520e-03,6.164590e-07,7.302390e-07
2.690000e-01,1.447338e+01,1.702237e+01,7.049530e-01,2.837020e-01,8.129060e-02,1.006140e+00,1.510390e-03,7.814430e-08,3.549980e-03,5.609200e-07,6.592760e-07
2.700000e-01,1.431726e+01,1.683798e+01,7.050780e-01,2.752580e-01,7.811350e-02,9.745490e-01,1.410060e-03,6.907350e-08,3.256930e-03,5.104080e-07,5.952430e-07
2.710000e-01,1.416250e+01,1.665521e+01,7.052020e-01,2.670450e-01,7.505380e-02,9.425820e-01,1.314530e-03,6.096700e-08,2.987810e-03,4.644030e-07,5.373760e-07
2.720000e-01,1.400909e+01,1.647404e+01,7.053240e-01,2.590550e-01,7.210630e-02,9.103180e-01,1.223680e-03,5.373320e-08,2.740710e-03,4.225090e-07,4.850960e-07
2.730000e-01,1.385734e+01,1.629484e+01,7.054440e-01,2.512800e-01,6.926720e-02,8.778620e-01,1.137460e-03,4.728860e-08,2.513850e-03,3.843670e-07,4.378690e-07
2.740000e-01,1.370724e+01,1.611722e+01,7.055610e-01,2.437170e-01,6.653330e-02,8.453120e-01,1.055810e-03,4.155540e-08,2.305610e-03,3.496410e-07,3.952060e-07
2.750000e-01,1.355845e+01,1.594153e+01,7.056770e-01,2.363660e-01,6.390210e-02,8.127510e-01,9.785870e-04,3.646720e-08,2.114580e-03,3.180520e-07,3.567030e-07
2.760000e-01,1.341127e+01,1.576776e+01,7.057920e-01,2.292260e-01,6.137160e-02,7.802570e-01,9.056660e-04,3.195900e-08,1.939390e-03,2.893250e-07,3.219680e-07
2.770000e-01,1.326569e+01,1.559553e+01,7.059080e-01,2.222990e-01,5.893950e-02,7.479120e-01,8.369120e-04,2.796630e-08,1.778680e-03,2.631870e-07,2.906080e-07
2.780000e-01,1.312139e+01,1.542482e+01,7.060240e-01,2.155790e-01,5.660220e-02,7.158020e-01,7.722040e-04,2.443310e-08,1.631210e-03,2.393960e-07,2.622840e-07
2.790000e-01,1.297866e+01,1.525598e+01,7.061400e-01,2.090530e-01,5.435460e-02,6.840260e-01,7.114320e-04,2.131460e-08,1.495930e-03,2.177510e-07,2.367150e-07
2.800000e-01,1.283719e+01,1.508864e+01,7.062540e-01,2.027090e-01,5.219170e-02,6.526800e-01,6.544860e-04,1.856640e-08,1.371810e-03,1.980540e-07,2.136280e-07
2.810000e-01,1.269726e+01,1.492313e+01,7.063670e-01,1.965400e-01,5.010990e-02,6.218610e-01,6.012470e-04,1.614890e-08,1.257910e-03,1.801270e-07,1.927810e-07
2.820000e-01,1.255885e+01,1.475944e+01,7.064790e-01,1.905490e-01,4.810810e-02,5.916610e-01,5.515820e-04,1.402890e-08,1.153480e-03,1.638280e-07,1.739750e-07
2.830000e-01,1.242196e+01,1.459721e+01,7.065910e-01,1.847400e-01,4.618570e-02,5.621730e-01,5.053600e-04,1.217370e-08,1.057770e-03,1.490140e-07,1.570190e-07
2.840000e-01,1.228627e+01,1.443677e+01,7.067030e-01,1.791160e-01,4.434140e-02,5.334870e-01,4.624430e-04,1.055090e-08,9.700420e-04,1.355450e-07,1.417210e-07
2.850000e-01,1.215234e+01,1.427809e+01,7.068160e-01,1.736670e-01,4.257140e-02,5.056450e-01,4.226670e-04,9.132740e-09,8.896050e-04,1.232940e-07,1.279120e-07
2.860000e-01,1.201960e+01,1.412082e+01,7.069280e-01,1.683740e-01,4.086900e-02,4.786530e-01,3.858400e-04,7.895390e-09,8.158070e-04,1.121460e-07,1.154440e-07
2.870000e-01,1.188803e+01,1.396529e+01,7.070380e-01,1.632200e-01,3.922910e-02,4.525260e-01,3.517830e-04,6.816670e-09,7.480480e-04,1.019950e-07,1.041800e-07
2.880000e-01,1.175791e+01,1.381116e+01,7.071470e-01,1.582070e-01,3.765060e-02,4.273060e-01,3.203540e-04,5.879040e-09,6.858760e-04,9.275810e-08,9.401090e-08
2.890000e-01,1.162894e+01,1.365872e+01,7.072550e-01,1.533400e-01,3.613310e-02,4.030410e-01,2.914150e-04,5.065750e-09,6.288640e-04,8.435790e-08,8.483670e-08
2.900000e-01,1.150138e+01,1.350766e+01,7.073620e-01,1.486220e-01,3.467620e-02,3.797770e-01,2.648300e-04,4.360220e-09,5.765860e-04,7.671730e-08,7.655590e-08
2.910000e-01,1.137496e+01,1.335826e+01,7.074680e-01,1.440510e-01,3.327820e-02,3.575310e-01,2.404550e-04,3.748870e-09,5.286600e-04,6.976870e-08,6.908210e-08
2.920000e-01,1.125019e+01,1.321052e+01,7.075730e-01,1.396200e-01,3.193610e-02,3.362900e-01,2.181430e-04,3.221060e-09,4.847430e-04,6.345370e-08,6.234300e-08
2.930000e-01,1.112654e+01,1.306412e+01,7.076780e-01,1.353200e-01,3.064690e-02,3.160390e-01,1.977440e-04,2.766250e-09,4.444930e-04,5.771420e-08,5.626650e-08
2.940000e-01,1.100424e+01,1.291933e+01,7.077820e-01,1.311440e-01,2.940770e-02,2.967660e-01,1.791120e-04,2.373930e-09,4.075720e-04,5.249220e-08,5.078110e-08
2.950000e-01,1.088328e+01,1.277615e+01,7.078860e-01,1.270880e-01,2.821620e-02,2.784560e-01,1.621090e-04,2.035130e-09,3.736820e-04,4.773750e-08,4.582450e-08
2.960000e-01,1.076366e+01,1.263427e+01,7.079880e-01,1.231540e-01,2.707200e-02,2.610990e-01,1.466250e-04,1.743580e-09,3.426050e-04,4.341300e-08,4.135140e-08
2.970000e-01,1.064511e+01,1.249424e+01,7.080910e-01,1.193450e-01,2.597460e-02,2.446810e-01,1.325480e-04,1.493250e-09,3.141300e-04,3.948290e-08,3.731790e-08
2.980000e-01,1.052786e+01,1.235549e+01,7.081930e-01,1.156620e-01,2.492330e-02,2.291880e-01,1.197680e-04,1.278260e-09,2.880470e-04,3.591160e-08,3.368060e-08
2.990000e-01,1.041166e+01,1.221800e+01,7.082950e-01,1.120940e-01,2.391470e-02,2.145710e-01,1.081700e-04,1.093700e-09,2.641430e-04,3.266510e-08,3.039950e-08
3.000000e-01,1.029675e+01,1.208231e+01,7.083950e-01,1.086260e-01,2.294450e-02,2.007680e-01,9.763950e-05,9.352350e-10,2.422060e-04,2.971010e-08,2.743620e-08
3.010000e-01,1.018310e+01,1.194786e+01,7.084930e-01,1.052490e-01,2.201020e-02,1.877340e-01,8.807990e-05,7.992110e-10,2.220630e-04,2.701920e-08,2.475890e-08
3.020000e-01,1.007071e+01,1.181490e+01,7.085890e-01,1.019670e-01,2.111160e-02,1.754520e-01,7.941680e-05,6.827570e-10,2.035840e-04,2.457100e-08,2.234220e-08
3.030000e-01,9.959327e+00,1.168315e+01,7.086830e-01,9.878280e-02,2.024860e-02,1.639030e-01,7.157640e-05,5.830480e-10,1.866410e-04,2.234440e-08,2.016120e-08
3.040000e-01,9.849178e+00,1.155314e+01,7.087770e-01,9.569770e-02,1.942080e-02,1.530630e-01,6.448890e-05,4.976450e-10,1.711120e-04,2.031990e-08,1.819340e-08
3.050000e-01,9.740203e+00,1.142431e+01,7.088690e-01,9.271030e-02,1.862700e-02,1.428990e-01,5.809000e-05,4.247220e-10,1.568850e-04,1.848030e-08,1.641910e-08
3.060000e-01,9.632389e+00,1.129692e+01,7.089600e-01,8.981850e-02,1.786600e-02,1.333770e-01,5.231600e-05,3.625100e-10,1.438520e-04,1.680870e-08,1.481940e-08
3.070000e-01,9.525724e+00,1.117095e+01,7.090500e-01,8.702010e-02,1.713660e-02,1.244610e-01,4.710440e-05,3.092980e-10,1.319040e-04,1.528850e-08,1.337560e-08
3.080000e-01,9.420197e+00,1.104613e+01,7.091400e-01,8.430870e-02,1.643680e-02,1.161140e-01,4.240220e-05,2.638150e-10,1.209500e-04,1.390590e-08,1.207240e-08
3.090000e-01,9.315775e+00,1.092295e+01,7.092290e-01,8.167630e-02,1.576440e-02,1.082980e-01,3.816090e-05,2.249880e-10,1.109030e-04,1.264810e-08,1.089620e-08
3.100000e-01,9.212468e+00,1.080090e+01,7.093160e-01,7.911680e-02,1.511770e-02,1.009790e-01,3.433420e-05,1.918150e-10,1.016830e-04,1.150340e-08,9.833960e-09
3.110000e-01,9.110244e+00,1.068022e+01,7.094020e-01,7.663100e-02,1.449630e-02,9.412810e-02,3.088440e-05,1.635210e-10,9.322680e-05,1.046200e-08,8.875180e-09
3.120000e-01,9.009133e+00,1.056088e+01,7.094850e-01,7.422100e-02,1.389980e-02,8.772310e-02,2.777540e-05,1.393720e-10,8.547330e-05,9.514860e-09,8.009840e-09
3.130000e-01,8.909103e+00,1.044287e+01,7.095650e-01,7.188800e-02,1.332810e-02,8.173960e-02,2.497270e-05,1.186930e-10,7.836390e-05,8.653170e-09,7.228400e-09
3.140000e-01,8.810184e+00,1.032619e+01,7.096420e-01,6.962980e-02,1.278010e-02,7.615390e-02,2.244990e-05,1.010470e-10,7.184970e-05,7.869900e-09,6.523480e-09
3.150000e-01,8.712304e+00,1.021081e+01,7.097190e-01,6.744310e-02,1.225470e-02,7.094270e-02,2.018220e-05,8.606080e-11,6.588410e-05,7.158510e-09,5.888300e-09
3.160000e-01,8.615490e+00,1.009671e+01,7.097940e-01,6.532480e-02,1.175080e-02,6.608270e-02,1.814510e-05,7.336370e-11,6.042060e-05,6.512420e-09,5.316040e-09
3.170000e-01,8.519694e+00,9.983665e+00,7.098690e-01,6.327160e-02,1.126730e-02,6.155060e-02,1.631420e-05,6.258360e-11,5.541280e-05,5.925090e-09,4.799930e-09
3.180000e-01,8.424905e+00,9.871906e+00,7.099450e-01,6.128040e-02,1.080320e-02,5.732330e-02,1.466540e-05,5.336050e-11,5.081530e-05,5.390110e-09,4.333330e-09
3.190000e-01,8.331113e+00,9.761353e+00,7.100220e-01,5.934910e-02,1.035770e-02,5.338080e-02,1.318060e-05,4.545750e-11,4.659390e-05,4.902740e-09,3.911390e-09
3.200000e-01,8.238345e+00,9.651993e+00,7.100980e-01,5.747580e-02,9.929960e-03,4.970500e-02,1.184490e-05,3.871300e-11,4.272140e-05,4.459220e-09,3.530340e-09
3.210000e-01,8.146574e+00,9.543859e+00,7.101730e-01,5.565900e-02,9.519420e-03,4.627800e-02,1.064390e-05,3.296710e-11,3.917060e-05,4.055840e-09,3.186440e-09
3.220000e-01,8.055843e+00,9.436958e+00,7.102450e-01,5.389770e-02,9.125530e-03,4.308370e-02,9.564260e-06,2.807750e-11,3.591600e-05,3.689110e-09,2.876200e-09
3.230000e-01,7.966086e+00,9.331232e+00,7.103170e-01,5.219200e-02,8.747910e-03,4.010820e-02,8.594390e-06,2.392190e-11,3.293410e-05,3.355820e-09,2.596440e-09
3.240000e-01,7.877311e+00,9.226670e+00,7.103870e-01,5.054210e-02,8.386170e-03,3.733780e-02,7.722800e-06,2.038050e-11,3.020140e-05,3.052820e-09,2.344020e-09
3.250000e-01,7.789508e+00,9.123280e+00,7.104560e-01,4.894620e-02,8.039680e-03,3.475890e-02,6.939550e-06,1.735950e-11,2.769690e-05,2.777300e-09,2.116220e-09
3.260000e-01,7.702665e+00,9.021027e+00,7.105240e-01,4.740120e-02,7.707570e-03,3.235840e-02,6.236160e-06,1.478970e-11,2.540180e-05,2.526850e-09,1.910730e-09
3.270000e-01,7.616755e+00,8.919880e+00,7.105920e-01,4.590380e-02,7.388970e-03,3.012290e-02,5.604200e-06,1.260280e-11,2.329720e-05,2.299030e-09,1.725260e-09
3.280000e-01,7.531804e+00,8.819887e+00,7.106590e-01,4.445140e-02,7.083150e-03,2.804000e-02,5.035900e-06,1.073730e-11,2.136600e-05,2.091650e-09,1.557700e-09
3.290000e-01,7.447783e+00,8.720994e+00,7.107250e-01,4.304300e-02,6.789660e-03,2.609990e-02,4.525070e-06,9.147840e-12,1.959440e-05,1.902940e-09,1.406390e-09
3.300000e-01,7.364682e+00,8.623211e+00,7.107890e-01,4.167810e-02,6.508120e-03,2.429260e-02,4.065760e-06,7.791700e-12,1.796950e-05,1.731220e-09,1.269740e-09
3.310000e-01,7.282492e+00,8.526524e+00,7.108520e-01,4.035550e-02,6.238100e-03,2.260960e-02,3.652900e-06,6.635210e-12,1.647950e-05,1.575000e-09,1.146380e-09
3.320000e-01,7.201235e+00,8.430921e+00,7.109130e-01,3.907400e-02,5.979160e-03,2.104300e-02,3.282220e-06,5.652600e-12,1.511390e-05,1.433000e-09,1.035100e-09
3.330000e-01,7.120869e+00,8.336390e+00,7.109730e-01,3.783240e-02,5.730850e-03,1.958480e-02,2.949450e-06,4.818400e-12,1.386230e-05,1.303910e-09,9.347390e-10
3.340000e-01,7.041384e+00,8.242937e+00,7.110310e-01,3.662940e-02,5.492710e-03,1.822720e-02,2.650360e-06,4.107190e-12,1.271430e-05,1.186440e-09,8.440970e-10
3.350000e-01,6.962785e+00,8.150533e+00,7.110890e-01,3.546390e-02,5.264370e-03,1.696330e-02,2.381300e-06,3.498580e-12,1.166080e-05,1.079480e-09,7.621680e-10
3.360000e-01,6.885064e+00,8.059164e+00,7.111460e-01,3.433540e-02,5.045480e-03,1.578720e-02,2.139630e-06,2.980030e-12,1.069480e-05,9.821850e-10,6.882100e-10
3.370000e-01,6.808211e+00,7.968801e+00,7.112030e-01,3.324310e-02,4.835740e-03,1.469350e-02,1.922790e-06,2.539700e-12,9.809550e-06,8.937450e-10,6.215040e-10
3.380000e-01,6.732200e+00,7.879470e+00,7.112590e-01,3.218640e-02,4.634830e-03,1.367640e-02,1.728190e-06,2.165740e-12,8.998320e-06,8.133500e-10,5.613320e-10
3.390000e-01,6.657022e+00,7.791104e+00,7.113160e-01,3.116460e-02,4.442430e-03,1.273040e-02,1.553320e-06,1.846600e-12,8.254380e-06,7.401980e-10,5.069890e-10
3.400000e-01,6.582684e+00,7.703747e+00,7.113720e-01,3.017600e-02,4.258120e-03,1.185040e-02,1.396140e-06,1.574010e-12,7.572070e-06,6.736280e-10,4.579010e-10
3.410000e-01,6.509176e+00,7.617352e+00,7.114280e-01,2.921830e-02,4.081390e-03,1.103160e-02,1.254950e-06,1.341830e-12,6.946330e-06,6.130650e-10,4.135830e-10
3.420000e-01,6.436489e+00,7.531960e+00,7.114840e-01,2.828920e-02,3.911770e-03,1.026910e-02,1.128040e-06,1.143970e-12,6.372160e-06,5.579390e-10,3.735520e-10
3.430000e-01,6.364613e+00,7.447508e+00,7.115380e-01,2.738770e-02,3.748930e-03,9.558890e-03,1.013940e-06,9.752560e-13,5.845200e-06,5.077500e-10,3.373830e-10
3.440000e-01,6.293555e+00,7.364038e+00,7.115920e-01,2.651410e-02,3.592750e-03,8.897780e-03,9.114050e-07,8.315620e-13,5.361850e-06,4.620820e-10,3.047240e-10
3.450000e-01,6.223275e+00,7.281502e+00,7.116450e-01,2.566880e-02,3.443130e-03,8.282610e-03,8.192490e-07,7.089440e-13,4.918590e-06,4.205300e-10,2.752300e-10
3.460000e-01,6.153795e+00,7.199892e+00,7.116970e-01,2.485100e-02,3.299800e-03,7.710350e-03,7.364580e-07,6.044200e-13,4.512230e-06,3.827370e-10,2.486050e-10
3.470000e-01,6.085090e+00,7.119213e+00,7.117480e-01,2.405930e-02,3.162470e-03,7.177980e-03,6.621160e-07,5.155190e-13,4.139740e-06,3.483720e-10,2.245800e-10
3.480000e-01,6.017166e+00,7.039471e+00,7.117970e-01,2.329260e-02,3.030810e-03,6.682500e-03,5.953110e-07,4.397740e-13,3.798100e-06,3.171020e-10,2.028840e-10
3.490000e-01,5.950014e+00,6.960621e+00,7.118460e-01,2.254960e-02,2.904550e-03,6.221110e-03,5.352010e-07,3.749790e-13,3.484490e-06,2.886210e-10,1.832690e-10
3.500000e-01,5.883612e+00,6.882671e+00,7.118950e-01,2.182970e-02,2.783480e-03,5.791650e-03,4.811740e-07,3.197230e-13,3.196780e-06,2.626990e-10,1.655520e-10
3.510000e-01,5.817950e+00,6.805609e+00,7.119420e-01,2.113260e-02,2.667430e-03,5.392070e-03,4.326590e-07,2.727470e-13,2.932980e-06,2.391230e-10,1.495620e-10
3.520000e-01,5.753048e+00,6.729426e+00,7.119900e-01,2.045780e-02,2.556230e-03,5.020310e-03,3.890850e-07,2.327920e-13,2.691080e-06,2.176760e-10,1.351280e-10
3.530000e-01,5.688857e+00,6.654095e+00,7.120370e-01,1.980480e-02,2.449680e-03,4.674370e-03,3.498960e-07,1.986410e-13,2.469110e-06,1.981490e-10,1.220820e-10
3.540000e-01,5.625395e+00,6.579623e+00,7.120840e-01,1.917280e-02,2.347590e-03,4.352450e-03,3.146560e-07,1.694530e-13,2.265460e-06,1.803730e-10,1.102940e-10
3.550000e-01,5.562653e+00,6.505984e+00,7.121300e-01,1.856070e-02,2.249740e-03,4.052930e-03,2.829960e-07,1.445900e-13,2.078680e-06,1.641990e-10,9.965070e-11
3.560000e-01,5.500625e+00,6.433214e+00,7.121760e-01,1.796760e-02,2.155910e-03,3.774170e-03,2.545460e-07,1.234130e-13,1.907340e-06,1.494810e-10,9.003860e-11
3.570000e-01,5.439300e+00,6.361273e+00,7.122220e-01,1.739260e-02,2.065910e-03,3.514570e-03,2.289520e-07,1.053220e-13,1.750070e-06,1.360770e-10,8.135000e-11
3.580000e-01,5.378684e+00,6.290164e+00,7.122670e-01,1.683560e-02,1.979600e-03,3.272900e-03,2.059380e-07,8.988520e-14,1.605750e-06,1.238750e-10,7.350000e-11
3.590000e-01,5.318743e+00,6.219851e+00,7.123120e-01,1.629640e-02,1.896910e-03,3.048000e-03,1.852550e-07,7.673130e-14,1.473390e-06,1.127720e-10,6.641110e-11
3.600000e-01,5.259494e+00,6.150338e+00,7.123570e-01,1.577500e-02,1.817730e-03,2.838730e-03,1.666550e-07,6.549420e-14,1.351990e-06,1.026660e-10,6.000680e-11
3.610000e-01,5.200894e+00,6.081616e+00,7.124010e-01,1.527090e-02,1.741920e-03,2.644020e-03,1.499320e-07,5.589950e-14,1.240640e-06,9.347100e-11,5.422260e-11
3.620000e-01,5.142970e+00,6.013689e+00,7.124440e-01,1.478300e-02,1.669290e-03,2.462830e-03,1.349070e-07,4.772980e-14,1.138550e-06,8.510690e-11,4.900120e-11
3.630000e-01,5.085715e+00,5.946535e+00,7.124860e-01,1.431050e-02,1.599680e-03,2.294150e-03,1.213980e-07,4.076880e-14,1.044900e-06,7.749500e-11,4.428540e-11
3.640000e-01,5.029097e+00,5.880158e+00,7.125260e-01,1.385250e-02,1.532900e-03,2.136970e-03,1.092330e-07,3.480680e-14,9.588970e-07,7.055850e-11,4.001960e-11
3.650000e-01,4.973144e+00,5.814549e+00,7.125660e-01,1.340850e-02,1.468850e-03,1.990530e-03,9.827880e-08,2.970200e-14,8.799280e-07,6.423870e-11,3.616160e-11
3.660000e-01,4.917824e+00,5.749711e+00,7.126050e-01,1.297850e-02,1.407450e-03,1.854200e-03,8.843280e-08,2.535300e-14,8.074880e-07,5.848770e-11,3.267760e-11
3.670000e-01,4.863131e+00,5.685609e+00,7.126440e-01,1.256230e-02,1.348630e-03,1.727370e-03,7.959120e-08,2.165880e-14,7.410740e-07,5.325760e-11,2.953380e-11
3.680000e-01,4.809080e+00,5.622235e+00,7.126840e-01,1.215990e-02,1.292310e-03,1.609400e-03,7.165030e-08,1.851840e-14,6.801840e-07,4.850080e-11,2.669630e-11
3.690000e-01,4.755640e+00,5.559593e+00,7.127250e-01,1.177100e-02,1.238410e-03,1.499690e-03,6.450780e-08,1.583270e-14,6.243180e-07,4.417000e-11,2.413170e-11
3.700000e-01,4.702805e+00,5.497649e+00,7.127670e-01,1.139500e-02,1.186820e-03,1.397610e-03,5.807890e-08,1.352990e-14,5.730430e-07,4.022530e-11,2.181260e-11
3.710000e-01,4.650589e+00,5.436432e+00,7.128090e-01,1.103090e-02,1.137360e-03,1.302550e-03,5.229220e-08,1.155950e-14,5.259790e-07,3.663260e-11,1.971590e-11
3.720000e-01,4.598953e+00,5.375923e+00,7.128490e-01,1.067780e-02,1.089900e-03,1.213920e-03,4.707920e-08,9.873060e-15,4.827540e-07,3.335880e-11,1.781960e-11
3.730000e-01,4.547911e+00,5.316098e+00,7.128870e-01,1.033530e-02,1.044360e-03,1.131290e-03,4.238620e-08,8.433360e-15,4.430740e-07,3.037720e-11,1.610570e-11
3.740000e-01,4.497457e+00,5.256976e+00,7.129250e-01,1.000350e-02,1.000700e-03,1.054320e-03,3.816600e-08,7.208180e-15,4.066720e-07,2.766400e-11,1.455810e-11
3.750000e-01,4.447572e+00,5.198535e+00,7.129620e-01,9.682440e-03,9.588680e-04,9.826640e-04,3.437160e-08,6.165230e-15,3.732840e-07,2.519530e-11,1.316060e-11
3.760000e-01,4.398261e+00,5.140756e+00,7.129990e-01,9.372100e-03,9.188300e-04,9.159640e-04,3.095640e-08,5.272730e-15,3.426470e-07,2.294720e-11,1.189740e-11
3.770000e-01,4.349517e+00,5.083642e+00,7.130360e-01,9.072160e-03,8.805100e-04,8.538890e-04,2.788180e-08,4.507540e-15,3.145320e-07,2.089990e-11,1.075520e-11
3.780000e-01,4.301332e+00,5.027198e+00,7.130740e-01,8.782020e-03,8.438140e-04,7.961130e-04,2.511630e-08,3.853900e-15,2.887410e-07,1.903650e-11,9.723330e-12
3.790000e-01,4.253701e+00,4.971392e+00,7.131120e-01,8.501050e-03,8.086430e-04,7.423120e-04,2.262870e-08,3.296280e-15,2.650760e-07,1.734010e-11,8.791110e-12
3.800000e-01,4.206617e+00,4.916228e+00,7.131500e-01,8.228690e-03,7.749040e-04,6.921680e-04,2.038820e-08,2.819430e-15,2.433420e-07,1.579450e-11,7.948000e-12
3.810000e-01,4.160073e+00,4.861698e+00,7.131880e-01,7.964790e-03,7.425500e-04,6.454320e-04,1.836980e-08,2.411540e-15,2.233840e-07,1.438610e-11,7.185500e-12
3.820000e-01,4.114054e+00,4.807796e+00,7.132250e-01,7.709500e-03,7.115610e-04,6.019000e-04,1.655280e-08,2.062960e-15,2.050680e-07,1.310380e-11,6.496390e-12
3.830000e-01,4.068572e+00,4.754524e+00,7.132610e-01,7.462910e-03,6.819140e-04,5.613680e-04,1.491660e-08,1.764500e-15,1.882670e-07,1.193640e-11,5.873610e-12
3.840000e-01,4.023611e+00,4.701863e+00,7.132970e-01,7.224640e-03,6.535460e-04,5.236330e-04,1.344410e-08,1.509400e-15,1.728580e-07,1.087410e-11,5.311100e-12
3.850000e-01,3.979175e+00,4.649818e+00,7.133320e-01,6.994170e-03,6.263800e-04,4.884930e-04,1.211960e-08,1.291910e-15,1.587270e-07,9.907560e-12,4.803170e-12
3.860000e-01,3.935247e+00,4.598371e+00,7.133670e-01,6.770950e-03,6.003390e-04,4.557440e-04,1.092710e-08,1.106260e-15,1.457580e-07,9.027490e-12,4.344160e-12
3.870000e-01,3.891822e+00,4.547524e+00,7.134010e-01,6.554470e-03,5.753490e-04,4.251910e-04,9.851300e-09,9.469180e-16,1.338380e-07,8.224800e-12,3.928570e-12
3.880000e-01,3.848903e+00,4.497270e+00,7.134350e-01,6.344540e-03,5.513680e-04,3.966870e-04,8.880990e-09,8.102150e-16,1.228830e-07,7.492810e-12,3.552350e-12
3.890000e-01,3.806484e+00,4.447593e+00,7.134690e-01,6.141100e-03,5.283690e-04,3.701120e-04,8.007060e-09,6.934270e-16,1.128250e-07,6.826030e-12,3.212230e-12
3.900000e-01,3.764549e+00,4.398484e+00,7.135020e-01,5.944120e-03,5.063270e-04,3.453490e-04,7.220430e-09,5.938400e-16,1.035940e-07,6.218980e-12,2.904930e-12
3.910000e-01,3.723094e+00,4.349947e+00,7.135360e-01,5.753550e-03,4.852130e-04,3.222760e-04,6.512000e-09,5.087400e-16,9.512190e-08,5.666180e-12,2.627180e-12
3.920000e-01,3.682121e+00,4.301976e+00,7.135700e-01,5.569310e-03,4.650000e-04,3.007790e-04,5.873310e-09,4.356840e-16,8.734340e-08,5.162460e-12,2.375900e-12
3.930000e-01,3.641606e+00,4.254544e+00,7.136040e-01,5.391130e-03,4.456450e-04,2.807510e-04,5.297900e-09,3.731100e-16,8.020450e-08,4.703720e-12,2.148740e-12
3.940000e-01,3.601563e+00,4.207663e+00,7.136380e-01,5.218720e-03,4.271050e-04,2.620900e-04,4.779710e-09,3.196400e-16,7.365340e-08,4.286050e-12,1.943460e-12
3.950000e-01,3.561976e+00,4.161319e+00,7.136720e-01,5.051810e-03,4.093370e-04,2.446910e-04,4.312710e-09,2.738920e-16,6.763860e-08,3.905550e-12,1.757850e-12
3.960000e-01,3.522841e+00,4.115504e+00,7.137060e-01,4.890170e-03,3.923030e-04,2.284620e-04,3.891480e-09,2.346680e-16,6.211350e-08,3.558720e-12,1.589900e-12
3.970000e-01,3.484151e+00,4.070212e+00,7.137400e-01,4.733680e-03,3.759780e-04,2.133280e-04,3.511750e-09,2.010960e-16,5.704040e-08,3.242750e-12,1.438030e-12
3.980000e-01,3.445911e+00,4.025455e+00,7.137740e-01,4.582250e-03,3.603380e-04,1.992140e-04,3.169370e-09,1.723390e-16,5.238290e-08,2.954900e-12,1.300690e-12
3.990000e-01,3.408121e+00,3.981209e+00,7.138060e-01,4.435770e-03,3.453580e-04,1.860530e-04,2.860520e-09,1.476570e-16,4.810650e-08,2.692610e-12,1.176460e-12
4.000000e-01,3.370761e+00,3.937486e+00,7.138390e-01,4.294030e-03,3.310090e-04,1.737800e-04,2.582170e-09,1.265400e-16,4.418210e-08,2.453790e-12,1.064190e-12
4.010000e-01,3.333842e+00,3.894278e+00,7.138700e-01,4.156850e-03,3.172610e-04,1.623370e-04,2.331420e-09,1.085140e-16,4.058130e-08,2.236400e-12,9.627580e-13
4.020000e-01,3.297350e+00,3.851572e+00,7.139000e-01,4.024020e-03,3.040850e-04,1.516610e-04,2.105350e-09,9.310230e-17,3.727570e-08,2.038390e-12,8.710650e-13
4.030000e-01,3.261287e+00,3.809369e+00,7.139300e-01,3.895370e-03,2.914530e-04,1.416940e-04,1.901130e-09,7.984450e-17,3.423750e-08,1.857770e-12,7.880250e-13
4.040000e-01,3.225641e+00,3.767654e+00,7.139600e-01,3.770760e-03,2.793410e-04,1.323890e-04,1.716650e-09,6.843500e-17,3.144510e-08,1.693020e-12,7.128260e-13
4.050000e-01,3.190406e+00,3.726430e+00,7.139890e-01,3.650110e-03,2.677310e-04,1.237070e-04,1.550280e-09,5.866490e-17,2.888120e-08,1.542930e-12,6.448270e-13
4.060000e-01,3.155571e+00,3.685666e+00,7.140190e-01,3.533310e-03,2.566060e-04,1.156100e-04,1.400380e-09,5.032660e-17,2.652810e-08,1.406280e-12,5.833900e-13
4.070000e-01,3.121124e+00,3.645365e+00,7.140500e-01,3.420290e-03,2.459480e-04,1.080600e-04,1.265310e-09,4.321230e-17,2.436850e-08,1.281860e-12,5.278780e-13
4.080000e-01,3.087074e+00,3.605512e+00,7.140820e-01,3.310950e-03,2.357370e-04,1.010170e-04,1.143450e-09,3.711490e-17,2.238480e-08,1.168460e-12,4.776520e-13
4.090000e-01,3.053402e+00,3.566112e+00,7.141150e-01,3.205190e-03,2.259560e-04,9.444580e-05,1.033340e-09,3.185980e-17,2.056140e-08,1.064990e-12,4.321500e-13
4.100000e-01,3.020119e+00,3.527167e+00,7.141470e-01,3.102820e-03,2.165830e-04,8.831150e-05,9.338730e-10,2.733940e-17,1.888620e-08,9.706540e-13,3.909610e-13
4.110000e-01,2.987232e+00,3.488687e+00,7.141790e-01,3.003700e-03,2.075990e-04,8.258250e-05,8.440420e-10,2.345790e-17,1.734780e-08,8.846890e-13,3.537030e-13
4.120000e-01,2.954731e+00,3.450667e+00,7.142090e-01,2.907730e-03,1.989890e-04,7.723320e-05,7.629790e-10,2.013540e-17,1.593580e-08,8.064060e-13,3.200290e-13
4.130000e-01,2.922611e+00,3.413076e+00,7.142390e-01,2.814840e-03,1.907390e-04,7.223980e-05,6.898600e-10,1.729610e-17,1.463990e-08,7.351310e-13,2.896030e-13
4.140000e-01,2.890853e+00,3.375927e+00,7.142690e-01,2.724950e-03,1.828340e-04,6.757820e-05,6.238620e-10,1.486450e-17,1.345000e-08,6.701930e-13,2.620880e-13
4.150000e-01,2.859447e+00,3.339189e+00,7.143000e-01,2.637980e-03,1.752610e-04,6.322520e-05,5.642060e-10,1.277080e-17,1.235640e-08,6.109580e-13,2.371680e-13
4.160000e-01,2.828401e+00,3.302866e+00,7.143310e-01,2.553820e-03,1.680040e-04,5.916060e-05,5.103080e-10,1.097060e-17,1.135170e-08,5.569470e-13,2.146110e-13
4.170000e-01,2.797712e+00,3.266961e+00,7.143620e-01,2.472370e-03,1.610500e-04,5.536500e-05,4.616340e-10,9.425920e-18,1.042890e-08,5.077260e-13,1.942050e-13
4.180000e-01,2.767375e+00,3.231476e+00,7.143930e-01,2.393510e-03,1.543850e-04,5.181950e-05,4.176590e-10,8.099890e-18,9.581300e-09,4.628670e-13,1.757450e-13
4.190000e-01,2.737392e+00,3.196406e+00,7.144230e-01,2.317160e-03,1.479970e-04,4.850680e-05,3.779290e-10,6.962280e-18,8.802880e-09,4.219890e-13,1.590470e-13
4.200000e-01,2.707759e+00,3.161739e+00,7.144530e-01,2.243230e-03,1.418730e-04,4.541070e-05,3.420200e-10,5.985540e-18,8.087820e-09,3.847270e-13,1.439390e-13
4.210000e-01,2.678471e+00,3.127483e+00,7.144810e-01,2.171650e-03,1.360020e-04,4.251560e-05,3.095200e-10,5.143500e-18,7.430540e-09,3.507330e-13,1.302540e-13
4.220000e-01,2.649513e+00,3.093620e+00,7.145090e-01,2.102350e-03,1.303760e-04,3.980900e-05,2.801280e-10,4.418990e-18,6.826660e-09,3.197390e-13,1.178670e-13
4.230000e-01,2.620897e+00,3.060145e+00,7.145370e-01,2.035290e-03,1.249840e-04,3.728000e-05,2.535810e-10,3.798360e-18,6.272280e-09,2.915090e-13,1.066700e-13
4.240000e-01,2.592603e+00,3.027060e+00,7.145640e-01,1.970400e-03,1.198190e-04,3.491750e-05,2.296180e-10,3.267940e-18,5.763530e-09,2.658080e-13,9.655310e-14
4.250000e-01,2.564638e+00,2.994353e+00,7.145910e-01,1.907630e-03,1.148710e-04,3.271050e-05,2.079780e-10,2.814100e-18,5.296490e-09,2.424010e-13,8.740890e-14
4.260000e-01,2.536991e+00,2.962020e+00,7.146200e-01,1.846930e-03,1.101310e-04,3.064810e-05,1.884010e-10,2.423310e-18,4.867320e-09,2.210520e-13,7.912920e-14
4.270000e-01,2.509661e+00,2.930063e+00,7.146480e-01,1.788210e-03,1.055910e-04,2.872020e-05,1.706750e-10,2.085640e-18,4.472750e-09,2.015710e-13,7.162640e-14
4.280000e-01,2.482647e+00,2.898465e+00,7.146770e-01,1.731380e-03,1.012410e-04,2.691810e-05,1.546400e-10,1.794880e-18,4.110210e-09,1.838070e-13,6.483450e-14
4.290000e-01,2.455930e+00,2.867226e+00,7.147070e-01,1.676350e-03,9.706960e-05,2.523270e-05,1.401360e-10,1.545030e-18,3.777120e-09,1.676130e-13,5.868850e-14
4.300000e-01,2.429523e+00,2.836338e+00,7.147360e-01,1.623030e-03,9.306850e-05,2.365550e-05,1.270070e-10,1.330130e-18,3.470950e-09,1.528420e-13,5.312410e-14
4.310000e-01,2.403411e+00,2.805808e+00,7.147660e-01,1.571350e-03,8.923050e-05,2.217910e-05,1.151190e-10,1.145300e-18,3.189520e-09,1.393700e-13,4.808620e-14
4.320000e-01,2.377607e+00,2.775626e+00,7.147950e-01,1.521310e-03,8.555050e-05,2.079750e-05,1.043600e-10,9.864430e-19,2.930950e-09,1.270870e-13,4.352730e-14
4.330000e-01,2.352096e+00,2.745801e+00,7.148230e-01,1.472870e-03,8.202350e-05,1.950470e-05,9.461740e-11,8.496180e-19,2.693370e-09,1.158880e-13,3.940060e-14
4.340000e-01,2.326885e+00,2.716320e+00,7.148510e-01,1.425990e-03,7.864340e-05,1.829500e-05,8.579800e-11,7.318300e-19,2.475120e-09,1.056790e-13,3.566620e-14
4.350000e-01,2.301967e+00,2.687181e+00,7.148790e-01,1.380600e-03,7.540320e-05,1.716300e-05,7.781700e-11,6.306350e-19,2.274650e-09,9.637510e-14,3.228820e-14
4.360000e-01,2.277325e+00,2.658367e+00,7.149070e-01,1.336640e-03,7.229600e-05,1.610320e-05,7.058980e-11,5.435960e-19,2.090420e-09,8.789070e-14,2.923050e-14
4.370000e-01,2.252958e+00,2.629880e+00,7.149360e-01,1.294060e-03,6.931610e-05,1.511080e-05,6.403930e-11,4.685350e-19,1.921020e-09,8.014830e-14,2.646040e-14
4.380000e-01,2.228866e+00,2.601711e+00,7.149650e-01,1.252850e-03,6.646010e-05,1.418160e-05,5.810440e-11,4.038700e-19,1.765340e-09,7.308750e-14,2.395260e-14
4.390000e-01,2.205058e+00,2.573878e+00,7.149930e-01,1.213000e-03,6.372490e-05,1.331190e-05,5.272740e-11,3.481230e-19,1.622350e-09,6.665080e-14,2.168290e-14
4.400000e-01,2.181524e+00,2.546367e+00,7.150210e-01,1.174470e-03,6.110600e-05,1.249790e-05,4.785760e-11,3.001170e-19,1.491040e-09,6.078570e-14,1.962980e-14
4.410000e-01,2.158266e+00,2.519173e+00,7.150480e-01,1.137220e-03,5.859780e-05,1.173600e-05,4.344940e-11,2.588770e-19,1.370510e-09,5.544350e-14,1.777370e-14
4.420000e-01,2.135271e+00,2.492287e+00,7.150750e-01,1.101180e-03,5.619490e-05,1.102270e-05,3.945720e-11,2.234330e-19,1.259810e-09,5.057530e-14,1.609490e-14
4.430000e-01,2.112535e+00,2.465710e+00,7.151030e-01,1.066310e-03,5.389160e-05,1.035450e-05,3.583660e-11,1.928420e-19,1.158030e-09,4.613330e-14,1.457410e-14
4.440000e-01,2.090052e+00,2.439428e+00,7.151310e-01,1.032530e-03,5.168240e-05,9.728240e-06,3.255150e-11,1.664210e-19,1.064440e-09,4.207920e-14,1.319600e-14
4.450000e-01,2.067826e+00,2.413443e+00,7.151590e-01,9.997670e-04,4.956190e-05,9.140830e-06,2.957100e-11,1.436330e-19,9.783620e-10,3.837970e-14,1.194780e-14
4.460000e-01,2.045846e+00,2.387756e+00,7.151870e-01,9.679700e-04,4.752490e-05,8.589470e-06,2.686500e-11,1.239620e-19,8.991820e-10,3.500290e-14,1.081670e-14
4.470000e-01,2.024123e+00,2.362365e+00,7.152140e-01,9.371410e-04,4.557000e-05,8.072190e-06,2.440950e-11,1.070060e-19,8.263850e-10,3.192250e-14,9.792640e-15
4.480000e-01,2.002650e+00,2.337260e+00,7.152410e-01,9.073100e-04,4.369650e-05,7.587270e-06,2.218260e-11,9.240250e-20,7.595060e-10,2.911430e-14,8.865940e-15
4.490000e-01,1.981422e+00,2.312448e+00,7.152680e-01,8.785010e-04,4.190370e-05,7.133040e-06,2.016240e-11,7.979200e-20,6.980780e-10,2.655430e-14,8.027190e-15
4.500000e-01,1.960437e+00,2.287926e+00,7.152940e-01,8.506960e-04,4.018900e-05,6.707660e-06,1.832990e-11,6.889670e-20,6.416740e-10,2.422110e-14,7.268170e-15
4.510000e-01,1.939693e+00,2.263680e+00,7.153200e-01,8.238290e-04,3.854770e-05,6.309180e-06,1.666880e-11,5.951510e-20,5.898990e-10,2.209590e-14,6.581890e-15
4.520000e-01,1.919186e+00,2.239711e+00,7.153460e-01,7.978330e-04,3.697500e-05,5.935630e-06,1.516290e-11,5.144850e-20,5.423590e-10,2.015980e-14,5.961370e-15
4.530000e-01,1.898908e+00,2.216017e+00,7.153720e-01,7.726420e-04,3.546610e-05,5.585070e-06,1.379600e-11,4.449850e-20,4.986600e-10,1.839400e-14,5.399660e-15
4.540000e-01,1.878863e+00,2.192588e+00,7.153980e-01,7.481960e-04,3.401670e-05,5.255620e-06,1.255240e-11,3.847670e-20,4.584280e-10,1.678060e-14,4.890080e-15
4.550000e-01,1.859037e+00,2.169427e+00,7.154240e-01,7.244810e-04,3.262470e-05,4.946050e-06,1.142130e-11,3.326160e-20,4.213970e-10,1.530680e-14,4.427960e-15
4.560000e-01,1.839437e+00,2.146525e+00,7.154510e-01,7.015020e-04,3.128920e-05,4.655350e-06,1.039370e-11,2.875830e-20,3.873450e-10,1.396200e-14,4.009420e-15
4.570000e-01,1.820057e+00,2.123880e+00,7.154780e-01,6.792640e-04,3.000900e-05,4.382540e-06,9.460340e-12,2.487210e-20,3.560540e-10,1.273580e-14,3.630570e-15
4.580000e-01,1.800898e+00,2.101493e+00,7.155050e-01,6.577610e-04,2.878290e-05,4.126590e-06,8.612540e-12,2.151380e-20,3.273070e-10,1.161780e-14,3.287640e-15
4.590000e-01,1.781956e+00,2.079362e+00,7.155330e-01,6.369600e-04,2.760800e-05,3.886360e-06,7.842400e-12,1.861410e-20,3.008960e-10,1.059850e-14,2.977290e-15
4.600000e-01,1.763226e+00,2.057477e+00,7.155590e-01,6.168210e-04,2.648140e-05,3.660710e-06,7.142280e-12,1.610760e-20,2.766190e-10,9.668770e-15,2.696270e-15
4.610000e-01,1.744705e+00,2.035837e+00,7.155860e-01,5.973080e-04,2.540050e-05,3.448590e-06,6.505250e-12,1.393700e-20,2.542900e-10,8.820110e-15,2.441610e-15
4.620000e-01,1.726394e+00,2.014443e+00,7.156110e-01,5.784020e-04,2.436350e-05,3.249210e-06,5.925960e-12,1.206150e-20,2.337630e-10,8.045980e-15,2.211020e-15
4.630000e-01,1.708288e+00,1.993292e+00,7.156370e-01,5.600870e-04,2.336880e-05,3.061810e-06,5.399310e-12,1.044300e-20,2.148970e-10,7.340040e-15,2.002310e-15
4.640000e-01,1.690390e+00,1.972382e+00,7.156620e-01,5.423460e-04,2.241460e-05,2.885650e-06,4.920170e-12,9.043150e-21,1.975520e-10,6.695950e-15,1.813280e-15
4.650000e-01,1.672700e+00,1.951713e+00,7.156870e-01,5.251630e-04,2.149940e-05,2.720020e-06,4.483970e-12,7.829230e-21,1.816000e-10,6.108040e-15,1.641970e-15
4.660000e-01,1.655210e+00,1.931279e+00,7.157130e-01,5.085320e-04,2.062210e-05,2.564360e-06,4.087210e-12,6.779570e-21,1.669400e-10,5.571900e-15,1.486880e-15
4.670000e-01,1.637917e+00,1.911076e+00,7.157380e-01,4.924460e-04,1.978150e-05,2.418110e-06,3.726530e-12,5.873780e-21,1.534750e-10,5.083270e-15,1.346590e-15
4.680000e-01,1.620817e+00,1.891102e+00,7.157630e-01,4.768960e-04,1.897640e-05,2.280720e-06,3.398560e-12,5.091460e-21,1.411060e-10,4.637870e-15,1.219650e-15
4.690000e-01,1.603910e+00,1.871346e+00,7.157890e-01,4.618730e-04,1.820550e-05,2.151630e-06,3.100030e-12,4.413260e-21,1.297380e-10,4.231590e-15,1.104680e-15
4.700000e-01,1.587190e+00,1.851812e+00,7.158150e-01,4.473440e-04,1.746700e-05,2.030270e-06,2.828240e-12,3.825550e-21,1.192900e-10,3.860990e-15,1.000570e-15
4.710000e-01,1.570659e+00,1.832500e+00,7.158410e-01,4.332710e-04,1.675850e-05,1.916070e-06,2.580710e-12,3.316610e-21,1.096830e-10,3.522870e-15,9.062670e-16
4.720000e-01,1.554315e+00,1.813410e+00,7.158660e-01,4.196170e-04,1.607810e-05,1.808460e-06,2.354990e-12,2.875010e-21,1.008440e-10,3.214090e-15,8.207800e-16
4.730000e-01,1.538158e+00,1.794531e+00,7.158910e-01,4.063710e-04,1.542450e-05,1.707050e-06,2.149200e-12,2.492260e-21,9.271080e-11,2.932200e-15,7.433080e-16
4.740000e-01,1.522180e+00,1.775869e+00,7.159160e-01,3.935310e-04,1.479720e-05,1.611530e-06,1.961730e-12,2.161400e-21,8.523430e-11,2.675080e-15,6.731750e-16
4.750000e-01,1.506385e+00,1.757418e+00,7.159400e-01,3.810990e-04,1.419560e-05,1.521610e-06,1.790990e-12,1.875500e-21,7.836330e-11,2.440640e-15,6.097030e-16
4.760000e-01,1.490768e+00,1.739170e+00,7.159640e-01,3.690740e-04,1.361900e-05,1.436980e-06,1.635380e-12,1.627640e-21,7.204730e-11,2.226750e-15,5.522170e-16
4.770000e-01,1.475323e+00,1.721131e+00,7.159890e-01,3.574480e-04,1.306670e-05,1.357330e-06,1.493500e-12,1.412190e-21,6.624040e-11,2.031570e-15,5.001260e-16
4.780000e-01,1.460051e+00,1.703292e+00,7.160130e-01,3.462030e-04,1.253740e-05,1.282350e-06,1.364200e-12,1.225420e-21,6.090390e-11,1.853570e-15,4.529660e-16
4.790000e-01,1.444951e+00,1.685648e+00,7.160380e-01,3.353150e-04,1.202990e-05,1.211740e-06,1.246380e-12,1.063780e-21,5.600010e-11,1.691270e-15,4.102840e-16
4.800000e-01,1.430020e+00,1.668203e+00,7.160630e-01,3.247650e-04,1.154280e-05,1.145190e-06,1.138910e-12,9.237090e-22,5.149090e-11,1.543180e-15,3.716270e-16
4.810000e-01,1.415249e+00,1.650950e+00,7.160880e-01,3.145350e-04,1.107520e-05,1.082400e-06,1.040780e-12,8.019890e-22,4.734110e-11,1.407940e-15,3.365770e-16
4.820000e-01,1.400648e+00,1.633891e+00,7.161140e-01,3.046200e-04,1.062620e-05,1.023190e-06,9.512150e-13,6.963780e-22,4.352390e-11,1.284480e-15,3.048180e-16
4.830000e-01,1.386207e+00,1.617026e+00,7.161380e-01,2.950160e-04,1.019550e-05,9.673470e-07,8.694820e-13,6.048240e-22,4.001430e-11,1.171850e-15,2.760560e-16
4.840000e-01,1.371930e+00,1.600346e+00,7.161620e-01,2.857200e-04,9.782520e-06,9.146930e-07,7.948600e-13,5.252790e-22,3.678700e-11,1.069060e-15,2.499960e-16
4.850000e-01,1.357816e+00,1.583861e+00,7.161860e-01,2.767260e-04,9.386630e-06,8.650450e-07,7.267100e-13,4.560440e-22,3.381920e-11,9.752410e-16,2.263780e-16
4.860000e-01,1.343860e+00,1.567559e+00,7.162090e-01,2.680220e-04,9.007100e-06,8.182350e-07,6.645260e-13,3.959960e-22,3.109230e-11,8.896950e-16,2.050010e-16
4.870000e-01,1.330059e+00,1.551440e+00,7.162310e-01,2.595960e-04,8.643180e-06,7.740980e-07,6.078200e-13,3.440710e-22,2.858770e-11,8.117450e-16,1.856700e-16
4.880000e-01,1.316413e+00,1.535501e+00,7.162540e-01,2.514360e-04,8.294100e-06,7.324680e-07,5.561010e-13,2.992040e-22,2.628700e-11,7.407110e-16,1.681890e-16
4.890000e-01,1.302918e+00,1.519739e+00,7.162780e-01,2.435300e-04,7.959120e-06,6.931770e-07,5.088770e-13,2.603280e-22,2.417180e-11,6.759150e-16,1.523620e-16
4.900000e-01,1.289567e+00,1.504146e+00,7.163020e-01,2.358660e-04,7.637500e-06,6.560670e-07,4.656790e-13,2.264330e-22,2.222440e-11,6.167060e-16,1.380020e-16
4.910000e-01,1.276368e+00,1.488727e+00,7.163270e-01,2.284380e-04,7.328730e-06,6.210110e-07,4.261610e-13,1.968750e-22,2.043180e-11,5.626080e-16,1.249740e-16
4.920000e-01,1.263313e+00,1.473479e+00,7.163520e-01,2.212390e-04,7.032370e-06,5.878990e-07,3.900320e-13,1.711620e-22,1.878270e-11,5.132220e-16,1.131670e-16
4.930000e-01,1.250402e+00,1.458398e+00,7.163760e-01,2.142660e-04,6.747990e-06,5.566220e-07,3.570010e-13,1.488000e-22,1.726610e-11,4.681500e-16,1.024700e-16
4.940000e-01,1.237636e+00,1.443491e+00,7.163990e-01,2.075120e-04,6.475140e-06,5.270700e-07,3.267840e-13,1.293180e-22,1.587100e-11,4.270010e-16,9.277390e-17
4.950000e-01,1.225012e+00,1.428746e+00,7.164210e-01,2.009730e-04,6.213460e-06,4.991560e-07,2.991580e-13,1.123790e-22,1.458860e-11,3.894640e-16,8.399310e-17
4.960000e-01,1.212529e+00,1.414168e+00,7.164430e-01,1.946460e-04,5.962570e-06,4.728000e-07,2.739270e-13,9.770620e-23,1.341090e-11,3.552590e-16,7.605230e-17
4.970000e-01,1.200183e+00,1.399752e+00,7.164650e-01,1.885250e-04,5.722120e-06,4.479200e-07,2.508940e-13,8.502280e-23,1.232960e-11,3.241080e-16,6.887600e-17
4.980000e-01,1.187973e+00,1.385495e+00,7.164880e-01,1.826080e-04,5.491750e-06,4.244380e-07,2.298630e-13,7.405190e-23,1.133680e-11,2.957320e-16,6.238850e-17
4.990000e-01,1.175898e+00,1.371390e+00,7.165110e-01,1.768900e-04,5.271090e-06,4.022720e-07,2.106360e-13,6.451680e-23,1.042440e-11,2.698520e-16,5.651450e-17
5.000000e-01,1.163954e+00,1.357444e+00,7.165360e-01,1.713620e-04,5.059670e-06,3.813370e-07,1.930340e-13,5.618150e-23,9.584950e-12,2.462140e-16,5.118620e-17
