# B23 standard solar model (Herrera & Serenelli 2023, doi:10.5281/zenodo.10174170, CC-BY-4.0), composition MB22m
# r [R_sun], n_e [N_A/cm^3], rho [g/cm^3], X (H mass fraction), production distributions dN/dr (normalised per R_sun) per component
r,ne,rho,X,pp,pep,hep,be7,b8,n13,o15,f17
0.000000e+00,1.007906e+02,1.499996e+02,3.459240e-01,0.000000e+00,0.000000e+00,0.000000e+00,0.000000e+00,0.000000e+00,0.000000e+00,0.000000e+00,0.000000e+00
1.000000e-03,1.007860e+02,1.499858e+02,3.459690e-01,2.033590e-03,3.207640e-03,8.373450e-04,9.998930e-03,2.497300e-02,1.589890e-02,2.138320e-02,2.330210e-02
2.000000e-03,1.007697e+02,1.499547e+02,3.460370e-01,8.101950e-03,1.277780e-02,3.337120e-03,3.981660e-02,9.936280e-02,6.331770e-02,8.514550e-02,9.280170e-02
3.000000e-03,1.007442e+02,1.498994e+02,3.461790e-01,1.822320e-02,2.873350e-02,7.510340e-03,8.946640e-02,2.230130e-01,1.421510e-01,1.911550e-01,2.083410e-01
4.000000e-03,1.007048e+02,1.498201e+02,3.463840e-01,3.238160e-02,5.104050e-02,1.335640e-02,1.587510e-01,3.950980e-01,2.518740e-01,3.387030e-01,3.691340e-01
5.000000e-03,1.006584e+02,1.497201e+02,3.466500e-01,5.056880e-02,7.967290e-02,2.088000e-02,2.474580e-01,6.146340e-01,3.918640e-01,5.269540e-01,5.742440e-01
6.000000e-03,1.005982e+02,1.495960e+02,3.469750e-01,7.276660e-02,1.145860e-01,3.008420e-02,3.552820e-01,8.802820e-01,5.612750e-01,7.547670e-01,8.224070e-01
7.000000e-03,1.005287e+02,1.494480e+02,3.473610e-01,9.896390e-02,1.557410e-01,4.097710e-02,4.819060e-01,1.190560e+00,7.591760e-01,1.020890e+00,1.112220e+00
8.000000e-03,1.004477e+02,1.492794e+02,3.478040e-01,1.291290e-01,2.030650e-01,5.356030e-02,6.268670e-01,1.543510e+00,9.843320e-01,1.323670e+00,1.441850e+00
9.000000e-03,1.003552e+02,1.490871e+02,3.483060e-01,1.632520e-01,2.565160e-01,6.784750e-02,7.897660e-01,1.937240e+00,1.235570e+00,1.661510e+00,1.809510e+00
1.000000e-02,1.002559e+02,1.488744e+02,3.488660e-01,2.012960e-01,3.160040e-01,8.384200e-02,9.700310e-01,2.369340e+00,1.511370e+00,2.032390e+00,2.212950e+00
1.100000e-02,1.001429e+02,1.486415e+02,3.494850e-01,2.432400e-01,3.814650e-01,1.015570e-01,1.167130e+00,2.837420e+00,1.810240e+00,2.434290e+00,2.649920e+00
1.200000e-02,1.000207e+02,1.483850e+02,3.501600e-01,2.890440e-01,4.527990e-01,1.209990e-01,1.380380e+00,3.338700e+00,2.130480e+00,2.864920e+00,3.117830e+00
1.300000e-02,9.988954e+01,1.481051e+02,3.508930e-01,3.386570e-01,5.298880e-01,1.421720e-01,1.609070e+00,3.870140e+00,2.470150e+00,3.321700e+00,3.613840e+00
1.400000e-02,9.974704e+01,1.478087e+02,3.516830e-01,3.920850e-01,6.126930e-01,1.651040e-01,1.852650e+00,4.429210e+00,2.827750e+00,3.802570e+00,4.135590e+00
1.500000e-02,9.959557e+01,1.474891e+02,3.525280e-01,4.492240e-01,7.010160e-01,1.897830e-01,2.110080e+00,5.012090e+00,3.200870e+00,4.304310e+00,4.679540e+00
1.600000e-02,9.943059e+01,1.471465e+02,3.534300e-01,5.100450e-01,7.947540e-01,2.162260e-01,2.380610e+00,5.615670e+00,3.587620e+00,4.824380e+00,5.242800e+00
1.700000e-02,9.925902e+01,1.467878e+02,3.543870e-01,5.745280e-01,8.938330e-01,2.444560e-01,2.663520e+00,6.236910e+00,3.986160e+00,5.360320e+00,5.822570e+00
1.800000e-02,9.907863e+01,1.464098e+02,3.553980e-01,6.425850e-01,9.980620e-01,2.744700e-01,2.957780e+00,6.872010e+00,4.394140e+00,5.908940e+00,6.415360e+00
1.900000e-02,9.888490e+01,1.460091e+02,3.564640e-01,7.141630e-01,1.107300e+00,3.062810e-01,3.262440e+00,7.517500e+00,4.809450e+00,6.467430e+00,7.017970e+00
2.000000e-02,9.868474e+01,1.455928e+02,3.575840e-01,7.892080e-01,1.221420e+00,3.399000e-01,3.576640e+00,8.169990e+00,5.230030e+00,7.033010e+00,7.627290e+00
2.100000e-02,9.847364e+01,1.451577e+02,3.587560e-01,8.676580e-01,1.340250e+00,3.753400e-01,3.899340e+00,8.825920e+00,5.653780e+00,7.602860e+00,8.240120e+00
2.200000e-02,9.825395e+01,1.447005e+02,3.599800e-01,9.494080e-01,1.463580e+00,4.125940e-01,4.229400e+00,9.481480e+00,6.078350e+00,8.173760e+00,8.852890e+00
2.300000e-02,9.802571e+01,1.442281e+02,3.612560e-01,1.034430e+00,1.591310e+00,4.516850e-01,4.565950e+00,1.013360e+01,6.501940e+00,8.743340e+00,9.462930e+00
2.400000e-02,9.779125e+01,1.437375e+02,3.625820e-01,1.122580e+00,1.723150e+00,4.925970e-01,4.907750e+00,1.077840e+01,6.922120e+00,9.308400e+00,1.006660e+01
2.500000e-02,9.754387e+01,1.432320e+02,3.639590e-01,1.213830e+00,1.859010e+00,5.353560e-01,5.253900e+00,1.141300e+01,7.337300e+00,9.866750e+00,1.066150e+01
2.600000e-02,9.728592e+01,1.427053e+02,3.653850e-01,1.308050e+00,1.998610e+00,5.799440e-01,5.603130e+00,1.203380e+01,7.745240e+00,1.041520e+01,1.124410e+01
2.700000e-02,9.702642e+01,1.421674e+02,3.668590e-01,1.405220e+00,2.141860e+00,6.263940e-01,5.954710e+00,1.263840e+01,8.144570e+00,1.095230e+01,1.181260e+01
2.800000e-02,9.675424e+01,1.416087e+02,3.683820e-01,1.505160e+00,2.288440e+00,6.746710e-01,6.307170e+00,1.322310e+01,8.533020e+00,1.147460e+01,1.236330e+01
2.900000e-02,9.647616e+01,1.410393e+02,3.699500e-01,1.607830e+00,2.438190e+00,7.247930e-01,6.659690e+00,1.378560e+01,8.909260e+00,1.198060e+01,1.289450e+01
3.000000e-02,9.619002e+01,1.404559e+02,3.715660e-01,1.713200e+00,2.591040e+00,7.767940e-01,7.011560e+00,1.432400e+01,9.272220e+00,1.246870e+01,1.340440e+01
3.100000e-02,9.589368e+01,1.398524e+02,3.732260e-01,1.820920e+00,2.746380e+00,8.305560e-01,7.360670e+00,1.483390e+01,9.619100e+00,1.293520e+01,1.388890e+01
3.200000e-02,9.559166e+01,1.392387e+02,3.749300e-01,1.931130e+00,2.904360e+00,8.861840e-01,7.707050e+00,1.531510e+01,9.949930e+00,1.338010e+01,1.434820e+01
3.300000e-02,9.528181e+01,1.386085e+02,3.766770e-01,2.043540e+00,3.064490e+00,9.435860e-01,8.049010e+00,1.576430e+01,1.026260e+01,1.380050e+01,1.477900e+01
3.400000e-02,9.496641e+01,1.379685e+02,3.784680e-01,2.158130e+00,3.226700e+00,1.002800e+00,8.385900e+00,1.618050e+01,1.055660e+01,1.419580e+01,1.518060e+01
3.500000e-02,9.464551e+01,1.373188e+02,3.802990e-01,2.274800e+00,3.390740e+00,1.063800e+00,8.716860e+00,1.656230e+01,1.083100e+01,1.456490e+01,1.555180e+01
3.600000e-02,9.431483e+01,1.366533e+02,3.821710e-01,2.393370e+00,3.556330e+00,1.126570e+00,9.040790e+00,1.690810e+01,1.108480e+01,1.490620e+01,1.589100e+01
3.700000e-02,9.397666e+01,1.359753e+02,3.840820e-01,2.513740e+00,3.723230e+00,1.191070e+00,9.356870e+00,1.721690e+01,1.131740e+01,1.521900e+01,1.619750e+01
3.800000e-02,9.363538e+01,1.352882e+02,3.860320e-01,2.635600e+00,3.890940e+00,1.257220e+00,9.663600e+00,1.748680e+01,1.152740e+01,1.550140e+01,1.646930e+01
3.900000e-02,9.328461e+01,1.345891e+02,3.880190e-01,2.759120e+00,4.059700e+00,1.325120e+00,9.961360e+00,1.771920e+01,1.171570e+01,1.575470e+01,1.670810e+01
4.000000e-02,9.293087e+01,1.338813e+02,3.900420e-01,2.884000e+00,4.228970e+00,1.394660e+00,1.024870e+01,1.791280e+01,1.188160e+01,1.597770e+01,1.691250e+01
4.100000e-02,9.256781e+01,1.331619e+02,3.921000e-01,3.010080e+00,4.398510e+00,1.465810e+00,1.052500e+01,1.806720e+01,1.202460e+01,1.617010e+01,1.708230e+01
4.200000e-02,9.220193e+01,1.324342e+02,3.941940e-01,3.137340e+00,4.568220e+00,1.538570e+00,1.078970e+01,1.818320e+01,1.214490e+01,1.633180e+01,1.721750e+01
4.300000e-02,9.183115e+01,1.316982e+02,3.963210e-01,3.265530e+00,4.737680e+00,1.612870e+00,1.104220e+01,1.826060e+01,1.224240e+01,1.646290e+01,1.731860e+01
4.400000e-02,9.145343e+01,1.309544e+02,3.984790e-01,3.394470e+00,4.906680e+00,1.688640e+00,1.128160e+01,1.829970e+01,1.231710e+01,1.656350e+01,1.738560e+01
4.500000e-02,9.107098e+01,1.301997e+02,4.006690e-01,3.524110e+00,5.074990e+00,1.765890e+00,1.150770e+01,1.830170e+01,1.236950e+01,1.663410e+01,1.741930e+01
4.600000e-02,9.068177e+01,1.294375e+02,4.028880e-01,3.654080e+00,5.242050e+00,1.844450e+00,1.171950e+01,1.826640e+01,1.239960e+01,1.667450e+01,1.741980e+01
4.700000e-02,9.028591e+01,1.286678e+02,4.051370e-01,3.784520e+00,5.408100e+00,1.924410e+00,1.191740e+01,1.819630e+01,1.240820e+01,1.668620e+01,1.738880e+01
4.800000e-02,8.988764e+01,1.278910e+02,4.074130e-01,3.915080e+00,5.572630e+00,2.005630e+00,1.210050e+01,1.809160e+01,1.239570e+01,1.666940e+01,1.732680e+01
4.900000e-02,8.948495e+01,1.271101e+02,4.097170e-01,4.045770e+00,5.735610e+00,2.088130e+00,1.226900e+01,1.795450e+01,1.236280e+01,1.662520e+01,1.723510e+01
5.000000e-02,8.907791e+01,1.263223e+02,4.120450e-01,4.176310e+00,5.896650e+00,2.171760e+00,1.242240e+01,1.778570e+01,1.231030e+01,1.655470e+01,1.711510e+01
5.100000e-02,8.866659e+01,1.255278e+02,4.143990e-01,4.306640e+00,6.055610e+00,2.256540e+00,1.256050e+01,1.758740e+01,1.223890e+01,1.645860e+01,1.696800e+01
5.200000e-02,8.825107e+01,1.247297e+02,4.167770e-01,4.436610e+00,6.212320e+00,2.342390e+00,1.268340e+01,1.736100e+01,1.214920e+01,1.633810e+01,1.679480e+01
5.300000e-02,8.783346e+01,1.239282e+02,4.191770e-01,4.566010e+00,6.366500e+00,2.429190e+00,1.279090e+01,1.710830e+01,1.204240e+01,1.619460e+01,1.659770e+01
5.400000e-02,8.741179e+01,1.231204e+02,4.215970e-01,4.694600e+00,6.517750e+00,2.516860e+00,1.288250e+01,1.683060e+01,1.191850e+01,1.602810e+01,1.637660e+01
5.500000e-02,8.698613e+01,1.223094e+02,4.240390e-01,4.822710e+00,6.666600e+00,2.605550e+00,1.296000e+01,1.653140e+01,1.178030e+01,1.584220e+01,1.613580e+01
5.600000e-02,8.655656e+01,1.214954e+02,4.265010e-01,4.949450e+00,6.811780e+00,2.694820e+00,1.302100e+01,1.621000e+01,1.162620e+01,1.563520e+01,1.587350e+01
5.700000e-02,8.612713e+01,1.206841e+02,4.289800e-01,5.075490e+00,6.954250e+00,2.785000e+00,1.306790e+01,1.587110e+01,1.145970e+01,1.541130e+01,1.559450e+01
5.800000e-02,8.568997e+01,1.198616e+02,4.314770e-01,5.199920e+00,7.092790e+00,2.875610e+00,1.309920e+01,1.551400e+01,1.127980e+01,1.516940e+01,1.529770e+01
5.900000e-02,8.525306e+01,1.190419e+02,4.339900e-01,5.323310e+00,7.228160e+00,2.966970e+00,1.311640e+01,1.514300e+01,1.108900e+01,1.491290e+01,1.498680e+01
6.000000e-02,8.481253e+01,1.182170e+02,4.365180e-01,5.444870e+00,7.359310e+00,3.058630e+00,1.311850e+01,1.475780e+01,1.088680e+01,1.464120e+01,1.466150e+01
6.100000e-02,8.437232e+01,1.173924e+02,4.390610e-01,5.565120e+00,7.487000e+00,3.150870e+00,1.310750e+01,1.436220e+01,1.067570e+01,1.435730e+01,1.432510e+01
6.200000e-02,8.392667e+01,1.165682e+02,4.416160e-01,5.683330e+00,7.610310e+00,3.243290e+00,1.308190e+01,1.395640e+01,1.045530e+01,1.406120e+01,1.397760e+01
6.300000e-02,8.348145e+01,1.157417e+02,4.441850e-01,5.799900e+00,7.729710e+00,3.336080e+00,1.304340e+01,1.354320e+01,1.022770e+01,1.375510e+01,1.362170e+01
6.400000e-02,8.303286e+01,1.149132e+02,4.467650e-01,5.914310e+00,7.844600e+00,3.428950e+00,1.299170e+01,1.312380e+01,9.993050e+00,1.343980e+01,1.325800e+01
6.500000e-02,8.258097e+01,1.140828e+02,4.493550e-01,6.026240e+00,7.954620e+00,3.521690e+00,1.292660e+01,1.269910e+01,9.752030e+00,1.311570e+01,1.288750e+01
6.600000e-02,8.212966e+01,1.132557e+02,4.519550e-01,6.136390e+00,8.060700e+00,3.614700e+00,1.285040e+01,1.227260e+01,9.506820e+00,1.278610e+01,1.251330e+01
6.700000e-02,8.167516e+01,1.124268e+02,4.545630e-01,6.244090e+00,8.162030e+00,3.707570e+00,1.276230e+01,1.184450e+01,9.257370e+00,1.245080e+01,1.213540e+01
6.800000e-02,8.122131e+01,1.116015e+02,4.571790e-01,6.349310e+00,8.258610e+00,3.800250e+00,1.266290e+01,1.141630e+01,9.004530e+00,1.211090e+01,1.175510e+01
6.900000e-02,8.076441e+01,1.107720e+02,4.598020e-01,6.451800e+00,8.350180e+00,3.892580e+00,1.255250e+01,1.098920e+01,8.749140e+00,1.176760e+01,1.137370e+01
7.000000e-02,8.030637e+01,1.099461e+02,4.624300e-01,6.552130e+00,8.437530e+00,3.984880e+00,1.243300e+01,1.056560e+01,8.492780e+00,1.142290e+01,1.099320e+01
7.100000e-02,7.984910e+01,1.091214e+02,4.650630e-01,6.649150e+00,8.519140e+00,4.076420e+00,1.230270e+01,1.014480e+01,8.234700e+00,1.107600e+01,1.061280e+01
7.200000e-02,7.938711e+01,1.082979e+02,4.677000e-01,6.743480e+00,8.596020e+00,4.167560e+00,1.216360e+01,9.729030e+00,7.976600e+00,1.072900e+01,1.023480e+01
7.300000e-02,7.892780e+01,1.074756e+02,4.703410e-01,6.835150e+00,8.668200e+00,4.258280e+00,1.201630e+01,9.319430e+00,7.719190e+00,1.038300e+01,9.860190e+00
7.400000e-02,7.846573e+01,1.066547e+02,4.729830e-01,6.923570e+00,8.734960e+00,4.348170e+00,1.186060e+01,8.916260e+00,7.462600e+00,1.003810e+01,9.489190e+00
7.500000e-02,7.800277e+01,1.058352e+02,4.756280e-01,7.009180e+00,8.796960e+00,4.437520e+00,1.169790e+01,8.520840e+00,7.207870e+00,9.695630e+00,9.123090e+00
7.600000e-02,7.754075e+01,1.050171e+02,4.782710e-01,7.091200e+00,8.853280e+00,4.525750e+00,1.152750e+01,8.133170e+00,6.954910e+00,9.355590e+00,8.761860e+00
7.700000e-02,7.707615e+01,1.042053e+02,4.809160e-01,7.170520e+00,8.905140e+00,4.613430e+00,1.135140e+01,7.754880e+00,6.705090e+00,9.019720e+00,8.407160e+00
7.800000e-02,7.661256e+01,1.033927e+02,4.835590e-01,7.246290e+00,8.951440e+00,4.699950e+00,1.116910e+01,7.385710e+00,6.458110e+00,8.687750e+00,8.058710e+00
7.900000e-02,7.614826e+01,1.025817e+02,4.861990e-01,7.318960e+00,8.992980e+00,4.785580e+00,1.098170e+01,7.026610e+00,6.214930e+00,8.360850e+00,7.717640e+00
8.000000e-02,7.568503e+01,1.017771e+02,4.888360e-01,7.388130e+00,9.029210e+00,4.870010e+00,1.078930e+01,6.677640e+00,5.975530e+00,8.038990e+00,7.383910e+00
8.100000e-02,7.522116e+01,1.009741e+02,4.914710e-01,7.453890e+00,9.060300e+00,4.953270e+00,1.059260e+01,6.339280e+00,5.740370e+00,7.722870e+00,7.058110e+00
8.200000e-02,7.475496e+01,1.001728e+02,4.941010e-01,7.516570e+00,9.086880e+00,5.035530e+00,1.039260e+01,6.012100e+00,5.510080e+00,7.413290e+00,6.740950e+00
8.300000e-02,7.429336e+01,9.937565e+01,4.967250e-01,7.575160e+00,9.107610e+00,5.116060e+00,1.018850e+01,5.695470e+00,5.284110e+00,7.109510e+00,6.431740e+00
8.400000e-02,7.382611e+01,9.858254e+01,4.993430e-01,7.630750e+00,9.124060e+00,5.195580e+00,9.982140e+00,5.390430e+00,5.063470e+00,6.812940e+00,6.131760e+00
8.500000e-02,7.336349e+01,9.779125e+01,5.019550e-01,7.682580e+00,9.135220e+00,5.273470e+00,9.773090e+00,5.096480e+00,4.847940e+00,6.523180e+00,5.840510e+00
8.600000e-02,7.289874e+01,9.700408e+01,5.045590e-01,7.731090e+00,9.141820e+00,5.350030e+00,9.562400e+00,4.813960e+00,4.637960e+00,6.240900e+00,5.558550e+00
8.700000e-02,7.243526e+01,9.622103e+01,5.071560e-01,7.775870e+00,9.143410e+00,5.424940e+00,9.350020e+00,4.542650e+00,4.433520e+00,5.966030e+00,5.285700e+00
8.800000e-02,7.197307e+01,9.544210e+01,5.097420e-01,7.817350e+00,9.140530e+00,5.498420e+00,9.136820e+00,4.282690e+00,4.234900e+00,5.699070e+00,5.022240e+00
8.900000e-02,7.150888e+01,9.466730e+01,5.123210e-01,7.855010e+00,9.132790e+00,5.570070e+00,8.922640e+00,4.033690e+00,4.042030e+00,5.439750e+00,4.767860e+00
9.000000e-02,7.104770e+01,9.389663e+01,5.148880e-01,7.889150e+00,9.120410e+00,5.640020e+00,8.708180e+00,3.795690e+00,3.855070e+00,5.188400e+00,4.522770e+00
9.100000e-02,7.058623e+01,9.312794e+01,5.174440e-01,7.919960e+00,9.103840e+00,5.708410e+00,8.494040e+00,3.568650e+00,3.674210e+00,4.945270e+00,4.287080e+00
9.200000e-02,7.012454e+01,9.236555e+01,5.199890e-01,7.947010e+00,9.082630e+00,5.774830e+00,8.280060e+00,3.352060e+00,3.499170e+00,4.709960e+00,4.060350e+00
9.300000e-02,6.966586e+01,9.160728e+01,5.225220e-01,7.970880e+00,9.057500e+00,5.839670e+00,8.067130e+00,3.146000e+00,3.330230e+00,4.482850e+00,3.842890e+00
9.400000e-02,6.920540e+01,9.085106e+01,5.250430e-01,7.990770e+00,9.027640e+00,5.902320e+00,7.854800e+00,2.949890e+00,3.167030e+00,4.263440e+00,3.634120e+00
9.500000e-02,6.874799e+01,9.010316e+01,5.275500e-01,8.007480e+00,8.994030e+00,5.963240e+00,7.644050e+00,2.763750e+00,3.009820e+00,4.052090e+00,3.434270e+00
9.600000e-02,6.828888e+01,8.935523e+01,5.300430e-01,8.020850e+00,8.956430e+00,6.022320e+00,7.434970e+00,2.587240e+00,2.858470e+00,3.848620e+00,3.243120e+00
9.700000e-02,6.783284e+01,8.861352e+01,5.325240e-01,8.030300e+00,8.914530e+00,6.079040e+00,7.227330e+00,2.419840e+00,2.712750e+00,3.652710e+00,3.060230e+00
9.800000e-02,6.737674e+01,8.787797e+01,5.349870e-01,8.036810e+00,8.869250e+00,6.134100e+00,7.022140e+00,2.261570e+00,2.572870e+00,3.464660e+00,2.885780e+00
9.900000e-02,6.692063e+01,8.714250e+01,5.374380e-01,8.039870e+00,8.820180e+00,6.187020e+00,6.819170e+00,2.111920e+00,2.438570e+00,3.284090e+00,2.719350e+00
1.000000e-01,6.646760e+01,8.641517e+01,5.398730e-01,8.039770e+00,8.767740e+00,6.238060e+00,6.618780e+00,1.970630e+00,2.309780e+00,3.110950e+00,2.560760e+00
1.010000e-01,6.601460e+01,8.569392e+01,5.422880e-01,8.036060e+00,8.711540e+00,6.286680e+00,6.420990e+00,1.837430e+00,2.186450e+00,2.945140e+00,2.409870e+00
1.020000e-01,6.556318e+01,8.497477e+01,5.446920e-01,8.029590e+00,8.652430e+00,6.333600e+00,6.226170e+00,1.711870e+00,2.068360e+00,2.786380e+00,2.266300e+00
1.030000e-01,6.511184e+01,8.425972e+01,5.470770e-01,8.019640e+00,8.589810e+00,6.378170e+00,6.034200e+00,1.593670e+00,1.955410e+00,2.634520e+00,2.129870e+00
1.040000e-01,6.466362e+01,8.355068e+01,5.494440e-01,8.006680e+00,8.524220e+00,6.420630e+00,5.845530e+00,1.482600e+00,1.847560e+00,2.489510e+00,2.000430e+00
1.050000e-01,6.421552e+01,8.284571e+01,5.517960e-01,7.990490e+00,8.455480e+00,6.460880e+00,5.659870e+00,1.378170e+00,1.744480e+00,2.350930e+00,1.877550e+00
1.060000e-01,6.376759e+01,8.214479e+01,5.541270e-01,7.971510e+00,8.384150e+00,6.499120e+00,5.477860e+00,1.280250e+00,1.646250e+00,2.218850e+00,1.761220e+00
1.070000e-01,6.332133e+01,8.144980e+01,5.564420e-01,7.949720e+00,8.310190e+00,6.535270e+00,5.299360e+00,1.188460e+00,1.552610e+00,2.092950e+00,1.651070e+00
1.080000e-01,6.287963e+01,8.076069e+01,5.587390e-01,7.924770e+00,8.233400e+00,6.569110e+00,5.124220e+00,1.102420e+00,1.463370e+00,1.972980e+00,1.546820e+00
1.090000e-01,6.243527e+01,8.007372e+01,5.610140e-01,7.897050e+00,8.154200e+00,6.600690e+00,4.952910e+00,1.022000e+00,1.378550e+00,1.858920e+00,1.448370e+00
1.100000e-01,6.199405e+01,7.939260e+01,5.632730e-01,7.866790e+00,8.072810e+00,6.630350e+00,4.785230e+00,9.467440e-01,1.297850e+00,1.750420e+00,1.355320e+00
1.110000e-01,6.155311e+01,7.871545e+01,5.655120e-01,7.833500e+00,7.988880e+00,6.657560e+00,4.621170e+00,8.764260e-01,1.221160e+00,1.647300e+00,1.267460e+00
1.120000e-01,6.111390e+01,7.804229e+01,5.677310e-01,7.797980e+00,7.903210e+00,6.682900e+00,4.461060e+00,8.108350e-01,1.148420e+00,1.549510e+00,1.184670e+00
1.130000e-01,6.067782e+01,7.737666e+01,5.699300e-01,7.759550e+00,7.815210e+00,6.705740e+00,4.304650e+00,7.496580e-01,1.079410e+00,1.456720e+00,1.106630e+00
1.140000e-01,6.024070e+01,7.671318e+01,5.721070e-01,7.719230e+00,7.725940e+00,6.726920e+00,4.152370e+00,6.927080e-01,1.014070e+00,1.368860e+00,1.033220e+00
1.150000e-01,5.980672e+01,7.605714e+01,5.742670e-01,7.676010e+00,7.634410e+00,6.745560e+00,4.003610e+00,6.396270e-01,9.520890e-01,1.285520e+00,9.640700e-01
1.160000e-01,5.937314e+01,7.540324e+01,5.764060e-01,7.630660e+00,7.541420e+00,6.762210e+00,3.858770e+00,5.902420e-01,8.934160e-01,1.206630e+00,8.990430e-01
1.170000e-01,5.894270e+01,7.475496e+01,5.785230e-01,7.583220e+00,7.447130e+00,6.776890e+00,3.717910e+00,5.443830e-01,8.379640e-01,1.132070e+00,8.380100e-01
1.180000e-01,5.851268e+01,7.411225e+01,5.806180e-01,7.533380e+00,7.351230e+00,6.789230e+00,3.580810e+00,5.017780e-01,7.855250e-01,1.061550e+00,7.806850e-01
1.190000e-01,5.808447e+01,7.347338e+01,5.826930e-01,7.481470e+00,7.254050e+00,6.799470e+00,3.447500e+00,4.622330e-01,7.359800e-01,9.949390e-01,7.269000e-01
1.200000e-01,5.765806e+01,7.283833e+01,5.847470e-01,7.427400e+00,7.155580e+00,6.807570e+00,3.317840e+00,4.255380e-01,6.891760e-01,9.320040e-01,6.764380e-01
1.210000e-01,5.723214e+01,7.220878e+01,5.867800e-01,7.371550e+00,7.056210e+00,6.813770e+00,3.192050e+00,3.915380e-01,6.450390e-01,8.726400e-01,6.291670e-01
1.220000e-01,5.680807e+01,7.158302e+01,5.887920e-01,7.313960e+00,6.955990e+00,6.818020e+00,3.069990e+00,3.600560e-01,6.034350e-01,8.166770e-01,5.849110e-01
1.230000e-01,5.638713e+01,7.096268e+01,5.907800e-01,7.254400e+00,6.854790e+00,6.820070e+00,2.951590e+00,3.309300e-01,5.642580e-01,7.639550e-01,5.435070e-01
1.240000e-01,5.596545e+01,7.034610e+01,5.927480e-01,7.193060e+00,6.752790e+00,6.820100e+00,2.836770e+00,3.039870e-01,5.273970e-01,7.142880e-01,5.047700e-01
1.250000e-01,5.554820e+01,6.973487e+01,5.946940e-01,7.130270e+00,6.650290e+00,6.818300e+00,2.725580e+00,2.790910e-01,4.928130e-01,6.675490e-01,4.685720e-01
1.260000e-01,5.513152e+01,6.913055e+01,5.966170e-01,7.065980e+00,6.547360e+00,6.814640e+00,2.617970e+00,2.561090e-01,4.604830e-01,6.236080e-01,4.347780e-01
1.270000e-01,5.471671e+01,6.852673e+01,5.985180e-01,7.000180e+00,6.443910e+00,6.809050e+00,2.513760e+00,2.348860e-01,4.304220e-01,5.822760e-01,4.032150e-01
1.280000e-01,5.430252e+01,6.792975e+01,6.003990e-01,6.932710e+00,6.339850e+00,6.801340e+00,2.412840e+00,2.152990e-01,4.028190e-01,5.434120e-01,3.737450e-01
1.290000e-01,5.389023e+01,6.733487e+01,6.022560e-01,6.864190e+00,6.235790e+00,6.792040e+00,2.315370e+00,1.972570e-01,3.779350e-01,5.069430e-01,3.462890e-01
1.300000e-01,5.347983e+01,6.674673e+01,6.040920e-01,6.794280e+00,6.131400e+00,6.780790e+00,2.221130e+00,1.806330e-01,3.565050e-01,4.727010e-01,3.206960e-01
1.310000e-01,5.307133e+01,6.616069e+01,6.059060e-01,6.723010e+00,6.026810e+00,6.767590e+00,2.130040e+00,1.653230e-01,3.391840e-01,4.405620e-01,2.968510e-01
1.320000e-01,5.266353e+01,6.558130e+01,6.076960e-01,6.650760e+00,5.922320e+00,6.752700e+00,2.042160e+00,1.512460e-01,3.271050e-01,4.104430e-01,2.746700e-01
1.330000e-01,5.226007e+01,6.500548e+01,6.094630e-01,6.577490e+00,5.817940e+00,6.736120e+00,1.957370e+00,1.383040e-01,3.222530e-01,3.822090e-01,2.540380e-01
1.340000e-01,5.185612e+01,6.443324e+01,6.112100e-01,6.503310e+00,5.713750e+00,6.717940e+00,1.875540e+00,1.264050e-01,3.265780e-01,3.557350e-01,2.348460e-01
1.350000e-01,5.145529e+01,6.386604e+01,6.129350e-01,6.427980e+00,5.609540e+00,6.697810e+00,1.796560e+00,1.154700e-01,3.430240e-01,3.309050e-01,2.169980e-01
1.360000e-01,5.105403e+01,6.330237e+01,6.146380e-01,6.351860e+00,5.505700e+00,6.676110e+00,1.720450e+00,1.054340e-01,3.751890e-01,3.076400e-01,2.004240e-01
1.370000e-01,5.065706e+01,6.274368e+01,6.163190e-01,6.275170e+00,5.402400e+00,6.653000e+00,1.647190e+00,9.623270e-02,4.242930e-01,2.858540e-01,1.850480e-01
1.380000e-01,5.025971e+01,6.218992e+01,6.179760e-01,6.197710e+00,5.299470e+00,6.628270e+00,1.576620e+00,8.779320e-02,4.971050e-01,2.654220e-01,1.707760e-01
1.390000e-01,4.986548e+01,6.163963e+01,6.196120e-01,6.119650e+00,5.197050e+00,6.602010e+00,1.508680e+00,8.006020e-02,5.954080e-01,2.462650e-01,1.575430e-01
1.400000e-01,4.947320e+01,6.109280e+01,6.212280e-01,6.041090e+00,5.095250e+00,6.574420e+00,1.443290e+00,7.297400e-02,7.237350e-01,2.282870e-01,1.452710e-01
1.410000e-01,4.908175e+01,6.055082e+01,6.228190e-01,5.961940e+00,4.994030e+00,6.545220e+00,1.380420e+00,6.649140e-02,8.856860e-01,2.114210e-01,1.339090e-01
1.420000e-01,4.869339e+01,6.001364e+01,6.243920e-01,5.882650e+00,4.893670e+00,6.514970e+00,1.319980e+00,6.055770e-02,1.079630e+00,1.955870e-01,1.233850e-01
1.430000e-01,4.830588e+01,5.947987e+01,6.259410e-01,5.802740e+00,4.793900e+00,6.483080e+00,1.261870e+00,5.513210e-02,1.312720e+00,1.807080e-01,1.136450e-01
1.440000e-01,4.792035e+01,5.894948e+01,6.274710e-01,5.722990e+00,4.695250e+00,6.450410e+00,1.206090e+00,5.017300e-02,1.578520e+00,1.667380e-01,1.046360e-01
1.450000e-01,4.753681e+01,5.842383e+01,6.289790e-01,5.640710e+00,4.595590e+00,6.413870e+00,1.152070e+00,4.562550e-02,1.881980e+00,1.535450e-01,9.626830e-02
1.460000e-01,4.715416e+01,5.790152e+01,6.304660e-01,5.560670e+00,4.498800e+00,6.378860e+00,1.100680e+00,4.149170e-02,2.216020e+00,1.412200e-01,8.857560e-02
1.470000e-01,4.677567e+01,5.738389e+01,6.319300e-01,5.480640e+00,4.403060e+00,6.342760e+00,1.051400e+00,3.772130e-02,2.576840e+00,1.296530e-01,8.147340e-02
1.480000e-01,4.639701e+01,5.687089e+01,6.333760e-01,5.399700e+00,4.307570e+00,6.304600e+00,1.003920e+00,3.427280e-02,2.961280e+00,1.187680e-01,7.489760e-02
1.490000e-01,4.601930e+01,5.635987e+01,6.348010e-01,5.317360e+00,4.212040e+00,6.263700e+00,9.581640e-01,3.112180e-02,3.357270e+00,1.085480e-01,6.881310e-02
1.500000e-01,4.564571e+01,5.585345e+01,6.362070e-01,5.237860e+00,4.119750e+00,6.225030e+00,9.147660e-01,2.826470e-02,3.767930e+00,9.902780e-02,6.323330e-02
1.510000e-01,4.527203e+01,5.535158e+01,6.375900e-01,5.157600e+00,4.027890e+00,6.184310e+00,8.730410e-01,2.565830e-02,4.177260e+00,9.012490e-02,5.807960e-02
1.520000e-01,4.490141e+01,5.485169e+01,6.389550e-01,5.076600e+00,3.936410e+00,6.141580e+00,8.328850e-01,2.327890e-02,4.580630e+00,8.180250e-02,5.331630e-02
1.530000e-01,4.453177e+01,5.435757e+01,6.403000e-01,4.994710e+00,3.845310e+00,6.096580e+00,7.942750e-01,2.111020e-02,4.968360e+00,7.405370e-02,4.892030e-02
1.540000e-01,4.416416e+01,5.386541e+01,6.416250e-01,4.916300e+00,3.757830e+00,6.054650e+00,7.577810e-01,1.914840e-02,5.341930e+00,6.690220e-02,4.489900e-02
1.550000e-01,4.379858e+01,5.337895e+01,6.429310e-01,4.834720e+00,3.668930e+00,6.007610e+00,7.223420e-01,1.735240e-02,5.683910e+00,6.024950e-02,4.116810e-02
1.560000e-01,4.343402e+01,5.289444e+01,6.442160e-01,4.756120e+00,3.583300e+00,5.963020e+00,6.888200e-01,1.572890e-02,5.997240e+00,5.414950e-02,3.775770e-02
1.570000e-01,4.307150e+01,5.241433e+01,6.454820e-01,4.676090e+00,3.497510e+00,5.915380e+00,6.564840e-01,1.424770e-02,6.272470e+00,4.852410e-02,3.460610e-02
1.580000e-01,4.271103e+01,5.193738e+01,6.467290e-01,4.597680e+00,3.413930e+00,5.868610e+00,6.257280e-01,1.290560e-02,6.511220e+00,4.338340e-02,3.171670e-02
1.590000e-01,4.235357e+01,5.146477e+01,6.479560e-01,4.518690e+00,3.330850e+00,5.819770e+00,5.961740e-01,1.168410e-02,6.707170e+00,3.868390e-02,2.905380e-02
1.600000e-01,4.199717e+01,5.099411e+01,6.491650e-01,4.440800e+00,3.249510e+00,5.771090e+00,5.680000e-01,1.057650e-02,6.861330e+00,3.441580e-02,2.661030e-02
1.610000e-01,4.164281e+01,5.052775e+01,6.503540e-01,4.361630e+00,3.168180e+00,5.719460e+00,5.408520e-01,9.567430e-03,6.970060e+00,3.053710e-02,2.435580e-02
1.620000e-01,4.128954e+01,5.006567e+01,6.515230e-01,4.285630e+00,3.090090e+00,5.670610e+00,5.152410e-01,8.658160e-03,7.040960e+00,2.705670e-02,2.230100e-02
1.630000e-01,4.093832e+01,4.960666e+01,6.526740e-01,4.208270e+00,3.011920e+00,5.618680e+00,4.905420e-01,7.829520e-03,7.068240e+00,2.391440e-02,2.040440e-02
1.640000e-01,4.059009e+01,4.915073e+01,6.538070e-01,4.132250e+00,2.935620e+00,5.567240e+00,4.670330e-01,7.079530e-03,7.058200e+00,2.110300e-02,1.866730e-02
1.650000e-01,4.024297e+01,4.869900e+01,6.549190e-01,4.057390e+00,2.861020e+00,5.515980e+00,4.446530e-01,6.400920e-03,7.013000e+00,1.859630e-02,1.707660e-02
1.660000e-01,3.989698e+01,4.825030e+01,6.560130e-01,3.981550e+00,2.786600e+00,5.462020e+00,4.231080e-01,5.783570e-03,6.931970e+00,1.635840e-02,1.561120e-02
1.670000e-01,3.955305e+01,4.780353e+01,6.570890e-01,3.907540e+00,2.714340e+00,5.409280e+00,4.026590e-01,5.225750e-03,6.823120e+00,1.437680e-02,1.427140e-02
1.680000e-01,3.921209e+01,4.736200e+01,6.581460e-01,3.833610e+00,2.643010e+00,5.355250e+00,3.830960e-01,4.720250e-03,6.686490e+00,1.262460e-02,1.304230e-02
1.690000e-01,3.887317e+01,4.692346e+01,6.591850e-01,3.761620e+00,2.573850e+00,5.302570e+00,3.645430e-01,4.263920e-03,6.528720e+00,1.108280e-02,1.191970e-02
1.700000e-01,3.853541e+01,4.648791e+01,6.602050e-01,3.689180e+00,2.505220e+00,5.247890e+00,3.467450e-01,3.849930e-03,6.349220e+00,9.724360e-03,1.088850e-02
1.710000e-01,3.819970e+01,4.605640e+01,6.612070e-01,3.618100e+00,2.438330e+00,5.193790e+00,3.298170e-01,3.475730e-03,6.154430e+00,8.532360e-03,9.945320e-03
1.720000e-01,3.786692e+01,4.562785e+01,6.621920e-01,3.547000e+00,2.372240e+00,5.138250e+00,3.136090e-01,3.136610e-03,5.944760e+00,7.487540e-03,9.079960e-03
1.730000e-01,3.753445e+01,4.520224e+01,6.631590e-01,3.477020e+00,2.307670e+00,5.082990e+00,2.981770e-01,2.830040e-03,5.725010e+00,6.574640e-03,8.288230e-03
1.740000e-01,3.720574e+01,4.477958e+01,6.641080e-01,3.408340e+00,2.244800e+00,5.028240e+00,2.835220e-01,2.553550e-03,5.498650e+00,5.779360e-03,7.565730e-03
1.750000e-01,3.687738e+01,4.435984e+01,6.650400e-01,3.339380e+00,2.182480e+00,4.971670e+00,2.694600e-01,2.302730e-03,5.265550e+00,5.083140e-03,6.902140e-03
1.760000e-01,3.655275e+01,4.394505e+01,6.659540e-01,3.272410e+00,2.122260e+00,4.916630e+00,2.561610e-01,2.077030e-03,5.031740e+00,4.478130e-03,6.298070e-03
1.770000e-01,3.622847e+01,4.353214e+01,6.668520e-01,3.206060e+00,2.063150e+00,4.861240e+00,2.434630e-01,1.872750e-03,4.796310e+00,3.950610e-03,5.744680e-03
1.780000e-01,3.590707e+01,4.312310e+01,6.677330e-01,3.138930e+00,2.004300e+00,4.803180e+00,2.312570e-01,1.687530e-03,4.559600e+00,3.489710e-03,5.236580e-03
1.790000e-01,3.558771e+01,4.271693e+01,6.685970e-01,3.074480e+00,1.947870e+00,4.747890e+00,2.197580e-01,1.521130e-03,4.328090e+00,3.089500e-03,4.774950e-03
1.800000e-01,3.526956e+01,4.231360e+01,6.694460e-01,3.010180e+00,1.892260e+00,4.691380e+00,2.087630e-01,1.370660e-03,4.099590e+00,2.739920e-03,4.352360e-03
1.810000e-01,3.495345e+01,4.191312e+01,6.702790e-01,2.947230e+00,1.838180e+00,4.635700e+00,1.983190e-01,1.234900e-03,3.876570e+00,2.434690e-03,3.966620e-03
1.820000e-01,3.464017e+01,4.151739e+01,6.710950e-01,2.884420e+00,1.784890e+00,4.578740e+00,1.883370e-01,1.112230e-03,3.658730e+00,2.167530e-03,3.613800e-03
1.830000e-01,3.432733e+01,4.112255e+01,6.718960e-01,2.822850e+00,1.733030e+00,4.522430e+00,1.788560e-01,1.001660e-03,3.448050e+00,1.933680e-03,3.292020e-03
1.840000e-01,3.401810e+01,4.073240e+01,6.726820e-01,2.762830e+00,1.682780e+00,4.467240e+00,1.698740e-01,9.021270e-04,3.245510e+00,1.728740e-03,2.999010e-03
1.850000e-01,3.371010e+01,4.034503e+01,6.734530e-01,2.702720e+00,1.633130e+00,4.410510e+00,1.612690e-01,8.120740e-04,3.049490e+00,1.548070e-03,2.730620e-03
1.860000e-01,3.340335e+01,3.995950e+01,6.742090e-01,2.643870e+00,1.584870e+00,4.354470e+00,1.531010e-01,7.309480e-04,2.861870e+00,1.389010e-03,2.486020e-03
1.870000e-01,3.309939e+01,3.957765e+01,6.749500e-01,2.585970e+00,1.537800e+00,4.298650e+00,1.453370e-01,6.578570e-04,2.682610e+00,1.248600e-03,2.263020e-03
1.880000e-01,3.279669e+01,3.919855e+01,6.756770e-01,2.528150e+00,1.491390e+00,4.241600e+00,1.379060e-01,5.917690e-04,2.510910e+00,1.123800e-03,2.058950e-03
1.890000e-01,3.249601e+01,3.882308e+01,6.763910e-01,2.472150e+00,1.446640e+00,4.186240e+00,1.308850e-01,5.323990e-04,2.348460e+00,1.013380e-03,1.873530e-03
1.900000e-01,3.219734e+01,3.844944e+01,6.770900e-01,2.417080e+00,1.403040e+00,4.131090e+00,1.242150e-01,4.789470e-04,2.194300e+00,9.153220e-04,1.704610e-03
1.910000e-01,3.190142e+01,3.808027e+01,6.777750e-01,2.362390e+00,1.360230e+00,4.075280e+00,1.178500e-01,4.307290e-04,2.047870e+00,8.277910e-04,1.550380e-03
1.920000e-01,3.160676e+01,3.771377e+01,6.784470e-01,2.308810e+00,1.318630e+00,4.020000e+00,1.118090e-01,3.873310e-04,1.909780e+00,7.495040e-04,1.409970e-03
1.930000e-01,3.131410e+01,3.734909e+01,6.791050e-01,2.256240e+00,1.278130e+00,3.965170e+00,1.060690e-01,3.482440e-04,1.779560e+00,6.793400e-04,1.282060e-03
1.940000e-01,3.102201e+01,3.698708e+01,6.797520e-01,2.204560e+00,1.238690e+00,3.910640e+00,1.006160e-01,3.130640e-04,1.656850e+00,6.164430e-04,1.165560e-03
1.950000e-01,3.073336e+01,3.662942e+01,6.803850e-01,2.153080e+00,1.199890e+00,3.855100e+00,9.540320e-02,2.813080e-04,1.540980e+00,5.596890e-04,1.059130e-03
1.960000e-01,3.044668e+01,3.627354e+01,6.810060e-01,2.103290e+00,1.162530e+00,3.801270e+00,9.048490e-02,2.528270e-04,1.432710e+00,5.087500e-04,9.626050e-04
1.970000e-01,3.016130e+01,3.592113e+01,6.816140e-01,2.054320e+00,1.126140e+00,3.747650e+00,8.581080e-02,2.271940e-04,1.331140e+00,4.627720e-04,8.747200e-04
1.980000e-01,2.987790e+01,3.557050e+01,6.822110e-01,2.005690e+00,1.090420e+00,3.693360e+00,8.134770e-02,2.040700e-04,1.235660e+00,4.210800e-04,7.944950e-04
1.990000e-01,2.959648e+01,3.522330e+01,6.827950e-01,1.958250e+00,1.055830e+00,3.639960e+00,7.712300e-02,1.833120e-04,1.146560e+00,3.834270e-04,7.216520e-04
2.000000e-01,2.931703e+01,3.487868e+01,6.833680e-01,1.911720e+00,1.022200e+00,3.586980e+00,7.311350e-02,1.646500e-04,1.063340e+00,3.493130e-04,6.554100e-04
2.010000e-01,2.903889e+01,3.453663e+01,6.839290e-01,1.866040e+00,9.894880e-01,3.534300e+00,6.930600e-02,1.478700e-04,9.856620e-01,3.183600e-04,5.951630e-04
2.020000e-01,2.876405e+01,3.419794e+01,6.844780e-01,1.821310e+00,9.577240e-01,3.482210e+00,6.569370e-02,1.327850e-04,9.132300e-01,2.902550e-04,5.403790e-04
2.030000e-01,2.849050e+01,3.386180e+01,6.850180e-01,1.777650e+00,9.269480e-01,3.430940e+00,6.227190e-02,1.192340e-04,8.457980e-01,2.647360e-04,4.906100e-04
2.040000e-01,2.821825e+01,3.352818e+01,6.855450e-01,1.734110e+00,8.966690e-01,3.378610e+00,5.900090e-02,1.070200e-04,7.827310e-01,2.414370e-04,4.452120e-04
2.050000e-01,2.794860e+01,3.319709e+01,6.860630e-01,1.692040e+00,8.675610e-01,3.327970e+00,5.591610e-02,9.607350e-05,7.242960e-01,2.202950e-04,4.040750e-04
2.060000e-01,2.768089e+01,3.286927e+01,6.865700e-01,1.650470e+00,8.391180e-01,3.277100e+00,5.297970e-02,8.622440e-05,6.698550e-01,2.010070e-04,3.666340e-04
2.070000e-01,2.741448e+01,3.254393e+01,6.870660e-01,1.609780e+00,8.115170e-01,3.226780e+00,5.019430e-02,7.737590e-05,6.192850e-01,1.834310e-04,3.326160e-04
2.080000e-01,2.715001e+01,3.222107e+01,6.875520e-01,1.570300e+00,7.849040e-01,3.177690e+00,4.756360e-02,6.944490e-05,5.724720e-01,1.674490e-04,3.017880e-04
2.090000e-01,2.688809e+01,3.190068e+01,6.880280e-01,1.531250e+00,7.588820e-01,3.128280e+00,4.505790e-02,6.230890e-05,5.289150e-01,1.528400e-04,2.737270e-04
2.100000e-01,2.662748e+01,3.158348e+01,6.884940e-01,1.492740e+00,7.334940e-01,3.078810e+00,4.267360e-02,5.588950e-05,4.884290e-01,1.394850e-04,2.481950e-04
2.110000e-01,2.636878e+01,3.126871e+01,6.889510e-01,1.455640e+00,7.091550e-01,3.031100e+00,4.042970e-02,5.014750e-05,4.510950e-01,1.273550e-04,2.251110e-04
2.120000e-01,2.611199e+01,3.095637e+01,6.893980e-01,1.418850e+00,6.853170e-01,2.982910e+00,3.828970e-02,4.497870e-05,4.163770e-01,1.162480e-04,2.040890e-04
2.130000e-01,2.585711e+01,3.064644e+01,6.898360e-01,1.382530e+00,6.620380e-01,2.934560e+00,3.625170e-02,4.032780e-05,3.841260e-01,1.060810e-04,1.849570e-04
2.140000e-01,2.560413e+01,3.033891e+01,6.902640e-01,1.347530e+00,6.397220e-01,2.887870e+00,3.433440e-02,3.617030e-05,3.544330e-01,9.684290e-05,1.676700e-04
2.150000e-01,2.535304e+01,3.003447e+01,6.906830e-01,1.313150e+00,6.180240e-01,2.841400e+00,3.251390e-02,3.243660e-05,3.269360e-01,8.840150e-05,1.519720e-04
2.160000e-01,2.510383e+01,2.973172e+01,6.910940e-01,1.279270e+00,5.968710e-01,2.794930e+00,3.078180e-02,2.907890e-05,3.014390e-01,8.067500e-05,1.376970e-04
2.170000e-01,2.485650e+01,2.943202e+01,6.914960e-01,1.246400e+00,5.764880e-01,2.749580e+00,2.914630e-02,2.607180e-05,2.779260e-01,7.363540e-05,1.247720e-04
2.180000e-01,2.461161e+01,2.913533e+01,6.918900e-01,1.214520e+00,5.568590e-01,2.705320e+00,2.760310e-02,2.338070e-05,2.562600e-01,6.722540e-05,1.130800e-04
2.190000e-01,2.436801e+01,2.884098e+01,6.922760e-01,1.183100e+00,5.377270e-01,2.661070e+00,2.613530e-02,2.096200e-05,2.361860e-01,6.135800e-05,1.024520e-04
2.200000e-01,2.412626e+01,2.854894e+01,6.926540e-01,1.152040e+00,5.190330e-01,2.616600e+00,2.473660e-02,1.878540e-05,2.175670e-01,5.597960e-05,9.277800e-05
2.210000e-01,2.388636e+01,2.825921e+01,6.930230e-01,1.121740e+00,5.009590e-01,2.572810e+00,2.341360e-02,1.683570e-05,2.004010e-01,5.107510e-05,8.401890e-05
2.220000e-01,2.364830e+01,2.797177e+01,6.933850e-01,1.092380e+00,4.835620e-01,2.530140e+00,2.216480e-02,1.509020e-05,1.845950e-01,4.660630e-05,7.609350e-05
2.230000e-01,2.341262e+01,2.768726e+01,6.937400e-01,1.063790e+00,4.667570e-01,2.488250e+00,2.098370e-02,1.352570e-05,1.700190e-01,4.252880e-05,6.891370e-05
2.240000e-01,2.317822e+01,2.740501e+01,6.940860e-01,1.035660e+00,4.504110e-01,2.446490e+00,1.986200e-02,1.212160e-05,1.565510e-01,3.880090e-05,6.239840e-05
2.250000e-01,2.294563e+01,2.712564e+01,6.944250e-01,1.008040e+00,4.345240e-01,2.404900e+00,1.879690e-02,1.086130e-05,1.441090e-01,3.539280e-05,5.648660e-05
2.260000e-01,2.271538e+01,2.684850e+01,6.947560e-01,9.810260e-01,4.191310e-01,2.363760e+00,1.778720e-02,9.730450e-06,1.326300e-01,3.227970e-05,5.112650e-05
2.270000e-01,2.248692e+01,2.657358e+01,6.950790e-01,9.546880e-01,4.042540e-01,2.323290e+00,1.683170e-02,8.717370e-06,1.220530e-01,2.943950e-05,4.627270e-05
2.280000e-01,2.226025e+01,2.630086e+01,6.953960e-01,9.290900e-01,3.899110e-01,2.283700e+00,1.592920e-02,7.810450e-06,1.123160e-01,2.685020e-05,4.188030e-05
2.290000e-01,2.203535e+01,2.603035e+01,6.957070e-01,9.041680e-01,3.760660e-01,2.244870e+00,1.507630e-02,6.998320e-06,1.033500e-01,2.448870e-05,3.790410e-05
2.300000e-01,2.181172e+01,2.576262e+01,6.960110e-01,8.797360e-01,3.626320e-01,2.206340e+00,1.426720e-02,6.269910e-06,9.507890e-02,2.233120e-05,3.429930e-05
2.310000e-01,2.158987e+01,2.549647e+01,6.963090e-01,8.557680e-01,3.495890e-01,2.168070e+00,1.349920e-02,5.616150e-06,8.744540e-02,2.035910e-05,3.102980e-05
2.320000e-01,2.137027e+01,2.523306e+01,6.965990e-01,8.324660e-01,3.370130e-01,2.130590e+00,1.277340e-02,5.030640e-06,8.042180e-02,1.856120e-05,2.807160e-05
2.330000e-01,2.115242e+01,2.497238e+01,6.968830e-01,8.099070e-01,3.249260e-01,2.094100e+00,1.208890e-02,4.506930e-06,7.397120e-02,1.692460e-05,2.539890e-05
2.340000e-01,2.093679e+01,2.471383e+01,6.971600e-01,7.878850e-01,3.132400e-01,2.058130e+00,1.144120e-02,4.038060e-06,6.803410e-02,1.543220e-05,2.298060e-05
2.350000e-01,2.072240e+01,2.445738e+01,6.974320e-01,7.661740e-01,3.018560e-01,2.022150e+00,1.082530e-02,3.617110e-06,6.254960e-02,1.406660e-05,2.078540e-05
2.360000e-01,2.050973e+01,2.420360e+01,6.976990e-01,7.448620e-01,2.908010e-01,1.986430e+00,1.024060e-02,3.239250e-06,5.748770e-02,1.281780e-05,1.879360e-05
2.370000e-01,2.029925e+01,2.395135e+01,6.979590e-01,7.242670e-01,2.801930e-01,1.951780e+00,9.689920e-03,2.901490e-06,5.284310e-02,1.168190e-05,1.699540e-05
2.380000e-01,2.009000e+01,2.370173e+01,6.982130e-01,7.043080e-01,2.699920e-01,1.918010e+00,9.170330e-03,2.599370e-06,4.857830e-02,1.064800e-05,1.537110e-05
2.390000e-01,1.988291e+01,2.345471e+01,6.984610e-01,6.848360e-01,2.601340e-01,1.884750e+00,8.678470e-03,2.328650e-06,4.465310e-02,9.704710e-06,1.390080e-05
2.400000e-01,1.967796e+01,2.320973e+01,6.987040e-01,6.658010e-01,2.505940e-01,1.851900e+00,8.212530e-03,2.086040e-06,4.103910e-02,8.843950e-06,1.256960e-05
2.410000e-01,1.947422e+01,2.296677e+01,6.989420e-01,6.471800e-01,2.413560e-01,1.819420e+00,7.771010e-03,1.868560e-06,3.771070e-02,8.058230e-06,1.136400e-05
2.420000e-01,1.927259e+01,2.272637e+01,6.991740e-01,6.289920e-01,2.324220e-01,1.787360e+00,7.352830e-03,1.673670e-06,3.464740e-02,7.341440e-06,1.027270e-05
2.430000e-01,1.907217e+01,2.248744e+01,6.994000e-01,6.112580e-01,2.237930e-01,1.755780e+00,6.956970e-03,1.499010e-06,3.182970e-02,6.687810e-06,9.285340e-06
2.440000e-01,1.887339e+01,2.225102e+01,6.996200e-01,5.939860e-01,2.154680e-01,1.724740e+00,6.582480e-03,1.342620e-06,2.923970e-02,6.092160e-06,8.392610e-06
2.450000e-01,1.867669e+01,2.201709e+01,6.998350e-01,5.771830e-01,2.074420e-01,1.694280e+00,6.228410e-03,1.202630e-06,2.685950e-02,5.549520e-06,7.585660e-06
2.460000e-01,1.848162e+01,2.178462e+01,7.000460e-01,5.608480e-01,1.997080e-01,1.664430e+00,5.893730e-03,1.077260e-06,2.467200e-02,5.055020e-06,6.855970e-06
2.470000e-01,1.828858e+01,2.155510e+01,7.002520e-01,5.449550e-01,1.922520e-01,1.635100e+00,5.577140e-03,9.649850e-07,2.266180e-02,4.604470e-06,6.196290e-06
2.480000e-01,1.809714e+01,2.132750e+01,7.004530e-01,5.294690e-01,1.850560e-01,1.606160e+00,5.277320e-03,8.643510e-07,2.081380e-02,4.193800e-06,5.599680e-06
2.490000e-01,1.790730e+01,2.110182e+01,7.006480e-01,5.143670e-01,1.781070e-01,1.577540e+00,4.993120e-03,7.741200e-07,1.911470e-02,3.819430e-06,5.060070e-06
2.500000e-01,1.771903e+01,2.087853e+01,7.008390e-01,4.996310e-01,1.713940e-01,1.549170e+00,4.723610e-03,6.932660e-07,1.755280e-02,3.478270e-06,4.572240e-06
2.510000e-01,1.753234e+01,2.065666e+01,7.010250e-01,4.852440e-01,1.649060e-01,1.520990e+00,4.467840e-03,6.207750e-07,1.611650e-02,3.167210e-06,4.131000e-06
2.520000e-01,1.734762e+01,2.043760e+01,7.012070e-01,4.712060e-01,1.586400e-01,1.492990e+00,4.225050e-03,5.557240e-07,1.479520e-02,2.883510e-06,3.731670e-06
2.530000e-01,1.716445e+01,2.021995e+01,7.013860e-01,4.575610e-01,1.526040e-01,1.465290e+00,3.994890e-03,4.974160e-07,1.358170e-02,2.625100e-06,3.370800e-06
2.540000e-01,1.698283e+01,2.000461e+01,7.015610e-01,4.443540e-01,1.468090e-01,1.437990e+00,3.777000e-03,4.451840e-07,1.246870e-02,2.390070e-06,3.045080e-06
2.550000e-01,1.680274e+01,1.979156e+01,7.017310e-01,4.315600e-01,1.412430e-01,1.410980e+00,3.570540e-03,3.983880e-07,1.144800e-02,2.176300e-06,2.751120e-06
2.560000e-01,1.662455e+01,1.958033e+01,7.018980e-01,4.190930e-01,1.358740e-01,1.383920e+00,3.374180e-03,3.564030e-07,1.051040e-02,1.981570e-06,2.485470e-06
2.570000e-01,1.644788e+01,1.937091e+01,7.020600e-01,4.069030e-01,1.306800e-01,1.356640e+00,3.186970e-03,3.186830e-07,9.647790e-03,1.803960e-06,2.245070e-06
2.580000e-01,1.627309e+01,1.916373e+01,7.022190e-01,3.950040e-01,1.256610e-01,1.329170e+00,3.008590e-03,2.848090e-07,8.854690e-03,1.642040e-06,2.027650e-06
2.590000e-01,1.609978e+01,1.895833e+01,7.023730e-01,3.834120e-01,1.208210e-01,1.301580e+00,2.838740e-03,2.543900e-07,8.125890e-03,1.494480e-06,1.831050e-06
2.600000e-01,1.592759e+01,1.875513e+01,7.025220e-01,3.721410e-01,1.161590e-01,1.273840e+00,2.677010e-03,2.271010e-07,7.456790e-03,1.360140e-06,1.653470e-06
2.610000e-01,1.575723e+01,1.855368e+01,7.026680e-01,3.612020e-01,1.116750e-01,1.245890e+00,2.522970e-03,2.026310e-07,6.842990e-03,1.237940e-06,1.493200e-06
2.620000e-01,1.558870e+01,1.835439e+01,7.028130e-01,3.506040e-01,1.073690e-01,1.217690e+00,2.376160e-03,1.806740e-07,6.280060e-03,1.126780e-06,1.348540e-06
2.630000e-01,1.542162e+01,1.815683e+01,7.029550e-01,3.403160e-01,1.032270e-01,1.189110e+00,2.236050e-03,1.609620e-07,5.763470e-03,1.025600e-06,1.217900e-06
2.640000e-01,1.525633e+01,1.796098e+01,7.030940e-01,3.302750e-01,9.922780e-02,1.159990e+00,2.102080e-03,1.432590e-07,5.288640e-03,9.333870e-07,1.099770e-06
2.650000e-01,1.509246e+01,1.776724e+01,7.032310e-01,3.204670e-01,9.536230e-02,1.130310e+00,1.973970e-03,1.273640e-07,4.852020e-03,8.493070e-07,9.929130e-07
2.660000e-01,1.493035e+01,1.757519e+01,7.033650e-01,3.109330e-01,9.164110e-02,1.100270e+00,1.851810e-03,1.131190e-07,4.451250e-03,7.727700e-07,8.964040e-07
2.670000e-01,1.476964e+01,1.738521e+01,7.034960e-01,3.016950e-01,8.806770e-02,1.069950e+00,1.735530e-03,1.003700e-07,4.083850e-03,7.031770e-07,8.093250e-07
2.680000e-01,1.461067e+01,1.719729e+01,7.036240e-01,2.927350e-01,8.463350e-02,1.039290e+00,1.624790e-03,8.896760e-08,3.746990e-03,6.398970e-07,7.307670e-07
2.690000e-01,1.445307e+01,1.701101e+01,7.037500e-01,2.840280e-01,8.132830e-02,1.008220e+00,1.519210e-03,7.876380e-08,3.437810e-03,5.822970e-07,6.598190e-07
2.700000e-01,1.429684e+01,1.682635e+01,7.038760e-01,2.755580e-01,7.814450e-02,9.767090e-01,1.418530e-03,6.963090e-08,3.153820e-03,5.298250e-07,5.956910e-07
2.710000e-01,1.414197e+01,1.664370e+01,7.039990e-01,2.673200e-01,7.507860e-02,9.448380e-01,1.322670e-03,6.147230e-08,2.893130e-03,4.820570e-07,5.377710e-07
2.720000e-01,1.398911e+01,1.646266e+01,7.041210e-01,2.593120e-01,7.212740e-02,9.126930e-01,1.231570e-03,5.419420e-08,2.653880e-03,4.385800e-07,4.854640e-07
2.730000e-01,1.383758e+01,1.628358e+01,7.042410e-01,2.515300e-01,6.928750e-02,8.803630e-01,1.145130e-03,4.771170e-08,2.434370e-03,3.990170e-07,4.382370e-07
2.740000e-01,1.368768e+01,1.610609e+01,7.043600e-01,2.439690e-01,6.655540e-02,8.479390e-01,1.063250e-03,4.194880e-08,2.233040e-03,3.630320e-07,3.956200e-07
2.750000e-01,1.353942e+01,1.593052e+01,7.044760e-01,2.366260e-01,6.392780e-02,8.155140e-01,9.858230e-04,3.682970e-08,2.048340e-03,3.302900e-07,3.571450e-07
2.760000e-01,1.339245e+01,1.575687e+01,7.045910e-01,2.294970e-01,6.140090e-02,7.831740e-01,9.127220e-04,3.228430e-08,1.878810e-03,3.004790e-07,3.223810e-07
2.770000e-01,1.324708e+01,1.558476e+01,7.047050e-01,2.225750e-01,5.897110e-02,7.509970e-01,8.438140e-04,2.825900e-08,1.723300e-03,2.733570e-07,2.910000e-07
2.780000e-01,1.310298e+01,1.541452e+01,7.048170e-01,2.158520e-01,5.663450e-02,7.190570e-01,7.789590e-04,2.470360e-08,1.580710e-03,2.486970e-07,2.626950e-07
2.790000e-01,1.296045e+01,1.524579e+01,7.049300e-01,2.093220e-01,5.438710e-02,6.874280e-01,7.180170e-04,2.156780e-08,1.449940e-03,2.262720e-07,2.371610e-07
2.800000e-01,1.281917e+01,1.507856e+01,7.050440e-01,2.029780e-01,5.222510e-02,6.561840e-01,6.608480e-04,1.880170e-08,1.329890e-03,2.058530e-07,2.140930e-07
2.810000e-01,1.267973e+01,1.491317e+01,7.051580e-01,1.968160e-01,5.014560e-02,6.254140e-01,6.073280e-04,1.636340e-08,1.219660e-03,1.872530e-07,1.932380e-07
2.820000e-01,1.254123e+01,1.474959e+01,7.052720e-01,1.908320e-01,4.814610e-02,5.952240e-01,5.573460e-04,1.422100e-08,1.118510e-03,1.703270e-07,1.744060e-07
2.830000e-01,1.240452e+01,1.458747e+01,7.053850e-01,1.850260e-01,4.622450e-02,5.657190e-01,5.107960e-04,1.234290e-08,1.025750e-03,1.549310e-07,1.574110e-07
2.840000e-01,1.226902e+01,1.442713e+01,7.054980e-01,1.793920e-01,4.437830e-02,5.369840e-01,4.675500e-04,1.069940e-08,9.407040e-04,1.409290e-07,1.420760e-07
2.850000e-01,1.213501e+01,1.426823e+01,7.056100e-01,1.739230e-01,4.260350e-02,5.090580e-01,4.274410e-04,9.264540e-09,8.627260e-04,1.281980e-07,1.282410e-07
2.860000e-01,1.200245e+01,1.411107e+01,7.057210e-01,1.686080e-01,4.089650e-02,4.819750e-01,3.902950e-04,8.012630e-09,7.911950e-04,1.166150e-07,1.157530e-07
2.870000e-01,1.187107e+01,1.395565e+01,7.058310e-01,1.634410e-01,3.925410e-02,4.557680e-01,3.559480e-04,6.920610e-09,7.255380e-04,1.060690e-07,1.044700e-07
2.880000e-01,1.174113e+01,1.380162e+01,7.059400e-01,1.584240e-01,3.767520e-02,4.304840e-01,3.242560e-04,5.971120e-09,6.653180e-04,9.647650e-08,9.428690e-08
2.890000e-01,1.161235e+01,1.364929e+01,7.060480e-01,1.535600e-01,3.615890e-02,4.061680e-01,2.950800e-04,5.147640e-09,6.101150e-04,8.775550e-08,8.510210e-08
2.900000e-01,1.148497e+01,1.349864e+01,7.061570e-01,1.488500e-01,3.470450e-02,3.828640e-01,2.682790e-04,4.433710e-09,5.595090e-04,7.982540e-08,7.681460e-08
2.910000e-01,1.135900e+01,1.334904e+01,7.062660e-01,1.442890e-01,3.330930e-02,3.605830e-01,2.437040e-04,3.815090e-09,5.131130e-04,7.261300e-08,6.933440e-08
2.920000e-01,1.123414e+01,1.320140e+01,7.063730e-01,1.398660e-01,3.196920e-02,3.392940e-01,2.211920e-04,3.280130e-09,4.705710e-04,6.605360e-08,6.258420e-08
2.930000e-01,1.111092e+01,1.305509e+01,7.064780e-01,1.355640e-01,3.068000e-02,3.189670e-01,2.005780e-04,2.817360e-09,4.315330e-04,6.008330e-08,5.648750e-08
2.940000e-01,1.098879e+01,1.291041e+01,7.065810e-01,1.313780e-01,2.943870e-02,2.995810e-01,1.817200e-04,2.417070e-09,3.956940e-04,5.464660e-08,5.097850e-08
2.950000e-01,1.086776e+01,1.276733e+01,7.066820e-01,1.273110e-01,2.824510e-02,2.811370e-01,1.645040e-04,2.072300e-09,3.628240e-04,4.970170e-08,4.600730e-08
2.960000e-01,1.074831e+01,1.262583e+01,7.067830e-01,1.233660e-01,2.709880e-02,2.636360e-01,1.488220e-04,1.776340e-09,3.327010e-04,4.520780e-08,4.152570e-08
2.970000e-01,1.062992e+01,1.248562e+01,7.068830e-01,1.195470e-01,2.599960e-02,2.470790e-01,1.345620e-04,1.522480e-09,3.051030e-04,4.112440e-08,3.748540e-08
2.980000e-01,1.051284e+01,1.234696e+01,7.069850e-01,1.158580e-01,2.494710e-02,2.314660e-01,1.216160e-04,1.304130e-09,2.798070e-04,3.741100e-08,3.383890e-08
2.990000e-01,1.039705e+01,1.220984e+01,7.070860e-01,1.122890e-01,2.393850e-02,2.167540e-01,1.098700e-04,1.116250e-09,2.566160e-04,3.403310e-08,3.054640e-08
3.000000e-01,1.028229e+01,1.207425e+01,7.071870e-01,1.088270e-01,2.296980e-02,2.028750e-01,9.921090e-05,9.548180e-10,2.353430e-04,3.095960e-08,2.757350e-08
3.010000e-01,1.016881e+01,1.193988e+01,7.072850e-01,1.054580e-01,2.203740e-02,1.897690e-01,8.953190e-05,8.160840e-10,2.158160e-04,2.816140e-08,2.488770e-08
3.020000e-01,1.005634e+01,1.180701e+01,7.073800e-01,1.021820e-01,2.114030e-02,1.774080e-01,8.075500e-05,6.972660e-10,1.979030e-04,2.561560e-08,2.246360e-08
3.030000e-01,9.945280e+00,1.167535e+01,7.074740e-01,9.899960e-02,2.027800e-02,1.657680e-01,7.280790e-05,5.957870e-10,1.814800e-04,2.330110e-08,2.027730e-08
3.040000e-01,9.835331e+00,1.154543e+01,7.075650e-01,9.591270e-02,1.944990e-02,1.548260e-01,6.561830e-05,5.090670e-10,1.664230e-04,2.119650e-08,1.830480e-08
3.050000e-01,9.726576e+00,1.141668e+01,7.076550e-01,9.292230e-02,1.865560e-02,1.445590e-01,5.911540e-05,4.346170e-10,1.526100e-04,1.928100e-08,1.652290e-08
3.060000e-01,9.619002e+00,1.128964e+01,7.077430e-01,9.002580e-02,1.789370e-02,1.349350e-01,5.324010e-05,3.707600e-10,1.399430e-04,1.753810e-08,1.491370e-08
3.070000e-01,9.512551e+00,1.116375e+01,7.078310e-01,8.721880e-02,1.716270e-02,1.259210e-01,4.794020e-05,3.162600e-10,1.283340e-04,1.595370e-08,1.346220e-08
3.080000e-01,9.407213e+00,1.103926e+01,7.079180e-01,8.449700e-02,1.646120e-02,1.174800e-01,4.316330e-05,2.698840e-10,1.176960e-04,1.451400e-08,1.215360e-08
3.090000e-01,9.302957e+00,1.091616e+01,7.080040e-01,8.185600e-02,1.578740e-02,1.095790e-01,3.885700e-05,2.303980e-10,1.079420e-04,1.320470e-08,1.097300e-08
3.100000e-01,9.199749e+00,1.079419e+01,7.080900e-01,7.929160e-02,1.513990e-02,1.021830e-01,3.497000e-05,1.965970e-10,9.898630e-05,1.201220e-08,9.905900e-09
3.110000e-01,9.097603e+00,1.067333e+01,7.081760e-01,7.680260e-02,1.451790e-02,9.526410e-02,3.146230e-05,1.676340e-10,9.076380e-05,1.092600e-08,8.941170e-09
3.120000e-01,8.996550e+00,1.055407e+01,7.082620e-01,7.439010e-02,1.392100e-02,8.879820e-02,2.830160e-05,1.429060e-10,8.322330e-05,9.937930e-09,8.070290e-09
3.130000e-01,8.896599e+00,1.043614e+01,7.083460e-01,7.205500e-02,1.334890e-02,8.276150e-02,2.545610e-05,1.218180e-10,7.631390e-05,9.039780e-09,7.284760e-09
3.140000e-01,8.797758e+00,1.031929e+01,7.084300e-01,6.979560e-02,1.280080e-02,7.712800e-02,2.289560e-05,1.038490e-10,6.998480e-05,8.223670e-09,6.576470e-09
3.150000e-01,8.700015e+00,1.020399e+01,7.085110e-01,6.760800e-02,1.227530e-02,7.187010e-02,2.059130e-05,8.853920e-11,6.418550e-05,7.481900e-09,5.937650e-09
3.160000e-01,8.603318e+00,1.008974e+01,7.085890e-01,6.548850e-02,1.177120e-02,6.696060e-02,1.851540e-05,7.544870e-11,5.886660e-05,6.806930e-09,5.360700e-09
3.170000e-01,8.507677e+00,9.976955e+00,7.086650e-01,6.343400e-02,1.128750e-02,6.237740e-02,1.664610e-05,6.426740e-11,5.398850e-05,6.192820e-09,4.839740e-09
3.180000e-01,8.413080e+00,9.865339e+00,7.087390e-01,6.144240e-02,1.082340e-02,5.810160e-02,1.496530e-05,5.475900e-11,4.951720e-05,5.634530e-09,4.369830e-09
3.190000e-01,8.319477e+00,9.754949e+00,7.088130e-01,5.951110e-02,1.037790e-02,5.411420e-02,1.345480e-05,4.668820e-11,4.541890e-05,5.127040e-09,3.946050e-09
3.200000e-01,8.226896e+00,9.645750e+00,7.088860e-01,5.763810e-02,9.950370e-03,5.039620e-02,1.209650e-05,3.981980e-11,4.165970e-05,4.665300e-09,3.563460e-09
3.210000e-01,8.135289e+00,9.537729e+00,7.089600e-01,5.582110e-02,9.539860e-03,4.692940e-02,1.087350e-05,3.394230e-11,3.820820e-05,4.244680e-09,3.217530e-09
3.220000e-01,8.044666e+00,9.430875e+00,7.090330e-01,5.405870e-02,9.145790e-03,4.369760e-02,9.773220e-06,2.892200e-11,3.504060e-05,3.861730e-09,2.904960e-09
3.230000e-01,7.955033e+00,9.325218e+00,7.091050e-01,5.234990e-02,8.767620e-03,4.068530e-02,8.783700e-06,2.464100e-11,3.213510e-05,3.513270e-09,2.622710e-09
3.240000e-01,7.866400e+00,9.220745e+00,7.091750e-01,5.069330e-02,8.404780e-03,3.787720e-02,7.893380e-06,2.098520e-11,2.947010e-05,3.196180e-09,2.367800e-09
3.250000e-01,7.778735e+00,9.117442e+00,7.092430e-01,4.908820e-02,8.056800e-03,3.526070e-02,7.093020e-06,1.787050e-11,2.702710e-05,2.907820e-09,2.137770e-09
3.260000e-01,7.692048e+00,9.015296e+00,7.093090e-01,4.753400e-02,7.723220e-03,3.282430e-02,6.374400e-06,1.522690e-11,2.478880e-05,2.645800e-09,1.930370e-09
3.270000e-01,7.606310e+00,8.914274e+00,7.093740e-01,4.603000e-02,7.403600e-03,3.055660e-02,5.729350e-06,1.298430e-11,2.273840e-05,2.407710e-09,1.743400e-09
3.280000e-01,7.521492e+00,8.814385e+00,7.094390e-01,4.457570e-02,7.097500e-03,2.844620e-02,5.149690e-06,1.107290e-11,2.085850e-05,2.191160e-09,1.574600e-09
3.290000e-01,7.437603e+00,8.715594e+00,7.095030e-01,4.316930e-02,6.804340e-03,2.648220e-02,4.628330e-06,9.436660e-12,1.913420e-05,1.994040e-09,1.422080e-09
3.300000e-01,7.354650e+00,8.617891e+00,7.095670e-01,4.180800e-02,6.523400e-03,2.465460e-02,4.159910e-06,8.041260e-12,1.755310e-05,1.814720e-09,1.284370e-09
3.310000e-01,7.272588e+00,8.521283e+00,7.096300e-01,4.048870e-02,6.253910e-03,2.295330e-02,3.739250e-06,6.854430e-12,1.610320e-05,1.651620e-09,1.160090e-09
3.320000e-01,7.191442e+00,8.425739e+00,7.096930e-01,3.920810e-02,5.995120e-03,2.136830e-02,3.361120e-06,5.843860e-12,1.477270e-05,1.503150e-09,1.047830e-09
3.330000e-01,7.111169e+00,8.331266e+00,7.097550e-01,3.796420e-02,5.746440e-03,1.989070e-02,3.020820e-06,4.980680e-12,1.355070e-05,1.367870e-09,9.463050e-10
3.340000e-01,7.031808e+00,8.237852e+00,7.098160e-01,3.675730e-02,5.507670e-03,1.851420e-02,2.714840e-06,4.245040e-12,1.242910e-05,1.244710e-09,8.545840e-10
3.350000e-01,6.953317e+00,8.145486e+00,7.098770e-01,3.558810e-02,5.278720e-03,1.723280e-02,2.439910e-06,3.618590e-12,1.140050e-05,1.132660e-09,7.717740e-10
3.360000e-01,6.875685e+00,8.054155e+00,7.099370e-01,3.445690e-02,5.059400e-03,1.604060e-02,2.192880e-06,3.084190e-12,1.045750e-05,1.030740e-09,6.970160e-10
3.370000e-01,6.798937e+00,7.963849e+00,7.099960e-01,3.336250e-02,4.849310e-03,1.493160e-02,1.971040e-06,2.629210e-12,9.593300e-06,9.380680e-10,6.295610e-10
3.380000e-01,6.723045e+00,7.874573e+00,7.100530e-01,3.230300e-02,4.647990e-03,1.389960e-02,1.771780e-06,2.241990e-12,8.801050e-06,8.537970e-10,5.686850e-10
3.390000e-01,6.648015e+00,7.786316e+00,7.101090e-01,3.127700e-02,4.454980e-03,1.293870e-02,1.592550e-06,1.911040e-12,8.074130e-06,7.770760e-10,5.136720e-10
3.400000e-01,6.573823e+00,7.699065e+00,7.101620e-01,3.028310e-02,4.269920e-03,1.204380e-02,1.431290e-06,1.627950e-12,7.407070e-06,7.072190e-10,4.639500e-10
3.410000e-01,6.500459e+00,7.612810e+00,7.102140e-01,2.932050e-02,4.092520e-03,1.121100e-02,1.286460e-06,1.387060e-12,6.795460e-06,6.436830e-10,4.190730e-10
3.420000e-01,6.427913e+00,7.527539e+00,7.102660e-01,2.838840e-02,3.922480e-03,1.043630e-02,1.156520e-06,1.182830e-12,6.234950e-06,5.859320e-10,3.786020e-10
3.430000e-01,6.356192e+00,7.443222e+00,7.103170e-01,2.748590e-02,3.759500e-03,9.715670e-03,1.039930e-06,1.009730e-12,5.721200e-06,5.334300e-10,3.420990e-10
3.440000e-01,6.285256e+00,7.359834e+00,7.103690e-01,2.661220e-02,3.603310e-03,9.045210e-03,9.351580e-07,8.622090e-13,5.249860e-06,4.856410e-10,3.091220e-10
3.450000e-01,6.215127e+00,7.277396e+00,7.104210e-01,2.576630e-02,3.453590e-03,8.421200e-03,8.408470e-07,7.356440e-13,4.817010e-06,4.420890e-10,2.792850e-10
3.460000e-01,6.145766e+00,7.195865e+00,7.104740e-01,2.494690e-02,3.310050e-03,7.840490e-03,7.560370e-07,6.274020e-13,4.419730e-06,4.024280e-10,2.523150e-10
3.470000e-01,6.077193e+00,7.115280e+00,7.105270e-01,2.415290e-02,3.172390e-03,7.300020e-03,6.798220e-07,5.351140e-13,4.055240e-06,3.663280e-10,2.279530e-10
3.480000e-01,6.009385e+00,7.035598e+00,7.105790e-01,2.338290e-02,3.040300e-03,6.796750e-03,6.112990e-07,4.564280e-13,3.720750e-06,3.334630e-10,2.059430e-10
3.490000e-01,5.942347e+00,6.956824e+00,7.106310e-01,2.263640e-02,2.913570e-03,6.328070e-03,5.496890e-07,3.893650e-13,3.413810e-06,3.035460e-10,1.860580e-10
3.500000e-01,5.876071e+00,6.878963e+00,7.106800e-01,2.191300e-02,2.792040e-03,5.891700e-03,4.943090e-07,3.322500e-13,3.132240e-06,2.763200e-10,1.680990e-10
3.510000e-01,5.810533e+00,6.801975e+00,7.107280e-01,2.121260e-02,2.675560e-03,5.485390e-03,4.444860e-07,2.834360e-13,2.873860e-06,2.515310e-10,1.518690e-10
3.520000e-01,5.745740e+00,6.725878e+00,7.107750e-01,2.053480e-02,2.563970e-03,5.107140e-03,3.996620e-07,2.416650e-13,2.636810e-06,2.289620e-10,1.372010e-10
3.530000e-01,5.681683e+00,6.650649e+00,7.108200e-01,1.987900e-02,2.457080e-03,4.755240e-03,3.594000e-07,2.060940e-13,2.419500e-06,2.084380e-10,1.239620e-10
3.540000e-01,5.618353e+00,6.576276e+00,7.108650e-01,1.924460e-02,2.354700e-03,4.427990e-03,3.232680e-07,1.759040e-13,2.220350e-06,1.897810e-10,1.120220e-10
3.550000e-01,5.555741e+00,6.502749e+00,7.109100e-01,1.863090e-02,2.256670e-03,4.123670e-03,2.908370e-07,1.502720e-13,2.037820e-06,1.728180e-10,1.012490e-10
3.560000e-01,5.493827e+00,6.430060e+00,7.109560e-01,1.803740e-02,2.162780e-03,3.840590e-03,2.616780e-07,1.283850e-13,1.870330e-06,1.573730e-10,9.151390e-11
3.570000e-01,5.432628e+00,6.358197e+00,7.110030e-01,1.746330e-02,2.072850e-03,3.577180e-03,2.354310e-07,1.096150e-13,1.716540e-06,1.433000e-10,8.270660e-11
3.580000e-01,5.372099e+00,6.287138e+00,7.110490e-01,1.690750e-02,1.986670e-03,3.332050e-03,2.118270e-07,9.357440e-14,1.575410e-06,1.304850e-10,7.474610e-11
3.590000e-01,5.312256e+00,6.216887e+00,7.110960e-01,1.636900e-02,1.904030e-03,3.103830e-03,1.906020e-07,7.989080e-14,1.445880e-06,1.188180e-10,6.755280e-11
3.600000e-01,5.253092e+00,6.147422e+00,7.111420e-01,1.584690e-02,1.824750e-03,2.891240e-03,1.715060e-07,6.821510e-14,1.326980e-06,1.081920e-10,6.105130e-11
3.610000e-01,5.194587e+00,6.078746e+00,7.111870e-01,1.534110e-02,1.748730e-03,2.693240e-03,1.543290e-07,5.825560e-14,1.217860e-06,9.851720e-11,5.517660e-11
3.620000e-01,5.136769e+00,6.010879e+00,7.112310e-01,1.485130e-02,1.675860e-03,2.508860e-03,1.388730e-07,4.974170e-14,1.117720e-06,8.970800e-11,4.986690e-11
3.630000e-01,5.079617e+00,5.943811e+00,7.112740e-01,1.437690e-02,1.606020e-03,2.337190e-03,1.249740e-07,4.247560e-14,1.025860e-06,8.168990e-11,4.507030e-11
3.640000e-01,5.023125e+00,5.877518e+00,7.113160e-01,1.391740e-02,1.539070e-03,2.177360e-03,1.124790e-07,3.628630e-14,9.415820e-07,7.439320e-11,4.073850e-11
3.650000e-01,4.967284e+00,5.811992e+00,7.113580e-01,1.347220e-02,1.474860e-03,2.028490e-03,1.012380e-07,3.100280e-14,8.642280e-07,6.774830e-11,3.682320e-11
3.660000e-01,4.912075e+00,5.747222e+00,7.113990e-01,1.304070e-02,1.413280e-03,1.889790e-03,9.111350e-08,2.647710e-14,7.931830e-07,6.169240e-11,3.328120e-11
3.670000e-01,4.857491e+00,5.683175e+00,7.114400e-01,1.262280e-02,1.354250e-03,1.760640e-03,8.200650e-08,2.261330e-14,7.279810e-07,5.617810e-11,3.008020e-11
3.680000e-01,4.803524e+00,5.619867e+00,7.114810e-01,1.221840e-02,1.297700e-03,1.640450e-03,7.382160e-08,1.932320e-14,6.681770e-07,5.116060e-11,2.718970e-11
3.690000e-01,4.750179e+00,5.557289e+00,7.115220e-01,1.182750e-02,1.243570e-03,1.528630e-03,6.646390e-08,1.651810e-14,6.133260e-07,4.659460e-11,2.457900e-11
3.700000e-01,4.697437e+00,5.495421e+00,7.115630e-01,1.144970e-02,1.191760e-03,1.424610e-03,5.984370e-08,1.411770e-14,5.629990e-07,4.243740e-11,2.221930e-11
3.710000e-01,4.645302e+00,5.434255e+00,7.116030e-01,1.108430e-02,1.142150e-03,1.327790e-03,5.388820e-08,1.206640e-14,5.168230e-07,3.865270e-11,2.008690e-11
3.720000e-01,4.593767e+00,5.373806e+00,7.116440e-01,1.073020e-02,1.094570e-03,1.237590e-03,4.852790e-08,1.031360e-14,4.744370e-07,3.520570e-11,1.815930e-11
3.730000e-01,4.542814e+00,5.314054e+00,7.116840e-01,1.038690e-02,1.048930e-03,1.153520e-03,4.370060e-08,8.814750e-15,4.355130e-07,3.206510e-11,1.641620e-11
3.740000e-01,4.492458e+00,5.254991e+00,7.117230e-01,1.005430e-02,1.005170e-03,1.075200e-03,3.935690e-08,7.536010e-15,3.997890e-07,2.920550e-11,1.484100e-11
3.750000e-01,4.442669e+00,5.196609e+00,7.117620e-01,9.732500e-03,9.632480e-04,1.002270e-03,3.544870e-08,6.444470e-15,3.670100e-07,2.660210e-11,1.341770e-11
3.760000e-01,4.393453e+00,5.138898e+00,7.118000e-01,9.421320e-03,9.231080e-04,9.343740e-04,3.193050e-08,5.510210e-15,3.369290e-07,2.423140e-11,1.213110e-11
3.770000e-01,4.344802e+00,5.081852e+00,7.118380e-01,9.120310e-03,8.846670e-04,8.711620e-04,2.876510e-08,4.712130e-15,3.093300e-07,2.207330e-11,1.096860e-11
3.780000e-01,4.296710e+00,5.025462e+00,7.118760e-01,8.828930e-03,8.478340e-04,8.122870e-04,2.591660e-08,4.030780e-15,2.840040e-07,2.010850e-11,9.918060e-12
3.790000e-01,4.249159e+00,4.969721e+00,7.119130e-01,8.546660e-03,8.125180e-04,7.574090e-04,2.334980e-08,3.447120e-15,2.607450e-07,1.831790e-11,8.967730e-12
3.800000e-01,4.202164e+00,4.914621e+00,7.119490e-01,8.273220e-03,7.786580e-04,7.062560e-04,2.103710e-08,2.947260e-15,2.393860e-07,1.668630e-11,8.108140e-12
3.810000e-01,4.155698e+00,4.860154e+00,7.119840e-01,8.008470e-03,7.462070e-04,6.586030e-04,1.895610e-08,2.520870e-15,2.197860e-07,1.520090e-11,7.331510e-12
3.820000e-01,4.109775e+00,4.806324e+00,7.120200e-01,7.752290e-03,7.151210e-04,6.142270e-04,1.708440e-08,2.157660e-15,2.018060e-07,1.384910e-11,6.630120e-12
3.830000e-01,4.064377e+00,4.753111e+00,7.120550e-01,7.504560e-03,6.853540e-04,5.729040e-04,1.539960e-08,1.847380e-15,1.853060e-07,1.261820e-11,5.996220e-12
3.840000e-01,4.019509e+00,4.700521e+00,7.120910e-01,7.265050e-03,6.568560e-04,5.344200e-04,1.388150e-08,1.581120e-15,1.701580e-07,1.149670e-11,5.422760e-12
3.850000e-01,3.975154e+00,4.648534e+00,7.121270e-01,7.033290e-03,6.295560e-04,4.985730e-04,1.251430e-08,1.353210e-15,1.562530e-07,1.047520e-11,4.904310e-12
3.860000e-01,3.931307e+00,4.597143e+00,7.121630e-01,6.808790e-03,6.033830e-04,4.651670e-04,1.128330e-08,1.158480e-15,1.434880e-07,9.544850e-12,4.435670e-12
3.870000e-01,3.887971e+00,4.546362e+00,7.121980e-01,6.591050e-03,5.782670e-04,4.340050e-04,1.017360e-08,9.917660e-16,1.317620e-07,8.696810e-12,4.011650e-12
3.880000e-01,3.845130e+00,4.496152e+00,7.122320e-01,6.379780e-03,5.541560e-04,4.049220e-04,9.172310e-09,8.487510e-16,1.209830e-07,7.923350e-12,3.627770e-12
3.890000e-01,3.802787e+00,4.446528e+00,7.122670e-01,6.175030e-03,5.310290e-04,3.777990e-04,8.270190e-09,7.265090e-16,1.110850e-07,7.218650e-12,3.280650e-12
3.900000e-01,3.760919e+00,4.397471e+00,7.123010e-01,5.976880e-03,5.088720e-04,3.525270e-04,7.458100e-09,6.222420e-16,1.020020e-07,6.577080e-12,2.967010e-12
3.910000e-01,3.719529e+00,4.348976e+00,7.123350e-01,5.785390e-03,4.876660e-04,3.289930e-04,6.726950e-09,5.331500e-16,9.366750e-08,5.992990e-12,2.683590e-12
3.920000e-01,3.678612e+00,4.301025e+00,7.123700e-01,5.600520e-03,4.673860e-04,3.070840e-04,6.068200e-09,4.567230e-16,8.601940e-08,5.461020e-12,2.427310e-12
3.930000e-01,3.638153e+00,4.253623e+00,7.124050e-01,5.421840e-03,4.479760e-04,2.866770e-04,5.474790e-09,3.912620e-16,7.900110e-08,4.976600e-12,2.195630e-12
3.940000e-01,3.598173e+00,4.206782e+00,7.124400e-01,5.248860e-03,4.293740e-04,2.676520e-04,4.939950e-09,3.352180e-16,7.255740e-08,4.535280e-12,1.986140e-12
3.950000e-01,3.558656e+00,4.160476e+00,7.124740e-01,5.081240e-03,4.115350e-04,2.499010e-04,4.457620e-09,2.872210e-16,6.663890e-08,4.133090e-12,1.796630e-12
3.960000e-01,3.519597e+00,4.114717e+00,7.125080e-01,4.918920e-03,3.944340e-04,2.333450e-04,4.022850e-09,2.461750e-16,6.120490e-08,3.766700e-12,1.625290e-12
3.970000e-01,3.480984e+00,4.069490e+00,7.125410e-01,4.761830e-03,3.780500e-04,2.179050e-04,3.630790e-09,2.110090e-16,5.621510e-08,3.432860e-12,1.470320e-12
3.980000e-01,3.442825e+00,4.024788e+00,7.125730e-01,4.609870e-03,3.623560e-04,2.035050e-04,3.277070e-09,1.808120e-16,5.163260e-08,3.128600e-12,1.330090e-12
3.990000e-01,3.405109e+00,3.980604e+00,7.126050e-01,4.462840e-03,3.473230e-04,1.900790e-04,2.958270e-09,1.549700e-16,4.742660e-08,2.851500e-12,1.203330e-12
4.000000e-01,3.367821e+00,3.936933e+00,7.126360e-01,4.320530e-03,3.329190e-04,1.775600e-04,2.671060e-09,1.329050e-16,4.356650e-08,2.599210e-12,1.088790e-12
4.010000e-01,3.330964e+00,3.893767e+00,7.126680e-01,4.182710e-03,3.191110e-04,1.658820e-04,2.412130e-09,1.140370e-16,4.002220e-08,2.369370e-12,9.852270e-13
4.020000e-01,3.294542e+00,3.851102e+00,7.126990e-01,4.049200e-03,3.058700e-04,1.549810e-04,2.178270e-09,9.781390e-17,3.676420e-08,2.159690e-12,8.914260e-13
4.030000e-01,3.258532e+00,3.808930e+00,7.127300e-01,3.919850e-03,2.931720e-04,1.448050e-04,1.967110e-09,8.387260e-17,3.376990e-08,1.968460e-12,8.064980e-13
4.040000e-01,3.222931e+00,3.767246e+00,7.127620e-01,3.794560e-03,2.809980e-04,1.353090e-04,1.776670e-09,7.193770e-17,3.102000e-08,1.794210e-12,7.296880e-13
4.050000e-01,3.187748e+00,3.726044e+00,7.127930e-01,3.673230e-03,2.693280e-04,1.264500e-04,1.604940e-09,6.173360e-17,2.849500e-08,1.635460e-12,6.602430e-13
4.060000e-01,3.152957e+00,3.685301e+00,7.128240e-01,3.555760e-03,2.581430e-04,1.181810e-04,1.449950e-09,5.298510e-17,2.617550e-08,1.490770e-12,5.974080e-13
4.070000e-01,3.118566e+00,3.645029e+00,7.128540e-01,3.442050e-03,2.474230e-04,1.104620e-04,1.309930e-09,4.545720e-17,2.404400e-08,1.358800e-12,5.405090e-13
4.080000e-01,3.084573e+00,3.605222e+00,7.128850e-01,3.332000e-03,2.371510e-04,1.032590e-04,1.183570e-09,3.900100e-17,2.208650e-08,1.238540e-12,4.890410e-13
4.090000e-01,3.050963e+00,3.565874e+00,7.129160e-01,3.225510e-03,2.273120e-04,9.653870e-05,1.069630e-09,3.347920e-17,2.028970e-08,1.129010e-12,4.425200e-13
4.100000e-01,3.017748e+00,3.526980e+00,7.129460e-01,3.122510e-03,2.178870e-04,9.026920e-05,9.668560e-10,2.875430e-17,1.864030e-08,1.029260e-12,4.004640e-13
4.110000e-01,2.984915e+00,3.488542e+00,7.129770e-01,3.022880e-03,2.088590e-04,8.441810e-05,8.740370e-10,2.469350e-17,1.712520e-08,9.383180e-13,3.624000e-13
4.120000e-01,2.952467e+00,3.450547e+00,7.130080e-01,2.926510e-03,2.002130e-04,7.895700e-05,7.902140e-10,2.120390e-17,1.573360e-08,8.554240e-13,3.279540e-13
4.130000e-01,2.920391e+00,3.412982e+00,7.130390e-01,2.833250e-03,1.919280e-04,7.385970e-05,7.145600e-10,1.821290e-17,1.445570e-08,7.798980e-13,2.968030e-13
4.140000e-01,2.888684e+00,3.375857e+00,7.130700e-01,2.742970e-03,1.839880e-04,6.910010e-05,6.462490e-10,1.564820e-17,1.328200e-08,7.110650e-13,2.686220e-13
4.150000e-01,2.857327e+00,3.339151e+00,7.131010e-01,2.655550e-03,1.763770e-04,6.465350e-05,5.845060e-10,1.344340e-17,1.220330e-08,6.482900e-13,2.431070e-13
4.160000e-01,2.826337e+00,3.302866e+00,7.131310e-01,2.570940e-03,1.690830e-04,6.050070e-05,5.287350e-10,1.155120e-17,1.121250e-08,5.910700e-13,2.200230e-13
4.170000e-01,2.795703e+00,3.266999e+00,7.131620e-01,2.489100e-03,1.620960e-04,5.662340e-05,4.783770e-10,9.928840e-18,1.030280e-08,5.389350e-13,1.991440e-13
4.180000e-01,2.765419e+00,3.231551e+00,7.131940e-01,2.409970e-03,1.554060e-04,5.300360e-05,4.328830e-10,8.535090e-18,9.467230e-09,4.914210e-13,1.802550e-13
4.190000e-01,2.735489e+00,3.196510e+00,7.132240e-01,2.333400e-03,1.489960e-04,4.962240e-05,3.917780e-10,7.338160e-18,8.699800e-09,4.481140e-13,1.631640e-13
4.200000e-01,2.705902e+00,3.161877e+00,7.132550e-01,2.259200e-03,1.428470e-04,4.646110e-05,3.546090e-10,6.309330e-18,7.994500e-09,4.086190e-13,1.476920e-13
4.210000e-01,2.676653e+00,3.127642e+00,7.132840e-01,2.187260e-03,1.369470e-04,4.350390e-05,3.209800e-10,5.424220e-18,7.346050e-09,3.725860e-13,1.336790e-13
4.220000e-01,2.647738e+00,3.093798e+00,7.133130e-01,2.117540e-03,1.312880e-04,4.073870e-05,2.905800e-10,4.664770e-18,6.750240e-09,3.397360e-13,1.210000e-13
4.230000e-01,2.619166e+00,3.060349e+00,7.133420e-01,2.050030e-03,1.258620e-04,3.815390e-05,2.631050e-10,4.013450e-18,6.202930e-09,3.097950e-13,1.095290e-13
4.240000e-01,2.590914e+00,3.027290e+00,7.133710e-01,1.984710e-03,1.206630e-04,3.573780e-05,2.382520e-10,3.452910e-18,5.700020e-09,2.824920e-13,9.914470e-14
4.250000e-01,2.562991e+00,2.994608e+00,7.133990e-01,1.921520e-03,1.156830e-04,3.347960e-05,2.157700e-10,2.970090e-18,5.237950e-09,2.575960e-13,8.974330e-14
4.260000e-01,2.535391e+00,2.962307e+00,7.134280e-01,1.860380e-03,1.109120e-04,3.136940e-05,1.954490e-10,2.555620e-18,4.813620e-09,2.349100e-13,8.124010e-14
4.270000e-01,2.508107e+00,2.930374e+00,7.134560e-01,1.801220e-03,1.063410e-04,2.939690e-05,1.770840e-10,2.200230e-18,4.423980e-09,2.142410e-13,7.355050e-14
4.280000e-01,2.481133e+00,2.898812e+00,7.134840e-01,1.743970e-03,1.019600e-04,2.755220e-05,1.604670e-10,1.894690e-18,4.065950e-09,1.953940e-13,6.659010e-14
4.290000e-01,2.454466e+00,2.867609e+00,7.135120e-01,1.688540e-03,9.775980e-05,2.582570e-05,1.454080e-10,1.630660e-18,3.736660e-09,1.781890e-13,6.028070e-14
4.300000e-01,2.428108e+00,2.836763e+00,7.135390e-01,1.634870e-03,9.373360e-05,2.421040e-05,1.317720e-10,1.403160e-18,3.434010e-09,1.624950e-13,5.456720e-14
4.310000e-01,2.402050e+00,2.806274e+00,7.135660e-01,1.582910e-03,8.987390e-05,2.269950e-05,1.194420e-10,1.207940e-18,3.156020e-09,1.481930e-13,4.939950e-14
4.320000e-01,2.376293e+00,2.776125e+00,7.135930e-01,1.532600e-03,8.617360e-05,2.128630e-05,1.082940e-10,1.040770e-18,2.900760e-09,1.351650e-13,4.472760e-14
4.330000e-01,2.350829e+00,2.746332e+00,7.136200e-01,1.483860e-03,8.262560e-05,1.996400e-05,9.821090e-11,8.974180e-19,2.666250e-09,1.232900e-13,4.050140e-14
4.340000e-01,2.325653e+00,2.716877e+00,7.136480e-01,1.436650e-03,7.922280e-05,1.872610e-05,8.907220e-11,7.737070e-19,2.450580e-09,1.124510e-13,3.667160e-14
4.350000e-01,2.300764e+00,2.687751e+00,7.136760e-01,1.390930e-03,7.595990e-05,1.756710e-05,8.078620e-11,6.667130e-19,2.252210e-09,1.025550e-13,3.319980e-14
4.360000e-01,2.276161e+00,2.658961e+00,7.137040e-01,1.346690e-03,7.283290e-05,1.648260e-05,7.328240e-11,5.745240e-19,2.069910e-09,9.353080e-14,3.005670e-14
4.370000e-01,2.251837e+00,2.630498e+00,7.137330e-01,1.303910e-03,6.983810e-05,1.546800e-05,6.649080e-11,4.952590e-19,1.902480e-09,8.530650e-14,2.721330e-14
4.380000e-01,2.227784e+00,2.602352e+00,7.137610e-01,1.262570e-03,6.697140e-05,1.451910e-05,6.034200e-11,4.270440e-19,1.748710e-09,7.781070e-14,2.464070e-14
4.390000e-01,2.204002e+00,2.574530e+00,7.137900e-01,1.222630e-03,6.422700e-05,1.363120e-05,5.477250e-11,3.682790e-19,1.607470e-09,7.097770e-14,2.231250e-14
4.400000e-01,2.180495e+00,2.547024e+00,7.138190e-01,1.183970e-03,6.159660e-05,1.279990e-05,4.972670e-11,3.176920e-19,1.477700e-09,6.474780e-14,2.020530e-14
4.410000e-01,2.157263e+00,2.519840e+00,7.138480e-01,1.146490e-03,5.907240e-05,1.202050e-05,4.515050e-11,2.740630e-19,1.358370e-09,5.906320e-14,1.829660e-14
4.420000e-01,2.134303e+00,2.492975e+00,7.138760e-01,1.110140e-03,5.664930e-05,1.128970e-05,4.100000e-11,2.364550e-19,1.248650e-09,5.387650e-14,1.656790e-14
4.430000e-01,2.111602e+00,2.466420e+00,7.139040e-01,1.074900e-03,5.432400e-05,1.060460e-05,3.723650e-11,2.040690e-19,1.147780e-09,4.914530e-14,1.500270e-14
4.440000e-01,2.089161e+00,2.440164e+00,7.139320e-01,1.040740e-03,5.209290e-05,9.962040e-06,3.382140e-11,1.761160e-19,1.055010e-09,4.482750e-14,1.358470e-14
4.450000e-01,2.066969e+00,2.414210e+00,7.139590e-01,1.007670e-03,4.995320e-05,9.359620e-06,3.072220e-11,1.519720e-19,9.697180e-10,4.088740e-14,1.230000e-14
4.460000e-01,2.045031e+00,2.388543e+00,7.139860e-01,9.756570e-04,4.790260e-05,8.795140e-06,2.791270e-11,1.311840e-19,8.913530e-10,3.729530e-14,1.113750e-14
4.470000e-01,2.023336e+00,2.363170e+00,7.140130e-01,9.447110e-04,4.593880e-05,8.266480e-06,2.536690e-11,1.133030e-19,8.193860e-10,3.402200e-14,1.008590e-14
4.480000e-01,2.001894e+00,2.338083e+00,7.140400e-01,9.148210e-04,4.405940e-05,7.771460e-06,2.305870e-11,9.788470e-20,7.532830e-10,3.103820e-14,9.134280e-15
4.490000e-01,1.980692e+00,2.313284e+00,7.140680e-01,8.859360e-04,4.226000e-05,7.307760e-06,2.096470e-11,8.456200e-20,6.925430e-10,2.831700e-14,8.272580e-15
4.500000e-01,1.959733e+00,2.288769e+00,7.140960e-01,8.579560e-04,4.053420e-05,6.872800e-06,1.906390e-11,7.305980e-20,6.367040e-10,2.583450e-14,7.492180e-15
4.510000e-01,1.939014e+00,2.264535e+00,7.141240e-01,8.307970e-04,3.887630e-05,6.464220e-06,1.733660e-11,6.312220e-20,5.853290e-10,2.356810e-14,6.784930e-15
4.520000e-01,1.918532e+00,2.240578e+00,7.141510e-01,8.044560e-04,3.728450e-05,6.080510e-06,1.576770e-11,5.455020e-20,5.380820e-10,2.150000e-14,6.144370e-15
4.530000e-01,1.898279e+00,2.216894e+00,7.141780e-01,7.789440e-04,3.575790e-05,5.720370e-06,1.434300e-11,4.715810e-20,4.946520e-10,1.961360e-14,5.564410e-15
4.540000e-01,1.878253e+00,2.193477e+00,7.142040e-01,7.542760e-04,3.429550e-05,5.382480e-06,1.304860e-11,4.076270e-20,4.547270e-10,1.789240e-14,5.039020e-15
4.550000e-01,1.858455e+00,2.170321e+00,7.142300e-01,7.304330e-04,3.289510e-05,5.065550e-06,1.187260e-11,3.522660e-20,4.180360e-10,1.632240e-14,4.563160e-15
4.560000e-01,1.838878e+00,2.147435e+00,7.142550e-01,7.073770e-04,3.155370e-05,4.768290e-06,1.080540e-11,3.045270e-20,3.843360e-10,1.489150e-14,4.132660e-15
4.570000e-01,1.819521e+00,2.124805e+00,7.142800e-01,6.850660e-04,3.026820e-05,4.489410e-06,9.837000e-12,2.634540e-20,3.533890e-10,1.358780e-14,3.743370e-15
4.580000e-01,1.800388e+00,2.102432e+00,7.143050e-01,6.634580e-04,2.903540e-05,4.227620e-06,8.957850e-12,2.280880e-20,3.249550e-10,1.239930e-14,3.391150e-15
4.590000e-01,1.781476e+00,2.080319e+00,7.143310e-01,6.425140e-04,2.785220e-05,3.981650e-06,8.158230e-12,1.974840e-20,2.987950e-10,1.131420e-14,3.071900e-15
4.600000e-01,1.762775e+00,2.058458e+00,7.143570e-01,6.222090e-04,2.671650e-05,3.750440e-06,7.430280e-12,1.709180e-20,2.747140e-10,1.032280e-14,2.782280e-15
4.610000e-01,1.744291e+00,2.036840e+00,7.143840e-01,6.025390e-04,2.562700e-05,3.533170e-06,6.768150e-12,1.479240e-20,2.525660e-10,9.417910e-15,2.519850e-15
4.620000e-01,1.726009e+00,2.015468e+00,7.144110e-01,5.834970e-04,2.458230e-05,3.329060e-06,6.166090e-12,1.280480e-20,2.322050e-10,8.592410e-15,2.282190e-15
4.630000e-01,1.707930e+00,1.994330e+00,7.144370e-01,5.650790e-04,2.358130e-05,3.137320e-06,5.618450e-12,1.108450e-20,2.134890e-10,7.839320e-15,2.066940e-15
4.640000e-01,1.690056e+00,1.973431e+00,7.144640e-01,5.472640e-04,2.262200e-05,2.957190e-06,5.120420e-12,9.597160e-21,1.962890e-10,7.152520e-15,1.872070e-15
4.650000e-01,1.672380e+00,1.952765e+00,7.144890e-01,5.300200e-04,2.170240e-05,2.787910e-06,4.667620e-12,8.313570e-21,1.804860e-10,6.526380e-15,1.695740e-15
4.660000e-01,1.654905e+00,1.932333e+00,7.145150e-01,5.133200e-04,2.082040e-05,2.628760e-06,4.255700e-12,7.204660e-21,1.659600e-10,5.955300e-15,1.536090e-15
4.670000e-01,1.637631e+00,1.912141e+00,7.145400e-01,4.971350e-04,1.997400e-05,2.478990e-06,3.880400e-12,6.242270e-21,1.525940e-10,5.433780e-15,1.391340e-15
4.680000e-01,1.620556e+00,1.892178e+00,7.145650e-01,4.814470e-04,1.916170e-05,2.338050e-06,3.538480e-12,5.407130e-21,1.402980e-10,4.957600e-15,1.260120e-15
4.690000e-01,1.603674e+00,1.872440e+00,7.145900e-01,4.662470e-04,1.838230e-05,2.205450e-06,3.227280e-12,4.684990e-21,1.289940e-10,4.523240e-15,1.141310e-15
4.700000e-01,1.586982e+00,1.852930e+00,7.146140e-01,4.515250e-04,1.763470e-05,2.080720e-06,2.944130e-12,4.061650e-21,1.186050e-10,4.127200e-15,1.033800e-15
4.710000e-01,1.570479e+00,1.833635e+00,7.146390e-01,4.372700e-04,1.691780e-05,1.963370e-06,2.686370e-12,3.522930e-21,1.090560e-10,3.765990e-15,9.364600e-16
4.720000e-01,1.554161e+00,1.814559e+00,7.146630e-01,4.234730e-04,1.623030e-05,1.852930e-06,2.451400e-12,3.055070e-21,1.002720e-10,3.436170e-15,8.482140e-16
4.730000e-01,1.538024e+00,1.795693e+00,7.146880e-01,4.101200e-04,1.557130e-05,1.749000e-06,2.237210e-12,2.648660e-21,9.219230e-11,3.135070e-15,7.682250e-16
4.740000e-01,1.522068e+00,1.777035e+00,7.147130e-01,3.971970e-04,1.493950e-05,1.651210e-06,2.042140e-12,2.296840e-21,8.476610e-11,2.860450e-15,6.958050e-16
4.750000e-01,1.506288e+00,1.758588e+00,7.147380e-01,3.846910e-04,1.433380e-05,1.559180e-06,1.864530e-12,1.992750e-21,7.794250e-11,2.610070e-15,6.302700e-16
4.760000e-01,1.490682e+00,1.740344e+00,7.147630e-01,3.725860e-04,1.375300e-05,1.472560e-06,1.702710e-12,1.729550e-21,7.167050e-11,2.381700e-15,5.709340e-16
4.770000e-01,1.475251e+00,1.722305e+00,7.147890e-01,3.608680e-04,1.319610e-05,1.390990e-06,1.555130e-12,1.500930e-21,6.590140e-11,2.173210e-15,5.171530e-16
4.780000e-01,1.459997e+00,1.704469e+00,7.148150e-01,3.495190e-04,1.266190e-05,1.314140e-06,1.420540e-12,1.302600e-21,6.059590e-11,1.982940e-15,4.684270e-16
4.790000e-01,1.444911e+00,1.686837e+00,7.148410e-01,3.385210e-04,1.214920e-05,1.241710e-06,1.297800e-12,1.130730e-21,5.571700e-11,1.809320e-15,4.242900e-16
4.800000e-01,1.429997e+00,1.669398e+00,7.148670e-01,3.278560e-04,1.165700e-05,1.173420e-06,1.185790e-12,9.816640e-22,5.122880e-11,1.650830e-15,3.842950e-16
4.810000e-01,1.415249e+00,1.652156e+00,7.148930e-01,3.175240e-04,1.118460e-05,1.109030e-06,1.083600e-12,8.524520e-22,4.710140e-11,1.506210e-15,3.480680e-16
4.820000e-01,1.400671e+00,1.635110e+00,7.149180e-01,3.075240e-04,1.073170e-05,1.048350e-06,9.903610e-13,7.403280e-22,4.330680e-11,1.374250e-15,3.152530e-16
4.830000e-01,1.386251e+00,1.618251e+00,7.149430e-01,2.978550e-04,1.029780e-05,9.911600e-07,9.052630e-13,6.428410e-22,3.981830e-11,1.253850e-15,2.855240e-16
4.840000e-01,1.371990e+00,1.601581e+00,7.149670e-01,2.885010e-04,9.881880e-06,9.372700e-07,8.276410e-13,5.582940e-22,3.661260e-11,1.144050e-15,2.586140e-16
4.850000e-01,1.357891e+00,1.585098e+00,7.149910e-01,2.794480e-04,9.483100e-06,8.864720e-07,7.568530e-13,4.851050e-22,3.366730e-11,1.043960e-15,2.342650e-16
4.860000e-01,1.343943e+00,1.568798e+00,7.150150e-01,2.706790e-04,9.100520e-06,8.385600e-07,6.922540e-13,4.216960e-22,3.095960e-11,9.526670e-16,2.122200e-16
4.870000e-01,1.330154e+00,1.552677e+00,7.150400e-01,2.621800e-04,8.733240e-06,7.933360e-07,6.332190e-13,3.665360e-22,2.846770e-11,8.692790e-16,1.922310e-16
4.880000e-01,1.316516e+00,1.536732e+00,7.150650e-01,2.539410e-04,8.380610e-06,7.506370e-07,5.792580e-13,3.185410e-22,2.617430e-11,7.931160e-16,1.741040e-16
4.890000e-01,1.303029e+00,1.520968e+00,7.150900e-01,2.459540e-04,8.042070e-06,7.103220e-07,5.299540e-13,2.768530e-22,2.406470e-11,7.235930e-16,1.576790e-16
4.900000e-01,1.289695e+00,1.505383e+00,7.151150e-01,2.382120e-04,7.717090e-06,6.722480e-07,4.848920e-13,2.406210e-22,2.212420e-11,6.601330e-16,1.427960e-16
4.910000e-01,1.276509e+00,1.489972e+00,7.151390e-01,2.307110e-04,7.405230e-06,6.362940e-07,4.437100e-13,2.091390e-22,2.033980e-11,6.022230e-16,1.293130e-16
4.920000e-01,1.263473e+00,1.474735e+00,7.151630e-01,2.234480e-04,7.106120e-06,6.023570e-07,4.061020e-13,1.818500e-22,1.870000e-11,5.494210e-16,1.171110e-16
4.930000e-01,1.250582e+00,1.459668e+00,7.151870e-01,2.164230e-04,6.819410e-06,5.703340e-07,3.717620e-13,1.582010e-22,1.719340e-11,5.012860e-16,1.060710e-16
4.940000e-01,1.237831e+00,1.444764e+00,7.152110e-01,2.096310e-04,6.544740e-06,5.401240e-07,3.403880e-13,1.376460e-22,1.580870e-11,4.573810e-16,9.607290e-17
4.950000e-01,1.225219e+00,1.430023e+00,7.152360e-01,2.030660e-04,6.281560e-06,5.116150e-07,3.117080e-13,1.197450e-22,1.453570e-11,4.173170e-16,8.701490e-17
4.960000e-01,1.212746e+00,1.415442e+00,7.152610e-01,1.967090e-04,6.029130e-06,4.846860e-07,2.854850e-13,1.041770e-22,1.336520e-11,3.807610e-16,7.881010e-17
4.970000e-01,1.200409e+00,1.401025e+00,7.152860e-01,1.905450e-04,5.786690e-06,4.592190e-07,2.614880e-13,9.063340e-23,1.228820e-11,3.473860e-16,7.137420e-17
4.980000e-01,1.188209e+00,1.386765e+00,7.153100e-01,1.845650e-04,5.553790e-06,4.351240e-07,2.395260e-13,7.885800e-23,1.129740e-11,3.169180e-16,6.463610e-17
4.990000e-01,1.176144e+00,1.372663e+00,7.153340e-01,1.787670e-04,5.330130e-06,4.123320e-07,2.194310e-13,6.863060e-23,1.038610e-11,2.891150e-16,5.853340e-17
5.000000e-01,1.164213e+00,1.358720e+00,7.153570e-01,1.731470e-04,5.115420e-06,3.907730e-07,2.010370e-13,5.973170e-23,9.547890e-12,2.637370e-16,5.300340e-17
