# B23 standard solar model (Herrera & Serenelli 2023, doi:10.5281/zenodo.10174170, CC-BY-4.0), composition AGSS09
# r [R_sun], n_e [N_A/cm^3], rho [g/cm^3], X (H mass fraction), production distributions dN/dr (normalised per R_sun) per component
r,ne,rho,X,pp,pep,hep,be7,b8,n13,o15,f17
0.000000e+00,1.007187e+02,1.479858e+02,3.628710e-01,0.000000e+00,0.000000e+00,0.000000e+00,0.000000e+00,0.000000e+00,0.000000e+00,0.000000e+00,0.000000e+00
1.000000e-03,1.007117e+02,1.479722e+02,3.629160e-01,2.058100e-03,3.220000e-03,8.770440e-04,1.013550e-02,2.522180e-02,1.484050e-02,2.106530e-02,2.311360e-02
2.000000e-03,1.006955e+02,1.479415e+02,3.629810e-01,8.211370e-03,1.284610e-02,3.500250e-03,4.041890e-02,1.004950e-01,5.918270e-02,8.400490e-02,9.217890e-02
3.000000e-03,1.006723e+02,1.478904e+02,3.631190e-01,1.846920e-02,2.888700e-02,7.876970e-03,9.081850e-02,2.255490e-01,1.328750e-01,1.886040e-01,2.069500e-01
4.000000e-03,1.006352e+02,1.478155e+02,3.633180e-01,3.281790e-02,5.131230e-02,1.400690e-02,1.611440e-01,3.995710e-01,2.354520e-01,3.342050e-01,3.666770e-01
5.000000e-03,1.005889e+02,1.477168e+02,3.635760e-01,5.124400e-02,8.008910e-02,2.189210e-02,2.511530e-01,6.215040e-01,3.663110e-01,5.199470e-01,5.703900e-01
6.000000e-03,1.005310e+02,1.475978e+02,3.638920e-01,7.373650e-02,1.151830e-01,3.153780e-02,3.605710e-01,8.900720e-01,5.247290e-01,7.448080e-01,8.169280e-01
7.000000e-03,1.004639e+02,1.474586e+02,3.642670e-01,1.002730e-01,1.565400e-01,4.294630e-02,4.890180e-01,1.203630e+00,7.097780e-01,1.007470e+00,1.104790e+00
8.000000e-03,1.003830e+02,1.472957e+02,3.646990e-01,1.308290e-01,2.040980e-01,5.612130e-02,6.360590e-01,1.560290e+00,9.203870e-01,1.306400e+00,1.432270e+00
9.000000e-03,1.002975e+02,1.471126e+02,3.651880e-01,1.653790e-01,2.577930e-01,7.106850e-02,8.012100e-01,1.957950e+00,1.155370e+00,1.639950e+00,1.797450e+00
1.000000e-02,1.001982e+02,1.469095e+02,3.657340e-01,2.039000e-01,3.175580e-01,8.779610e-02,9.839620e-01,2.394330e+00,1.413450e+00,2.006260e+00,2.198280e+00
1.100000e-02,1.000875e+02,1.466865e+02,3.663350e-01,2.463520e-01,3.832990e-01,1.063070e-01,1.183670e+00,2.866780e+00,1.693120e+00,2.403240e+00,2.632340e+00
1.200000e-02,9.997007e+01,1.464401e+02,3.669940e-01,2.926970e-01,4.549190e-01,1.266070e-01,1.399690e+00,3.372510e+00,1.992820e+00,2.828650e+00,3.097130e+00
1.300000e-02,9.983895e+01,1.461740e+02,3.677080e-01,3.429000e-01,5.323280e-01,1.487040e-01,1.631300e+00,3.908630e+00,2.310960e+00,3.280210e+00,3.590030e+00
1.400000e-02,9.970111e+01,1.458881e+02,3.684770e-01,3.969080e-01,6.154030e-01,1.726020e-01,1.877740e+00,4.471970e+00,2.645710e+00,3.755350e+00,4.108160e+00
1.500000e-02,9.955429e+01,1.455828e+02,3.693020e-01,4.546830e-01,7.040370e-01,1.983120e-01,2.138220e+00,5.059360e+00,2.995310e+00,4.251610e+00,4.648680e+00
1.600000e-02,9.939625e+01,1.452580e+02,3.701800e-01,5.161560e-01,7.980810e-01,2.258310e-01,2.411820e+00,5.667250e+00,3.357800e+00,4.766130e+00,5.208410e+00
1.700000e-02,9.922932e+01,1.449139e+02,3.711130e-01,5.813060e-01,8.974520e-01,2.551820e-01,2.697800e+00,6.292550e+00,3.731450e+00,5.296480e+00,5.784570e+00
1.800000e-02,9.904898e+01,1.445473e+02,3.720990e-01,6.500220e-01,1.001920e+00,2.863470e-01,2.995000e+00,6.931210e+00,4.114000e+00,5.839440e+00,6.373510e+00
1.900000e-02,9.886214e+01,1.441684e+02,3.731380e-01,7.223020e-01,1.111450e+00,3.193590e-01,3.302740e+00,7.580340e+00,4.503840e+00,6.392830e+00,6.972670e+00
2.000000e-02,9.866656e+01,1.437673e+02,3.742300e-01,7.980120e-01,1.225760e+00,3.541920e-01,3.619710e+00,8.235590e+00,4.898490e+00,6.953020e+00,7.578100e+00
2.100000e-02,9.846231e+01,1.433475e+02,3.753730e-01,8.771130e-01,1.344750e+00,3.908660e-01,3.945050e+00,8.893760e+00,5.296280e+00,7.517610e+00,8.187010e+00
2.200000e-02,9.824942e+01,1.429124e+02,3.765680e-01,9.595660e-01,1.468290e+00,4.293980e-01,4.277870e+00,9.551670e+00,5.695370e+00,8.084100e+00,8.796530e+00
2.300000e-02,9.802571e+01,1.424590e+02,3.778140e-01,1.045220e+00,1.596110e+00,4.697610e-01,4.616810e+00,1.020510e+01,6.093470e+00,8.649220e+00,9.402960e+00
2.400000e-02,9.779575e+01,1.419875e+02,3.791090e-01,1.134040e+00,1.728070e+00,5.119720e-01,4.960970e+00,1.085120e+01,6.488910e+00,9.210470e+00,1.000360e+01
2.500000e-02,9.755510e+01,1.414979e+02,3.804530e-01,1.225920e+00,1.863960e+00,5.560230e-01,5.309180e+00,1.148620e+01,6.879640e+00,9.765110e+00,1.059530e+01
2.600000e-02,9.730609e+01,1.409970e+02,3.818460e-01,1.320820e+00,2.003670e+00,6.019400e-01,5.660610e+00,1.210760e+01,7.264310e+00,1.031110e+01,1.117570e+01
2.700000e-02,9.704876e+01,1.404785e+02,3.832860e-01,1.418520e+00,2.146800e+00,6.496570e-01,6.013630e+00,1.271100e+01,7.640460e+00,1.084500e+01,1.174100e+01
2.800000e-02,9.678543e+01,1.399458e+02,3.847740e-01,1.519090e+00,2.293380e+00,6.992480e-01,6.367860e+00,1.329520e+01,8.007380e+00,1.136580e+01,1.229010e+01
2.900000e-02,9.651393e+01,1.393959e+02,3.863080e-01,1.622300e+00,2.443020e+00,7.506450e-01,6.721660e+00,1.385620e+01,8.362800e+00,1.187030e+01,1.281950e+01
3.000000e-02,9.623432e+01,1.388321e+02,3.878870e-01,1.728070e+00,2.595530e+00,8.038540e-01,7.074110e+00,1.439170e+01,8.705430e+00,1.235670e+01,1.332690e+01
3.100000e-02,9.594669e+01,1.382547e+02,3.895100e-01,1.836310e+00,2.750720e+00,8.588730e-01,7.424210e+00,1.489950e+01,9.034030e+00,1.282310e+01,1.381070e+01
3.200000e-02,9.564890e+01,1.376639e+02,3.911780e-01,1.946880e+00,2.908330e+00,9.156770e-01,7.770870e+00,1.537730e+01,9.347280e+00,1.326780e+01,1.426860e+01
3.300000e-02,9.534765e+01,1.370598e+02,3.928880e-01,2.059680e+00,3.068130e+00,9.742500e-01,8.113070e+00,1.582320e+01,9.643990e+00,1.368890e+01,1.469890e+01
3.400000e-02,9.503859e+01,1.364426e+02,3.946410e-01,2.174600e+00,3.229900e+00,1.034580e+00,8.449920e+00,1.623550e+01,9.923320e+00,1.408540e+01,1.510030e+01
3.500000e-02,9.472399e+01,1.358157e+02,3.964340e-01,2.291490e+00,3.393390e+00,1.096650e+00,8.780370e+00,1.661280e+01,1.018420e+01,1.445580e+01,1.547140e+01
3.600000e-02,9.439957e+01,1.351699e+02,3.982680e-01,2.410280e+00,3.558420e+00,1.160450e+00,9.103680e+00,1.695410e+01,1.042620e+01,1.479930e+01,1.581120e+01
3.700000e-02,9.406975e+01,1.345179e+02,4.001410e-01,2.530680e+00,3.724510e+00,1.225870e+00,9.418430e+00,1.725730e+01,1.064790e+01,1.511390e+01,1.611780e+01
3.800000e-02,9.373462e+01,1.338567e+02,4.020520e-01,2.652780e+00,3.891690e+00,1.293000e+00,9.724630e+00,1.752300e+01,1.084960e+01,1.540030e+01,1.639190e+01
3.900000e-02,9.339207e+01,1.331803e+02,4.040000e-01,2.776310e+00,4.059620e+00,1.361750e+00,1.002090e+01,1.775010e+01,1.103040e+01,1.565700e+01,1.663200e+01
4.000000e-02,9.304221e+01,1.324921e+02,4.059850e-01,2.901100e+00,4.227910e+00,1.432050e+00,1.030640e+01,1.793790e+01,1.119000e+01,1.588350e+01,1.683790e+01
4.100000e-02,9.268725e+01,1.317984e+02,4.080050e-01,3.027100e+00,4.396480e+00,1.503920e+00,1.058080e+01,1.808680e+01,1.132840e+01,1.608000e+01,1.700970e+01
4.200000e-02,9.232727e+01,1.310932e+02,4.100600e-01,3.154030e+00,4.564900e+00,1.577260e+00,1.084290e+01,1.819640e+01,1.144500e+01,1.624550e+01,1.714670e+01
4.300000e-02,9.196022e+01,1.303797e+02,4.121470e-01,3.281950e+00,4.733220e+00,1.652110e+00,1.109300e+01,1.826820e+01,1.154070e+01,1.638140e+01,1.725040e+01
4.400000e-02,9.158830e+01,1.296552e+02,4.142670e-01,3.410600e+00,4.901010e+00,1.728380e+00,1.133000e+01,1.830190e+01,1.161530e+01,1.648720e+01,1.732070e+01
4.500000e-02,9.121368e+01,1.289258e+02,4.164190e-01,3.539750e+00,5.067920e+00,1.805980e+00,1.155320e+01,1.829800e+01,1.166850e+01,1.656280e+01,1.735740e+01
4.600000e-02,9.083014e+01,1.281858e+02,4.186000e-01,3.669370e+00,5.233890e+00,1.884910e+00,1.176250e+01,1.825800e+01,1.170100e+01,1.660910e+01,1.736170e+01
4.700000e-02,9.044405e+01,1.274442e+02,4.208120e-01,3.799490e+00,5.398940e+00,1.965210e+00,1.195800e+01,1.818380e+01,1.171390e+01,1.662740e+01,1.733550e+01
4.800000e-02,9.005338e+01,1.266922e+02,4.230520e-01,3.929670e+00,5.562390e+00,2.046680e+00,1.213860e+01,1.807510e+01,1.170670e+01,1.661720e+01,1.727830e+01
4.900000e-02,8.965613e+01,1.259331e+02,4.253200e-01,4.059760e+00,5.724060e+00,2.129270e+00,1.230410e+01,1.793340e+01,1.167980e+01,1.657910e+01,1.719070e+01
5.000000e-02,8.925859e+01,1.251728e+02,4.276120e-01,4.190000e+00,5.884250e+00,2.213100e+00,1.245530e+01,1.776200e+01,1.163530e+01,1.651600e+01,1.707660e+01
5.100000e-02,8.885257e+01,1.244028e+02,4.299320e-01,4.319820e+00,6.042160e+00,2.297910e+00,1.259080e+01,1.756030e+01,1.157230e+01,1.642670e+01,1.693430e+01
5.200000e-02,8.844637e+01,1.236289e+02,4.322740e-01,4.449070e+00,6.197520e+00,2.383620e+00,1.271050e+01,1.733050e+01,1.149210e+01,1.631280e+01,1.676630e+01
5.300000e-02,8.803594e+01,1.228514e+02,4.346390e-01,4.577950e+00,6.350710e+00,2.470350e+00,1.281550e+01,1.707540e+01,1.139580e+01,1.617620e+01,1.657450e+01
5.400000e-02,8.762136e+01,1.220703e+02,4.370270e-01,4.706130e+00,6.501160e+00,2.557930e+00,1.290520e+01,1.679600e+01,1.128400e+01,1.601750e+01,1.636000e+01
5.500000e-02,8.720271e+01,1.212830e+02,4.394370e-01,4.833310e+00,6.648550e+00,2.646230e+00,1.297910e+01,1.649370e+01,1.115680e+01,1.583720e+01,1.612320e+01
5.600000e-02,8.678207e+01,1.204925e+02,4.418660e-01,4.959790e+00,6.793240e+00,2.735370e+00,1.303860e+01,1.617190e+01,1.101660e+01,1.563820e+01,1.586770e+01
5.700000e-02,8.635749e+01,1.196989e+02,4.443160e-01,5.084990e+00,6.934480e+00,2.825090e+00,1.308260e+01,1.583090e+01,1.086290e+01,1.542010e+01,1.559320e+01
5.800000e-02,8.593103e+01,1.189022e+02,4.467830e-01,5.208790e+00,7.072120e+00,2.915290e+00,1.311140e+01,1.547280e+01,1.069690e+01,1.518460e+01,1.530170e+01
5.900000e-02,8.550076e+01,1.181055e+02,4.492670e-01,5.331270e+00,7.206280e+00,3.006020e+00,1.312580e+01,1.510020e+01,1.051990e+01,1.493350e+01,1.499520e+01
6.000000e-02,8.506678e+01,1.173032e+02,4.517680e-01,5.452370e+00,7.336860e+00,3.097250e+00,1.312610e+01,1.471490e+01,1.033300e+01,1.466830e+01,1.467550e+01
6.100000e-02,8.463110e+01,1.164984e+02,4.542840e-01,5.571520e+00,7.463180e+00,3.188650e+00,1.311170e+01,1.431780e+01,1.013620e+01,1.438900e+01,1.434270e+01
6.200000e-02,8.419572e+01,1.156991e+02,4.568140e-01,5.689360e+00,7.586110e+00,3.280590e+00,1.308480e+01,1.391260e+01,9.931890e+00,1.409910e+01,1.400070e+01
6.300000e-02,8.375486e+01,1.148921e+02,4.593560e-01,5.804870e+00,7.704300e+00,3.372460e+00,1.304350e+01,1.349870e+01,9.719300e+00,1.379750e+01,1.364850e+01
6.400000e-02,8.331247e+01,1.140854e+02,4.619120e-01,5.918600e+00,7.818570e+00,3.464570e+00,1.298980e+01,1.307950e+01,9.500360e+00,1.348680e+01,1.328890e+01
6.500000e-02,8.286860e+01,1.132792e+02,4.644790e-01,6.030060e+00,7.928250e+00,3.556630e+00,1.292330e+01,1.265570e+01,9.275550e+00,1.316780e+01,1.292280e+01
6.600000e-02,8.242330e+01,1.124709e+02,4.670570e-01,6.139220e+00,8.033350e+00,3.648610e+00,1.284460e+01,1.222920e+01,9.045670e+00,1.284160e+01,1.255150e+01
6.700000e-02,8.197473e+01,1.116606e+02,4.696450e-01,6.246340e+00,8.134290e+00,3.740640e+00,1.275500e+01,1.180190e+01,8.812190e+00,1.251040e+01,1.217720e+01
6.800000e-02,8.152673e+01,1.108537e+02,4.722410e-01,6.350830e+00,8.230310e+00,3.832350e+00,1.265390e+01,1.137450e+01,8.575140e+00,1.217400e+01,1.180020e+01
6.900000e-02,8.107557e+01,1.100475e+02,4.748440e-01,6.452580e+00,8.321380e+00,3.923660e+00,1.254190e+01,1.094820e+01,8.335360e+00,1.183380e+01,1.142140e+01
7.000000e-02,8.062505e+01,1.092421e+02,4.774550e-01,6.552200e+00,8.408270e+00,4.014910e+00,1.242070e+01,1.052540e+01,8.094340e+00,1.149170e+01,1.104330e+01
7.100000e-02,8.017150e+01,1.084351e+02,4.800710e-01,6.648720e+00,8.489850e+00,4.105500e+00,1.228930e+01,1.010590e+01,7.851820e+00,1.114770e+01,1.066550e+01
7.200000e-02,7.971683e+01,1.076292e+02,4.826920e-01,6.742470e+00,8.566520e+00,4.195590e+00,1.214900e+01,9.691400e+00,7.608970e+00,1.080310e+01,1.028970e+01
7.300000e-02,7.926108e+01,1.068243e+02,4.853170e-01,6.833390e+00,8.638320e+00,4.285140e+00,1.200030e+01,9.282850e+00,7.366360e+00,1.045890e+01,9.916750e+00
7.400000e-02,7.880613e+01,1.060230e+02,4.879450e-01,6.921160e+00,8.704910e+00,4.373890e+00,1.184330e+01,8.880730e+00,7.124290e+00,1.011540e+01,9.547030e+00
7.500000e-02,7.835018e+01,1.052228e+02,4.905760e-01,7.006090e+00,8.766690e+00,4.462030e+00,1.167930e+01,8.486400e+00,6.883860e+00,9.774220e+00,9.182100e+00
7.600000e-02,7.789149e+01,1.044239e+02,4.932090e-01,7.087820e+00,8.823370e+00,4.549280e+00,1.150830e+01,8.100210e+00,6.645150e+00,9.435490e+00,8.822090e+00
7.700000e-02,7.743548e+01,1.036263e+02,4.958410e-01,7.166310e+00,8.874930e+00,4.635600e+00,1.133090e+01,7.722820e+00,6.408740e+00,9.100090e+00,8.467800e+00
7.800000e-02,7.697683e+01,1.028324e+02,4.984740e-01,7.242030e+00,8.921960e+00,4.721250e+00,1.114840e+01,7.355280e+00,6.175470e+00,8.769050e+00,8.120310e+00
7.900000e-02,7.651560e+01,1.020399e+02,5.011050e-01,7.314000e+00,8.963410e+00,4.805560e+00,1.095990e+01,6.997140e+00,5.945000e+00,8.442030e+00,7.779190e+00
8.000000e-02,7.605714e+01,1.012488e+02,5.037340e-01,7.382550e+00,8.999640e+00,4.888710e+00,1.076660e+01,6.649220e+00,5.717950e+00,8.119880e+00,7.445370e+00
8.100000e-02,7.559795e+01,1.004616e+02,5.063600e-01,7.448130e+00,9.031400e+00,4.970940e+00,1.056950e+01,6.312200e+00,5.495040e+00,7.803610e+00,7.119600e+00
8.200000e-02,7.513806e+01,9.967816e+01,5.089830e-01,7.509960e+00,9.057730e+00,5.051720e+00,1.036830e+01,5.985780e+00,5.276100e+00,7.492930e+00,6.801650e+00
8.300000e-02,7.467926e+01,9.889629e+01,5.116010e-01,7.568710e+00,9.079550e+00,5.131440e+00,1.016430e+01,5.670640e+00,5.061790e+00,7.188870e+00,6.492370e+00
8.400000e-02,7.422155e+01,9.812056e+01,5.142140e-01,7.623680e+00,9.096110e+00,5.209590e+00,9.957130e+00,5.366420e+00,4.851930e+00,6.891060e+00,6.191400e+00
8.500000e-02,7.375985e+01,9.734418e+01,5.168200e-01,7.675230e+00,9.107860e+00,5.286360e+00,9.747700e+00,5.073530e+00,4.647010e+00,6.600290e+00,5.899340e+00
8.600000e-02,7.330102e+01,9.657173e+01,5.194200e-01,7.723550e+00,9.115120e+00,5.361860e+00,9.536760e+00,4.792110e+00,4.447340e+00,6.316980e+00,5.616460e+00
8.700000e-02,7.284337e+01,9.580320e+01,5.220120e-01,7.768050e+00,9.117320e+00,5.435600e+00,9.323960e+00,4.521680e+00,4.252660e+00,6.040740e+00,5.342370e+00
8.800000e-02,7.238357e+01,9.503859e+01,5.245960e-01,7.809180e+00,9.114980e+00,5.507890e+00,9.110330e+00,4.262580e+00,4.063460e+00,5.772290e+00,5.077570e+00
8.900000e-02,7.192502e+01,9.427792e+01,5.271710e-01,7.846670e+00,9.107950e+00,5.578460e+00,8.895920e+00,4.014470e+00,3.879630e+00,5.511440e+00,4.821860e+00
9.000000e-02,7.146773e+01,9.352118e+01,5.297370e-01,7.881060e+00,9.096870e+00,5.647640e+00,8.681710e+00,3.777520e+00,3.701540e+00,5.258750e+00,4.575600e+00
9.100000e-02,7.101008e+01,9.276839e+01,5.322920e-01,7.911500e+00,9.080830e+00,5.714820e+00,8.467150e+00,3.551150e+00,3.528800e+00,5.013640e+00,4.338240e+00
9.200000e-02,7.055373e+01,9.201741e+01,5.348370e-01,7.938260e+00,9.060200e+00,5.780090e+00,8.252790e+00,3.335250e+00,3.361540e+00,4.776310e+00,4.109880e+00
9.300000e-02,7.009709e+01,9.127041e+01,5.373690e-01,7.961860e+00,9.035780e+00,5.843800e+00,8.039600e+00,3.129860e+00,3.200060e+00,4.547170e+00,3.890740e+00
9.400000e-02,6.964180e+01,9.052947e+01,5.398910e-01,7.981900e+00,9.007040e+00,5.905600e+00,7.827320e+00,2.934520e+00,3.044080e+00,4.325840e+00,3.680420e+00
9.500000e-02,6.918788e+01,8.979249e+01,5.423990e-01,7.998710e+00,8.974410e+00,5.965700e+00,7.616640e+00,2.749090e+00,2.893740e+00,4.112520e+00,3.478990e+00
9.600000e-02,6.873216e+01,8.905740e+01,5.448950e-01,8.011770e+00,8.937570e+00,6.023610e+00,7.407240e+00,2.573120e+00,2.748810e+00,3.906860e+00,3.286040e+00
9.700000e-02,6.827945e+01,8.833036e+01,5.473760e-01,8.021670e+00,8.897050e+00,6.079780e+00,7.199950e+00,2.406460e+00,2.609410e+00,3.709050e+00,3.101620e+00
9.800000e-02,6.782659e+01,8.760321e+01,5.498450e-01,8.027910e+00,8.852460e+00,6.133750e+00,6.994520e+00,2.248690e+00,2.475320e+00,3.518790e+00,2.925380e+00
9.900000e-02,6.737674e+01,8.688404e+01,5.522970e-01,8.031010e+00,8.804350e+00,6.185840e+00,6.791550e+00,2.099600e+00,2.346600e+00,3.336140e+00,2.757260e+00
1.000000e-01,6.692371e+01,8.616681e+01,5.547360e-01,8.030780e+00,8.752760e+00,6.235920e+00,6.591040e+00,1.958820e+00,2.223080e+00,3.160870e+00,2.596980e+00
1.010000e-01,6.647678e+01,8.545550e+01,5.571590e-01,8.027440e+00,8.697820e+00,6.284010e+00,6.393340e+00,1.826070e+00,2.104730e+00,2.992930e+00,2.444380e+00
1.020000e-01,6.602676e+01,8.474811e+01,5.595650e-01,8.020720e+00,8.639420e+00,6.329910e+00,6.198440e+00,1.701010e+00,1.991400e+00,2.832110e+00,2.299180e+00
1.030000e-01,6.557979e+01,8.404464e+01,5.619550e-01,8.010890e+00,8.577860e+00,6.373740e+00,6.006620e+00,1.583320e+00,1.882990e+00,2.678280e+00,2.161190e+00
1.040000e-01,6.513434e+01,8.334509e+01,5.643300e-01,7.998200e+00,8.513460e+00,6.415680e+00,5.818050e+00,1.472670e+00,1.779390e+00,2.531270e+00,2.030160e+00
1.050000e-01,6.468893e+01,8.265136e+01,5.666870e-01,7.982370e+00,8.445980e+00,6.455420e+00,5.632650e+00,1.368710e+00,1.680420e+00,2.390820e+00,1.905800e+00
1.060000e-01,6.424510e+01,8.196152e+01,5.690260e-01,7.963300e+00,8.375430e+00,6.492880e+00,5.450530e+00,1.271140e+00,1.585950e+00,2.256770e+00,1.787880e+00
1.070000e-01,6.380137e+01,8.127557e+01,5.713490e-01,7.941740e+00,8.302580e+00,6.528530e+00,5.272150e+00,1.179730e+00,1.495950e+00,2.129050e+00,1.676270e+00
1.080000e-01,6.335925e+01,8.059535e+01,5.736510e-01,7.916730e+00,8.226580e+00,6.561520e+00,5.097150e+00,1.094120e+00,1.410190e+00,2.007350e+00,1.570630e+00
1.090000e-01,6.292019e+01,7.991899e+01,5.759370e-01,7.889510e+00,8.148670e+00,6.592930e+00,4.925980e+00,1.014010e+00,1.328560e+00,1.891520e+00,1.470760e+00
1.100000e-01,6.247985e+01,7.924648e+01,5.782020e-01,7.859430e+00,8.068340e+00,6.622050e+00,4.758630e+00,9.391710e-01,1.250960e+00,1.781400e+00,1.376480e+00
1.110000e-01,6.204260e+01,7.857963e+01,5.804500e-01,7.826290e+00,7.985340e+00,6.648740e+00,4.594670e+00,8.691920e-01,1.177110e+00,1.676610e+00,1.287360e+00
1.120000e-01,6.160557e+01,7.791660e+01,5.826780e-01,7.791140e+00,7.900830e+00,6.673790e+00,4.434880e+00,8.039540e-01,1.107070e+00,1.577210e+00,1.203410e+00
1.130000e-01,6.117162e+01,7.725916e+01,5.848870e-01,7.753160e+00,7.814040e+00,6.696470e+00,4.278760e+00,7.431030e-01,1.040580e+00,1.482850e+00,1.124230e+00
1.140000e-01,6.073653e+01,7.660551e+01,5.870770e-01,7.712380e+00,7.725020e+00,6.716720e+00,4.126280e+00,6.863740e-01,9.774920e-01,1.393330e+00,1.049600e+00
1.150000e-01,6.030454e+01,7.595564e+01,5.892450e-01,7.669870e+00,7.634890e+00,6.735390e+00,3.978080e+00,6.336520e-01,9.178400e-01,1.308670e+00,9.794920e-01
1.160000e-01,5.987424e+01,7.531127e+01,5.913920e-01,7.624600e+00,7.542690e+00,6.751590e+00,3.833490e+00,5.845760e-01,8.613070e-01,1.228450e+00,9.134890e-01
1.170000e-01,5.944290e+01,7.467066e+01,5.935200e-01,7.577150e+00,7.449040e+00,6.765770e+00,3.692740e+00,5.389650e-01,8.078240e-01,1.152540e+00,8.514640e-01
1.180000e-01,5.901603e+01,7.403550e+01,5.956260e-01,7.527610e+00,7.354040e+00,6.777890e+00,3.555930e+00,4.966370e-01,7.572880e-01,1.080830e+00,7.932500e-01
1.190000e-01,5.858818e+01,7.340405e+01,5.977120e-01,7.475880e+00,7.257680e+00,6.787890e+00,3.422900e+00,4.573470e-01,7.095220e-01,1.013030e+00,7.386060e-01
1.200000e-01,5.816477e+01,7.277798e+01,5.997790e-01,7.422430e+00,7.160360e+00,6.796170e+00,3.293660e+00,4.209030e-01,6.644050e-01,9.489860e-01,6.873370e-01
1.210000e-01,5.774043e+01,7.215559e+01,6.018190e-01,7.367000e+00,7.061990e+00,6.802240e+00,3.168380e+00,3.871930e-01,6.219220e-01,8.886520e-01,6.393770e-01
1.220000e-01,5.731918e+01,7.153853e+01,6.038430e-01,7.309220e+00,6.962130e+00,6.805990e+00,3.046450e+00,3.559160e-01,5.818030e-01,8.316160e-01,5.943550e-01
1.230000e-01,5.689708e+01,7.092347e+01,6.058430e-01,7.249880e+00,6.861610e+00,6.807900e+00,2.928360e+00,3.270070e-01,5.441200e-01,7.779170e-01,5.522650e-01
1.240000e-01,5.647939e+01,7.031533e+01,6.078220e-01,7.189230e+00,6.760660e+00,6.808220e+00,2.814040e+00,3.002920e-01,5.088300e-01,7.273730e-01,5.129160e-01
1.250000e-01,5.606089e+01,6.970918e+01,6.097770e-01,7.126370e+00,6.658550e+00,6.806020e+00,2.703150e+00,2.756030e-01,4.759270e-01,6.797660e-01,4.761220e-01
1.260000e-01,5.564421e+01,6.910986e+01,6.117120e-01,7.062020e+00,6.555920e+00,6.802050e+00,2.595740e+00,2.527940e-01,4.455810e-01,6.349580e-01,4.417310e-01
1.270000e-01,5.522936e+01,6.851253e+01,6.136240e-01,6.996370e+00,6.453030e+00,6.796310e+00,2.491940e+00,2.317720e-01,4.181730e-01,5.928720e-01,4.096590e-01
1.280000e-01,5.481760e+01,6.792193e+01,6.155140e-01,6.929290e+00,6.349720e+00,6.788690e+00,2.391510e+00,2.123820e-01,3.941540e-01,5.533090e-01,3.797260e-01
1.290000e-01,5.440515e+01,6.733487e+01,6.173830e-01,6.860740e+00,6.246000e+00,6.779100e+00,2.294370e+00,1.945090e-01,3.744560e-01,5.161340e-01,3.518050e-01
1.300000e-01,5.399580e+01,6.674980e+01,6.192300e-01,6.790950e+00,6.142070e+00,6.767750e+00,2.200470e+00,1.780430e-01,3.602750e-01,4.812180e-01,3.257750e-01
1.310000e-01,5.358830e+01,6.617135e+01,6.210530e-01,6.720120e+00,6.038210e+00,6.754740e+00,2.109910e+00,1.629070e-01,3.533510e-01,4.484890e-01,3.015600e-01
1.320000e-01,5.318265e+01,6.559791e+01,6.228540e-01,6.648330e+00,5.934470e+00,6.740140e+00,2.022540e+00,1.489880e-01,3.564910e-01,4.177860e-01,2.790230e-01
1.330000e-01,5.277643e+01,6.502644e+01,6.246350e-01,6.575040e+00,5.830290e+00,6.723410e+00,1.938000e+00,1.361680e-01,3.712740e-01,3.889250e-01,2.580150e-01
1.340000e-01,5.237451e+01,6.446144e+01,6.263900e-01,6.501360e+00,5.726880e+00,6.705510e+00,1.856770e+00,1.244260e-01,4.028580e-01,3.619350e-01,2.385380e-01
1.350000e-01,5.197207e+01,6.389840e+01,6.281260e-01,6.426100e+00,5.622970e+00,6.685360e+00,1.778140e+00,1.136120e-01,4.540170e-01,3.365350e-01,2.203820e-01
1.360000e-01,5.157272e+01,6.334174e+01,6.298380e-01,6.350540e+00,5.519860e+00,6.664120e+00,1.702590e+00,1.037080e-01,5.300620e-01,3.127520e-01,2.035520e-01
1.370000e-01,5.117525e+01,6.278848e+01,6.315280e-01,6.274170e+00,5.417040e+00,6.641230e+00,1.629780e+00,9.462250e-02,6.328650e-01,2.904290e-01,1.879240e-01
1.380000e-01,5.077968e+01,6.223863e+01,6.331980e-01,6.196730e+00,5.314290e+00,6.616470e+00,1.559550e+00,8.628400e-02,7.695510e-01,2.694370e-01,1.734030e-01
1.390000e-01,5.038601e+01,6.169358e+01,6.348440e-01,6.119120e+00,5.212460e+00,6.590610e+00,1.492140e+00,7.866160e-02,9.409330e-01,2.497680e-01,1.599680e-01
1.400000e-01,4.999309e+01,6.115191e+01,6.364690e-01,6.040640e+00,5.110870e+00,6.563020e+00,1.427150e+00,7.167020e-02,1.154390e+00,2.312440e-01,1.474910e-01
1.410000e-01,4.960209e+01,6.061498e+01,6.380720e-01,5.961700e+00,5.009920e+00,6.534030e+00,1.364670e+00,6.527530e-02,1.405800e+00,2.138440e-01,1.359370e-01
1.420000e-01,4.921188e+01,6.008001e+01,6.396530e-01,5.882460e+00,4.909720e+00,6.503790e+00,1.304630e+00,5.942720e-02,1.701380e+00,1.974780e-01,1.252420e-01
1.430000e-01,4.882587e+01,5.955250e+01,6.412130e-01,5.802850e+00,4.810280e+00,6.472200e+00,1.246970e+00,5.408370e-02,2.035760e+00,1.820950e-01,1.153470e-01
1.440000e-01,4.843954e+01,5.902690e+01,6.427520e-01,5.723350e+00,4.711930e+00,6.439810e+00,1.191630e+00,4.920120e-02,2.408980e+00,1.676290e-01,1.061950e-01
1.450000e-01,4.805516e+01,5.850460e+01,6.442690e-01,5.642650e+00,4.613610e+00,6.405070e+00,1.138300e+00,4.473610e-02,2.811810e+00,1.540110e-01,9.771860e-02
1.460000e-01,4.767383e+01,5.798825e+01,6.457650e-01,5.562240e+00,4.516550e+00,6.369630e+00,1.087210e+00,4.066380e-02,3.244510e+00,1.412280e-01,8.989310e-02
1.470000e-01,4.729334e+01,5.747381e+01,6.472400e-01,5.480440e+00,4.419370e+00,6.331570e+00,1.037940e+00,3.693880e-02,3.698800e+00,1.291940e-01,8.264280e-02
1.480000e-01,4.691373e+01,5.696394e+01,6.486950e-01,5.400230e+00,4.324510e+00,6.294250e+00,9.909960e-01,3.355470e-02,4.164660e+00,1.179640e-01,7.597650e-02
1.490000e-01,4.653717e+01,5.645729e+01,6.501290e-01,5.319530e+00,4.230250e+00,6.255380e+00,9.458680e-01,3.046430e-02,4.637490e+00,1.074340e-01,6.981200e-02
1.500000e-01,4.616151e+01,5.595514e+01,6.515420e-01,5.240290e+00,4.138150e+00,6.217060e+00,9.028790e-01,2.765840e-02,5.107470e+00,9.763580e-02,6.414710e-02
1.510000e-01,4.578782e+01,5.545619e+01,6.529360e-01,5.159820e+00,4.046060e+00,6.176220e+00,8.614300e-01,2.509430e-02,5.564520e+00,8.847730e-02,5.890380e-02
1.520000e-01,4.541612e+01,5.495915e+01,6.543080e-01,5.077360e+00,3.953430e+00,6.131850e+00,8.213960e-01,2.275160e-02,5.998840e+00,7.993810e-02,5.405030e-02
1.530000e-01,4.504639e+01,5.446907e+01,6.556600e-01,4.997570e+00,3.863870e+00,6.089470e+00,7.834610e-01,2.063170e-02,6.408070e+00,7.207020e-02,4.960610e-02
1.540000e-01,4.467865e+01,5.398213e+01,6.569930e-01,4.917780e+00,3.775280e+00,6.045980e+00,7.470890e-01,1.870140e-02,6.783020e+00,6.479800e-02,4.550880e-02
1.550000e-01,4.431186e+01,5.349707e+01,6.583040e-01,4.836910e+00,3.686820e+00,5.999900e+00,7.120870e-01,1.694230e-02,7.116520e+00,5.809130e-02,4.172660e-02
1.560000e-01,4.394708e+01,5.301637e+01,6.595970e-01,4.758460e+00,3.601200e+00,5.955680e+00,6.788900e-01,1.535030e-02,7.409100e+00,5.196450e-02,3.826280e-02
1.570000e-01,4.358329e+01,5.253878e+01,6.608690e-01,4.678400e+00,3.515310e+00,5.908230e+00,6.468570e-01,1.389760e-02,7.652730e+00,4.634360e-02,3.506070e-02
1.580000e-01,4.322251e+01,5.206430e+01,6.621220e-01,4.599490e+00,3.431220e+00,5.860970e+00,6.163290e-01,1.258080e-02,7.849110e+00,4.123490e-02,3.212230e-02
1.590000e-01,4.286373e+01,5.159528e+01,6.633540e-01,4.521210e+00,3.348540e+00,5.813210e+00,5.871650e-01,1.138620e-02,7.996590e+00,3.660490e-02,2.942320e-02
1.600000e-01,4.250696e+01,5.112814e+01,6.645680e-01,4.443780e+00,3.267430e+00,5.765310e+00,5.593460e-01,1.030310e-02,8.095990e+00,3.242520e-02,2.694590e-02
1.610000e-01,4.215023e+01,5.066523e+01,6.657610e-01,4.364270e+00,3.185710e+00,5.713430e+00,5.324440e-01,9.314940e-03,8.143160e+00,2.864590e-02,2.465550e-02
1.620000e-01,4.179651e+01,5.020535e+01,6.669360e-01,4.288450e+00,3.107610e+00,5.665130e+00,5.071190e-01,8.425360e-03,8.150820e+00,2.527730e-02,2.257000e-02
1.630000e-01,4.144480e+01,4.974850e+01,6.680910e-01,4.211540e+00,3.029590e+00,5.613990e+00,4.827400e-01,7.615820e-03,8.112540e+00,2.225840e-02,2.064720e-02
1.640000e-01,4.109510e+01,4.929581e+01,6.692270e-01,4.135620e+00,2.953210e+00,5.562920e+00,4.595010e-01,6.882810e-03,8.035620e+00,1.957280e-02,1.888480e-02
1.650000e-01,4.074835e+01,4.884724e+01,6.703430e-01,4.060300e+00,2.878120e+00,5.511290e+00,4.373230e-01,6.219070e-03,7.922640e+00,1.719130e-02,1.726900e-02
1.660000e-01,4.039987e+01,4.840052e+01,6.714410e-01,3.983690e+00,2.803000e+00,5.456670e+00,4.159380e-01,5.614690e-03,7.773980e+00,1.507480e-02,1.577840e-02
1.670000e-01,4.005622e+01,4.795678e+01,6.725190e-01,3.910850e+00,2.731400e+00,5.405740e+00,3.958620e-01,5.072190e-03,7.602820e+00,1.322240e-02,1.442510e-02
1.680000e-01,3.971458e+01,4.751711e+01,6.735800e-01,3.837120e+00,2.660010e+00,5.352300e+00,3.765440e-01,4.578980e-03,7.403980e+00,1.158810e-02,1.317870e-02
1.690000e-01,3.937314e+01,4.708147e+01,6.746200e-01,3.763810e+00,2.589790e+00,5.298050e+00,3.581050e-01,4.132850e-03,7.184250e+00,1.015530e-02,1.203720e-02
1.700000e-01,3.903462e+01,4.664767e+01,6.756440e-01,3.691530e+00,2.521060e+00,5.243940e+00,3.405260e-01,3.728990e-03,6.948220e+00,8.899520e-03,1.099120e-02
1.710000e-01,3.869813e+01,4.621788e+01,6.766500e-01,3.620280e+00,2.453870e+00,5.189940e+00,3.238000e-01,3.364330e-03,6.699550e+00,7.803880e-03,1.003500e-02
1.720000e-01,3.836277e+01,4.579099e+01,6.776370e-01,3.550240e+00,2.388280e+00,5.136220e+00,3.078920e-01,3.035050e-03,6.441550e+00,6.849200e-03,9.160990e-03
1.730000e-01,3.803032e+01,4.536699e+01,6.786060e-01,3.479280e+00,2.322910e+00,5.079890e+00,2.925890e-01,2.736090e-03,6.173520e+00,6.014440e-03,8.357190e-03
1.740000e-01,3.769988e+01,4.494796e+01,6.795580e-01,3.410200e+00,2.259550e+00,5.024840e+00,2.780970e-01,2.466890e-03,5.903050e+00,5.290240e-03,7.624680e-03
1.750000e-01,3.737059e+01,4.453075e+01,6.804930e-01,3.341370e+00,2.197130e+00,4.968820e+00,2.642370e-01,2.223150e-03,5.629770e+00,4.658630e-03,6.953130e-03
1.760000e-01,3.704248e+01,4.411639e+01,6.814100e-01,3.273630e+00,2.136190e+00,4.913010e+00,2.510620e-01,2.003350e-03,5.357580e+00,4.109640e-03,6.340180e-03
1.770000e-01,3.671808e+01,4.370589e+01,6.823100e-01,3.207200e+00,2.076830e+00,4.857770e+00,2.385440e-01,1.805100e-03,5.088490e+00,3.631980e-03,5.780580e-03
1.780000e-01,3.639402e+01,4.329722e+01,6.831930e-01,3.142040e+00,2.019020e+00,4.803140e+00,2.266530e-01,1.626350e-03,4.823900e+00,3.216450e-03,5.269890e-03
1.790000e-01,3.607364e+01,4.289335e+01,6.840610e-01,3.076350e+00,1.961600e+00,4.746280e+00,2.152370e-01,1.464390e-03,4.562610e+00,2.852930e-03,4.801270e-03
1.800000e-01,3.575362e+01,4.249130e+01,6.849120e-01,3.012030e+00,1.905760e+00,4.690150e+00,2.044040e-01,1.318520e-03,4.308510e+00,2.536230e-03,4.374070e-03
1.810000e-01,3.543562e+01,4.209301e+01,6.857470e-01,2.948580e+00,1.851170e+00,4.634010e+00,1.940880e-01,1.186890e-03,4.061820e+00,2.259160e-03,3.983850e-03
1.820000e-01,3.511964e+01,4.169750e+01,6.865670e-01,2.886430e+00,1.798060e+00,4.578530e+00,1.843030e-01,1.068400e-03,3.824050e+00,2.016840e-03,3.628360e-03
1.830000e-01,3.480567e+01,4.130475e+01,6.873690e-01,2.824320e+00,1.745660e+00,4.521720e+00,1.749380e-01,9.612740e-04,3.594070e+00,1.803460e-03,3.302970e-03
1.840000e-01,3.449372e+01,4.091476e+01,6.881580e-01,2.764100e+00,1.695090e+00,4.466540e+00,1.660930e-01,8.650740e-04,3.374570e+00,1.616490e-03,3.007290e-03
1.850000e-01,3.418377e+01,4.052938e+01,6.889310e-01,2.703640e+00,1.645000e+00,4.409620e+00,1.576100e-01,7.780090e-04,3.163100e+00,1.450940e-03,2.736310e-03
1.860000e-01,3.387505e+01,4.014579e+01,6.896890e-01,2.644860e+00,1.596570e+00,4.354070e+00,1.495860e-01,6.997770e-04,2.962180e+00,1.305020e-03,2.489950e-03
1.870000e-01,3.356912e+01,3.976491e+01,6.904320e-01,2.586880e+00,1.549240e+00,4.298460e+00,1.419500e-01,6.292760e-04,2.770830e+00,1.175680e-03,2.265240e-03
1.880000e-01,3.326366e+01,3.938674e+01,6.911620e-01,2.529040e+00,1.502590e+00,4.241720e+00,1.346500e-01,5.656280e-04,2.588380e+00,1.060500e-03,2.059830e-03
1.890000e-01,3.296173e+01,3.901126e+01,6.918770e-01,2.472490e+00,1.457330e+00,4.185790e+00,1.277320e-01,5.084030e-04,2.415910e+00,9.581000e-04,1.872960e-03
1.900000e-01,3.266104e+01,3.863937e+01,6.925780e-01,2.416920e+00,1.413220e+00,4.130160e+00,1.211590e-01,4.569070e-04,2.252930e+00,8.667430e-04,1.702780e-03
1.910000e-01,3.236235e+01,3.827014e+01,6.932650e-01,2.362430e+00,1.370310e+00,4.075020e+00,1.149200e-01,4.105810e-04,2.099240e+00,7.850590e-04,1.547860e-03
1.920000e-01,3.206491e+01,3.790356e+01,6.939390e-01,2.308890e+00,1.328520e+00,4.020160e+00,1.089970e-01,3.689280e-04,1.954560e+00,7.118890e-04,1.406890e-03
1.930000e-01,3.176947e+01,3.754050e+01,6.945990e-01,2.256060e+00,1.287680e+00,3.965250e+00,1.033590e-01,3.313980e-04,1.818290e+00,6.460320e-04,1.278360e-03
1.940000e-01,3.147603e+01,3.717920e+01,6.952470e-01,2.204400e+00,1.248040e+00,3.911020e+00,9.801480e-02,2.976850e-04,1.690510e+00,5.868620e-04,1.161520e-03
1.950000e-01,3.118531e+01,3.682137e+01,6.958820e-01,2.153450e+00,1.209330e+00,3.856740e+00,9.293200e-02,2.673480e-04,1.570540e+00,5.334800e-04,1.055130e-03
1.960000e-01,3.089513e+01,3.646616e+01,6.965040e-01,2.103020e+00,1.171420e+00,3.802100e+00,8.808690e-02,2.400110e-04,1.457880e+00,4.851470e-04,9.581050e-04
1.970000e-01,3.060836e+01,3.611437e+01,6.971130e-01,2.053810e+00,1.134680e+00,3.748370e+00,8.349990e-02,2.154750e-04,1.352630e+00,4.415440e-04,8.699910e-04
1.980000e-01,3.032215e+01,3.576432e+01,6.977100e-01,2.005890e+00,1.099160e+00,3.695690e+00,7.916280e-02,1.934710e-04,1.254550e+00,4.021630e-04,7.900440e-04
1.990000e-01,3.003862e+01,3.541767e+01,6.982960e-01,1.957950e+00,1.064100e+00,3.641650e+00,7.500990e-02,1.736060e-04,1.162430e+00,3.662630e-04,7.169840e-04
2.000000e-01,2.975637e+01,3.507276e+01,6.988700e-01,1.911640e+00,1.030390e+00,3.589400e+00,7.109540e-02,1.558180e-04,1.076940e+00,3.338150e-04,6.508230e-04
2.010000e-01,2.947678e+01,3.473202e+01,6.994320e-01,1.866010e+00,9.975080e-01,3.537180e+00,6.737280e-02,1.398190e-04,9.971540e-01,3.042980e-04,5.906100e-04
2.020000e-01,2.919779e+01,3.439300e+01,6.999820e-01,1.820360e+00,9.650670e-01,3.483600e+00,6.381130e-02,1.253970e-04,9.224670e-01,2.773460e-04,5.356650e-04
2.030000e-01,2.892145e+01,3.405650e+01,7.005210e-01,1.776060e+00,9.337730e-01,3.431340e+00,6.044780e-02,1.124750e-04,8.532260e-01,2.528900e-04,4.858720e-04
2.040000e-01,2.864706e+01,3.372329e+01,7.010490e-01,1.733050e+00,9.035870e-01,3.380370e+00,5.727120e-02,1.008950e-04,7.890570e-01,2.306830e-04,4.407460e-04
2.050000e-01,2.837462e+01,3.339258e+01,7.015670e-01,1.690790e+00,8.742000e-01,3.329610e+00,5.425450e-02,9.049220e-05,7.293890e-01,2.104430e-04,3.997300e-04
2.060000e-01,2.810412e+01,3.306435e+01,7.020740e-01,1.649210e+00,8.455740e-01,3.278990e+00,5.138870e-02,8.114540e-05,6.739370e-01,1.919820e-04,3.624480e-04
2.070000e-01,2.783492e+01,3.273859e+01,7.025700e-01,1.608480e+00,8.177710e-01,3.228830e+00,4.867050e-02,7.275560e-05,6.224890e-01,1.751520e-04,3.285960e-04
2.080000e-01,2.756830e+01,3.241530e+01,7.030560e-01,1.568700e+00,7.908360e-01,3.179390e+00,4.609650e-02,6.523150e-05,5.748290e-01,1.598190e-04,2.978880e-04
2.090000e-01,2.730361e+01,3.209519e+01,7.035320e-01,1.529680e+00,7.646650e-01,3.130280e+00,4.365570e-02,5.848250e-05,5.306560e-01,1.458370e-04,2.700210e-04
2.100000e-01,2.704083e+01,3.177752e+01,7.039970e-01,1.491420e+00,7.392340e-01,3.081570e+00,4.134030e-02,5.242440e-05,4.897090e-01,1.330740e-04,2.447160e-04
2.110000e-01,2.677873e+01,3.146227e+01,7.044540e-01,1.453900e+00,7.145240e-01,3.033300e+00,3.914280e-02,4.698370e-05,4.517640e-01,1.214160e-04,2.217320e-04
2.120000e-01,2.651856e+01,3.114942e+01,7.049000e-01,1.416770e+00,6.903570e-01,2.984580e+00,3.705040e-02,4.209600e-05,4.165630e-01,1.107550e-04,2.008430e-04
2.130000e-01,2.626153e+01,3.083898e+01,7.053380e-01,1.380730e+00,6.670560e-01,2.937050e+00,3.507470e-02,3.771960e-05,3.840750e-01,1.010450e-04,1.819290e-04
2.140000e-01,2.600579e+01,3.053163e+01,7.057670e-01,1.345740e+00,6.445950e-01,2.890660e+00,3.320950e-02,3.380170e-05,3.541070e-01,9.220080e-05,1.648070e-04
2.150000e-01,2.575194e+01,3.022665e+01,7.061850e-01,1.311280e+00,6.227030e-01,2.844230e+00,3.143680e-02,3.028440e-05,3.263670e-01,8.411670e-05,1.492620e-04
2.160000e-01,2.549999e+01,2.992402e+01,7.065940e-01,1.277440e+00,6.014240e-01,2.798060e+00,2.975440e-02,2.712930e-05,3.007130e-01,7.673200e-05,1.351590e-04
2.170000e-01,2.524992e+01,2.962375e+01,7.069950e-01,1.244440e+00,5.808390e-01,2.752620e+00,2.816220e-02,2.430130e-05,2.770280e-01,6.999380e-05,1.223770e-04
2.180000e-01,2.500230e+01,2.932648e+01,7.073880e-01,1.212240e+00,5.609190e-01,2.707880e+00,2.665540e-02,2.176750e-05,2.551680e-01,6.384600e-05,1.107950e-04
2.190000e-01,2.475540e+01,2.903087e+01,7.077730e-01,1.180700e+00,5.415910e-01,2.663580e+00,2.522720e-02,1.949600e-05,2.349740e-01,5.823150e-05,1.002930e-04
2.200000e-01,2.451094e+01,2.873757e+01,7.081500e-01,1.149840e+00,5.228570e-01,2.619790e+00,2.387410e-02,1.746010e-05,2.163340e-01,5.310600e-05,9.077400e-05
2.210000e-01,2.426834e+01,2.844789e+01,7.085180e-01,1.119770e+00,5.047520e-01,2.576750e+00,2.259480e-02,1.563750e-05,1.991600e-01,4.843330e-05,8.215860e-05
2.220000e-01,2.402813e+01,2.816048e+01,7.088780e-01,1.090310e+00,4.871850e-01,2.534070e+00,2.138180e-02,1.400340e-05,1.833110e-01,4.416650e-05,7.434980e-05
2.230000e-01,2.378921e+01,2.787533e+01,7.092300e-01,1.061400e+00,4.701150e-01,2.491620e+00,2.023050e-02,1.253750e-05,1.686760e-01,4.026720e-05,6.726760e-05
2.240000e-01,2.355158e+01,2.759180e+01,7.095750e-01,1.033140e+00,4.535850e-01,2.449720e+00,1.914010e-02,1.122420e-05,1.551820e-01,3.670840e-05,6.085250e-05
2.250000e-01,2.331632e+01,2.731115e+01,7.099120e-01,1.005610e+00,4.376140e-01,2.408540e+00,1.810920e-02,1.004840e-05,1.427540e-01,3.346340e-05,5.504610e-05
2.260000e-01,2.308235e+01,2.703274e+01,7.102420e-01,9.787300e-01,4.221620e-01,2.367950e+00,1.713370e-02,8.995940e-06,1.313060e-01,3.050380e-05,4.979080e-05
2.270000e-01,2.285073e+01,2.675716e+01,7.105640e-01,9.524200e-01,4.071850e-01,2.327790e+00,1.620940e-02,8.052880e-06,1.207520e-01,2.780220e-05,4.503000e-05
2.280000e-01,2.262091e+01,2.648317e+01,7.108800e-01,9.266920e-01,3.926790e-01,2.288110e+00,1.533400e-02,7.208080e-06,1.110270e-01,2.533660e-05,4.071860e-05
2.290000e-01,2.239340e+01,2.621259e+01,7.111880e-01,9.016000e-01,3.786540e-01,2.249060e+00,1.450580e-02,6.451710e-06,1.020730e-01,2.308810e-05,3.681690e-05
2.300000e-01,2.216716e+01,2.594359e+01,7.114900e-01,8.771350e-01,3.651010e-01,2.210660e+00,1.372260e-02,5.774730e-06,9.383360e-02,2.103810e-05,3.328710e-05
2.310000e-01,2.194270e+01,2.567734e+01,7.117850e-01,8.532630e-01,3.519970e-01,2.172840e+00,1.298160e-02,5.168650e-06,8.624910e-02,1.916880e-05,3.009320e-05
2.320000e-01,2.172051e+01,2.541265e+01,7.120740e-01,8.299580e-01,3.393220e-01,2.135570e+00,1.228040e-02,4.626060e-06,7.926840e-02,1.746420e-05,2.720330e-05
2.330000e-01,2.149958e+01,2.515070e+01,7.123550e-01,8.072070e-01,3.270650e-01,2.098810e+00,1.161670e-02,4.140270e-06,7.284410e-02,1.590980e-05,2.458870e-05
2.340000e-01,2.128041e+01,2.489087e+01,7.126290e-01,7.849980e-01,3.152100e-01,2.062560e+00,1.098850e-02,3.705210e-06,6.693220e-02,1.449240e-05,2.222280e-05
2.350000e-01,2.106299e+01,2.463372e+01,7.128970e-01,7.633190e-01,3.037470e-01,2.026840e+00,1.039410e-02,3.315920e-06,6.149350e-02,1.320020e-05,2.008320e-05
2.360000e-01,2.084779e+01,2.437811e+01,7.131590e-01,7.421570e-01,2.926620e-01,1.991660e+00,9.831650e-03,2.967530e-06,5.648960e-02,1.202210e-05,1.814790e-05
2.370000e-01,2.063384e+01,2.412570e+01,7.134160e-01,7.215050e-01,2.819470e-01,1.957040e+00,9.299570e-03,2.655570e-06,5.188490e-02,1.094770e-05,1.639640e-05
2.380000e-01,2.042208e+01,2.387481e+01,7.136680e-01,7.013590e-01,2.715920e-01,1.922970e+00,8.796260e-03,2.376390e-06,4.764990e-02,9.968380e-06,1.481250e-05
2.390000e-01,2.021203e+01,2.362653e+01,7.139130e-01,6.817210e-01,2.615920e-01,1.889460e+00,8.320200e-03,2.126510e-06,4.375670e-02,9.075990e-06,1.338060e-05
2.400000e-01,2.000368e+01,2.338030e+01,7.141530e-01,6.625990e-01,2.519410e-01,1.856530e+00,7.870130e-03,1.902980e-06,4.017950e-02,8.263240e-06,1.208670e-05
2.410000e-01,1.979703e+01,2.313609e+01,7.143870e-01,6.440050e-01,2.426390e-01,1.824280e+00,7.444920e-03,1.703060e-06,3.689400e-02,7.523250e-06,1.091800e-05
2.420000e-01,1.959251e+01,2.289444e+01,7.146150e-01,6.259210e-01,2.336710e-01,1.792650e+00,7.043130e-03,1.524210e-06,3.387610e-02,6.849400e-06,9.861930e-06
2.430000e-01,1.938920e+01,2.265479e+01,7.148390e-01,6.082800e-01,2.250060e-01,1.761470e+00,6.662860e-03,1.364140e-06,3.110200e-02,6.235420e-06,8.907360e-06
2.440000e-01,1.918801e+01,2.241765e+01,7.150570e-01,5.910260e-01,2.166180e-01,1.730590e+00,6.302350e-03,1.220700e-06,2.854950e-02,5.675430e-06,8.043630e-06
2.450000e-01,1.898847e+01,2.218196e+01,7.152690e-01,5.741710e-01,2.085070e-01,1.700040e+00,5.960720e-03,1.092230e-06,2.620240e-02,5.164980e-06,7.262590e-06
2.460000e-01,1.879014e+01,2.194876e+01,7.154770e-01,5.577440e-01,2.006780e-01,1.669890e+00,5.637280e-03,9.772120e-07,2.404580e-02,4.700010e-06,6.556780e-06
2.470000e-01,1.859388e+01,2.171751e+01,7.156790e-01,5.417540e-01,1.931270e-01,1.640170e+00,5.331180e-03,8.742730e-07,2.206550e-02,4.276710e-06,5.919270e-06
2.480000e-01,1.839967e+01,2.148869e+01,7.158770e-01,5.261920e-01,1.858470e-01,1.610830e+00,5.041360e-03,7.821330e-07,2.024730e-02,3.891380e-06,5.343550e-06
2.490000e-01,1.820665e+01,2.126180e+01,7.160690e-01,5.110530e-01,1.788280e-01,1.581850e+00,4.766870e-03,6.996140e-07,1.857790e-02,3.540590e-06,4.823530e-06
2.500000e-01,1.801565e+01,2.103730e+01,7.162560e-01,4.963340e-01,1.720660e-01,1.553190e+00,4.506860e-03,6.257560e-07,1.704580e-02,3.221430e-06,4.354150e-06
2.510000e-01,1.782625e+01,2.081469e+01,7.164380e-01,4.820350e-01,1.655550e-01,1.524830e+00,4.260520e-03,5.596340e-07,1.564010e-02,2.931050e-06,3.930470e-06
2.520000e-01,1.763884e+01,2.059397e+01,7.166160e-01,4.681420e-01,1.592880e-01,1.496720e+00,4.026970e-03,5.003880e-07,1.435000e-02,2.666790e-06,3.547890e-06
2.530000e-01,1.745259e+01,2.037511e+01,7.167900e-01,4.546220e-01,1.532450e-01,1.468690e+00,3.805230e-03,4.473150e-07,1.316580e-02,2.426300e-06,3.202500e-06
2.540000e-01,1.726832e+01,2.015858e+01,7.169600e-01,4.414350e-01,1.474110e-01,1.440570e+00,3.594260e-03,3.997290e-07,1.207810e-02,2.207290e-06,2.890500e-06
2.550000e-01,1.708559e+01,1.994390e+01,7.171260e-01,4.285560e-01,1.417710e-01,1.412220e+00,3.393180e-03,3.569950e-07,1.107800e-02,2.007640e-06,2.608340e-06
2.560000e-01,1.690441e+01,1.973150e+01,7.172880e-01,4.159960e-01,1.363250e-01,1.383650e+00,3.201550e-03,3.186480e-07,1.015930e-02,1.825790e-06,2.353380e-06
2.570000e-01,1.672476e+01,1.952091e+01,7.174470e-01,4.037770e-01,1.310780e-01,1.354870e+00,3.019050e-03,2.842590e-07,9.316120e-03,1.660300e-06,2.123190e-06
2.580000e-01,1.654703e+01,1.931212e+01,7.176020e-01,3.919030e-01,1.260260e-01,1.325870e+00,2.845300e-03,2.534340e-07,8.542660e-03,1.509780e-06,1.915470e-06
2.590000e-01,1.637118e+01,1.910557e+01,7.177530e-01,3.803590e-01,1.211620e-01,1.296630e+00,2.679810e-03,2.258130e-07,7.833240e-03,1.372890e-06,1.728060e-06
2.600000e-01,1.619683e+01,1.890123e+01,7.179000e-01,3.691300e-01,1.164750e-01,1.267070e+00,2.522140e-03,2.010500e-07,7.182280e-03,1.248330e-06,1.558870e-06
2.610000e-01,1.602397e+01,1.869864e+01,7.180430e-01,3.582140e-01,1.119630e-01,1.237170e+00,2.371840e-03,1.788600e-07,6.585200e-03,1.135030e-06,1.406190e-06
2.620000e-01,1.585258e+01,1.849780e+01,7.181840e-01,3.476150e-01,1.076210e-01,1.206840e+00,2.228490e-03,1.589890e-07,6.037820e-03,1.032040e-06,1.268530e-06
2.630000e-01,1.568303e+01,1.829911e+01,7.183220e-01,3.373370e-01,1.034480e-01,1.176050e+00,2.091690e-03,1.411840e-07,5.536010e-03,9.384090e-07,1.144360e-06
2.640000e-01,1.551458e+01,1.810214e+01,7.184590e-01,3.273600e-01,9.943430e-02,1.144730e+00,1.961070e-03,1.252240e-07,5.075770e-03,8.532480e-07,1.032300e-06
2.650000e-01,1.534794e+01,1.790688e+01,7.185940e-01,3.176410e-01,9.556380e-02,1.112830e+00,1.836310e-03,1.109310e-07,4.653330e-03,7.757420e-07,9.311280e-07
2.660000e-01,1.518308e+01,1.771373e+01,7.187260e-01,3.081510e-01,9.182540e-02,1.080340e+00,1.717200e-03,9.813840e-08,4.265310e-03,7.051570e-07,8.397260e-07
2.670000e-01,1.502000e+01,1.752226e+01,7.188570e-01,2.989110e-01,8.822170e-02,1.047360e+00,1.603660e-03,8.670750e-08,3.909280e-03,6.409380e-07,7.572340e-07
2.680000e-01,1.485833e+01,1.733285e+01,7.189850e-01,2.899400e-01,8.475610e-02,1.014000e+00,1.495640e-03,7.650540e-08,3.582900e-03,5.825570e-07,6.828330e-07
2.690000e-01,1.469840e+01,1.714510e+01,7.191120e-01,2.812320e-01,8.142350e-02,9.803060e-01,1.392940e-03,6.741160e-08,3.283770e-03,5.294960e-07,6.157490e-07
2.700000e-01,1.453985e+01,1.695938e+01,7.192380e-01,2.727710e-01,7.821620e-02,9.462870e-01,1.295360e-03,5.931140e-08,3.009450e-03,4.812440e-07,5.552280e-07
2.710000e-01,1.438302e+01,1.677529e+01,7.193630e-01,2.645460e-01,7.512910e-02,9.120460e-01,1.202800e-03,5.210550e-08,2.757870e-03,4.373600e-07,5.006190e-07
2.720000e-01,1.422755e+01,1.659319e+01,7.194850e-01,2.565530e-01,7.215810e-02,8.777300e-01,1.115210e-03,4.570470e-08,2.527140e-03,3.974470e-07,4.513410e-07
2.730000e-01,1.407376e+01,1.641270e+01,7.196050e-01,2.487870e-01,6.929980e-02,8.434590e-01,1.032530e-03,4.002930e-08,2.315590e-03,3.611530e-07,4.068810e-07
2.740000e-01,1.392131e+01,1.623379e+01,7.197230e-01,2.412460e-01,6.655080e-02,8.093150e-01,9.545800e-04,3.501130e-08,2.121780e-03,3.281830e-07,3.668190e-07
2.750000e-01,1.377019e+01,1.605684e+01,7.198400e-01,2.339240e-01,6.390770e-02,7.753780e-01,8.812170e-04,3.058340e-08,1.944270e-03,2.982440e-07,3.307350e-07
2.760000e-01,1.362103e+01,1.588181e+01,7.199560e-01,2.268180e-01,6.136710e-02,7.417270e-01,8.122790e-04,2.667820e-08,1.781630e-03,2.710420e-07,2.982120e-07
2.770000e-01,1.347318e+01,1.570833e+01,7.200710e-01,2.199240e-01,5.892550e-02,7.084450e-01,7.476080e-04,2.323140e-08,1.632470e-03,2.462970e-07,2.688510e-07
2.780000e-01,1.332693e+01,1.553674e+01,7.201860e-01,2.132350e-01,5.657910e-02,6.756170e-01,6.870530e-04,2.019650e-08,1.495740e-03,2.237970e-07,2.423610e-07
2.790000e-01,1.318196e+01,1.536668e+01,7.203010e-01,2.067430e-01,5.432380e-02,6.433350e-01,6.304660e-04,1.753400e-08,1.370480e-03,2.033590e-07,2.184900e-07
2.800000e-01,1.303857e+01,1.519847e+01,7.204150e-01,2.004390e-01,5.215540e-02,6.116860e-01,5.776990e-04,1.520450e-08,1.255760e-03,1.847990e-07,1.969900e-07
2.810000e-01,1.289674e+01,1.503177e+01,7.205310e-01,1.943160e-01,5.006990e-02,5.807620e-01,5.286030e-04,1.316850e-08,1.150620e-03,1.679340e-07,1.776120e-07
2.820000e-01,1.275587e+01,1.486689e+01,7.206460e-01,1.883650e-01,4.806330e-02,5.506490e-01,4.830290e-04,1.138790e-08,1.054150e-03,1.525870e-07,1.601130e-07
2.830000e-01,1.261682e+01,1.470314e+01,7.207620e-01,1.825840e-01,4.613310e-02,5.214090e-01,4.408140e-04,9.833990e-09,9.656700e-04,1.386260e-07,1.443180e-07
2.840000e-01,1.247872e+01,1.454153e+01,7.208770e-01,1.769700e-01,4.427740e-02,4.930940e-01,4.017900e-04,8.481960e-09,8.845760e-04,1.259360e-07,1.300760e-07
2.850000e-01,1.234241e+01,1.438136e+01,7.209910e-01,1.715220e-01,4.249430e-02,4.657560e-01,3.657890e-04,7.307170e-09,8.102750e-04,1.144060e-07,1.172370e-07
2.860000e-01,1.220759e+01,1.422296e+01,7.211030e-01,1.662390e-01,4.078160e-02,4.394430e-01,3.326440e-04,6.286110e-09,7.421890e-04,1.039260e-07,1.056560e-07
2.870000e-01,1.207425e+01,1.406598e+01,7.212130e-01,1.611150e-01,3.913680e-02,4.141700e-01,3.021860e-04,5.401550e-09,6.798380e-04,9.440710e-08,9.522140e-08
2.880000e-01,1.194208e+01,1.391105e+01,7.213210e-01,1.561440e-01,3.755710e-02,3.899440e-01,2.742500e-04,4.638400e-09,6.227720e-04,8.576950e-08,8.582900e-08
2.890000e-01,1.181136e+01,1.375752e+01,7.214290e-01,1.513220e-01,3.603950e-02,3.667700e-01,2.486680e-04,3.981540e-09,5.705400e-04,7.793160e-08,7.737610e-08
2.900000e-01,1.168181e+01,1.360536e+01,7.215370e-01,1.466420e-01,3.458130e-02,3.446550e-01,2.252730e-04,3.415890e-09,5.226940e-04,7.081210e-08,6.975990e-08
2.910000e-01,1.155367e+01,1.345489e+01,7.216450e-01,1.420980e-01,3.317980e-02,3.236020e-01,2.039020e-04,2.927010e-09,4.788000e-04,6.433320e-08,6.288170e-08
2.920000e-01,1.142668e+01,1.330577e+01,7.217530e-01,1.376880e-01,3.183280e-02,3.035970e-01,1.844110e-04,2.505180e-09,4.385410e-04,5.843880e-08,5.667180e-08
2.930000e-01,1.130082e+01,1.315800e+01,7.218600e-01,1.334070e-01,3.053850e-02,2.846190e-01,1.666660e-04,2.142670e-09,4.016500e-04,5.308210e-08,5.107290e-08
2.940000e-01,1.117661e+01,1.301218e+01,7.219670e-01,1.292520e-01,2.929510e-02,2.666450e-01,1.505340e-04,1.831790e-09,3.678590e-04,4.821660e-08,4.602780e-08
2.950000e-01,1.105350e+01,1.286797e+01,7.220740e-01,1.252210e-01,2.810090e-02,2.496530e-01,1.358830e-04,1.565090e-09,3.369060e-04,4.379680e-08,4.148100e-08
2.960000e-01,1.093201e+01,1.272506e+01,7.221790e-01,1.213130e-01,2.695440e-02,2.336070e-01,1.225880e-04,1.336520e-09,3.085610e-04,3.978260e-08,3.738400e-08
2.970000e-01,1.081160e+01,1.258375e+01,7.222810e-01,1.175260e-01,2.585430e-02,2.184700e-01,1.105320e-04,1.140530e-09,2.826010e-04,3.613630e-08,3.369130e-08
2.980000e-01,1.069252e+01,1.244400e+01,7.223820e-01,1.138580e-01,2.479880e-02,2.042050e-01,9.960850e-05,9.726200e-10,2.588290e-04,3.282450e-08,3.036350e-08
2.990000e-01,1.057426e+01,1.230552e+01,7.224810e-01,1.103030e-01,2.378600e-02,1.907790e-01,8.972670e-05,8.292920e-10,2.370710e-04,2.981850e-08,2.736700e-08
3.000000e-01,1.045755e+01,1.216830e+01,7.225780e-01,1.068550e-01,2.281370e-02,1.781580e-01,8.079610e-05,7.071010e-10,2.171500e-04,2.708940e-08,2.466850e-08
3.010000e-01,1.034189e+01,1.203289e+01,7.226760e-01,1.035100e-01,2.187990e-02,1.663090e-01,7.272710e-05,6.026570e-10,1.988950e-04,2.460900e-08,2.223490e-08
3.020000e-01,1.022775e+01,1.189871e+01,7.227720e-01,1.002650e-01,2.098300e-02,1.551930e-01,6.544060e-05,5.133550e-10,1.821630e-04,2.235420e-08,2.003980e-08
3.030000e-01,1.011463e+01,1.176603e+01,7.228670e-01,9.711530e-02,2.012170e-02,1.447700e-01,5.886550e-05,4.371540e-10,1.668350e-04,2.030540e-08,1.806090e-08
3.040000e-01,1.000253e+01,1.163483e+01,7.229600e-01,9.406040e-02,1.929460e-02,1.349980e-01,5.293110e-05,3.720440e-10,1.527890e-04,1.844350e-08,1.627640e-08
3.050000e-01,9.891770e+00,1.150509e+01,7.230500e-01,9.109790e-02,1.850060e-02,1.258430e-01,4.757760e-05,3.164330e-10,1.399230e-04,1.675170e-08,1.466750e-08
3.060000e-01,9.782120e+00,1.137653e+01,7.231380e-01,8.822580e-02,1.773850e-02,1.172760e-01,4.275630e-05,2.691500e-10,1.281450e-04,1.521600e-08,1.321880e-08
3.070000e-01,9.673619e+00,1.124968e+01,7.232250e-01,8.544250e-02,1.700750e-02,1.092650e-01,3.841880e-05,2.290450e-10,1.173670e-04,1.382260e-08,1.191490e-08
3.080000e-01,9.566278e+00,1.112397e+01,7.233110e-01,8.274620e-02,1.630630e-02,1.017830e-01,3.451690e-05,1.949660e-10,1.074990e-04,1.255740e-08,1.074030e-08
3.090000e-01,9.460062e+00,1.099943e+01,7.233960e-01,8.013480e-02,1.563380e-02,9.479790e-02,3.100450e-05,1.658490e-10,9.845660e-05,1.140730e-08,9.680730e-09
3.100000e-01,9.354983e+00,1.087652e+01,7.234810e-01,7.760540e-02,1.498890e-02,8.828080e-02,2.784540e-05,1.410190e-10,9.017390e-05,1.036230e-08,8.725340e-09
3.110000e-01,9.251007e+00,1.075474e+01,7.235650e-01,7.515460e-02,1.437030e-02,8.220080e-02,2.500600e-05,1.199040e-10,8.258970e-05,9.413240e-09,7.864510e-09
3.120000e-01,9.148123e+00,1.063433e+01,7.236470e-01,7.277930e-02,1.377680e-02,7.652720e-02,2.245290e-05,1.019340e-10,7.564320e-05,8.551110e-09,7.088590e-09
3.130000e-01,9.046342e+00,1.051526e+01,7.237270e-01,7.047630e-02,1.320720e-02,7.123230e-02,2.015580e-05,8.661090e-11,6.927830e-05,7.767570e-09,6.388820e-09
3.140000e-01,8.945611e+00,1.039753e+01,7.238060e-01,6.824350e-02,1.266050e-02,6.629400e-02,1.809190e-05,7.359540e-11,6.344990e-05,7.056020e-09,5.758370e-09
3.150000e-01,8.845981e+00,1.028087e+01,7.238830e-01,6.607860e-02,1.213600e-02,6.169090e-02,1.623930e-05,6.256890e-11,5.811420e-05,6.410100e-09,5.190660e-09
3.160000e-01,8.747420e+00,1.016576e+01,7.239600e-01,6.397950e-02,1.163260e-02,5.740170e-02,1.457590e-05,5.321270e-11,5.322740e-05,5.823410e-09,4.679100e-09
3.170000e-01,8.649938e+00,1.005171e+01,7.240380e-01,6.194430e-02,1.114950e-02,5.340580e-02,1.308110e-05,4.523480e-11,4.874820e-05,5.289980e-09,4.217520e-09
3.180000e-01,8.553503e+00,9.938984e+00,7.241140e-01,5.997200e-02,1.068610e-02,4.968410e-02,1.173840e-05,3.844090e-11,4.464440e-05,4.805210e-09,3.801270e-09
3.190000e-01,8.458123e+00,9.827521e+00,7.241880e-01,5.806190e-02,1.024180e-02,4.621810e-02,1.053260e-05,3.265850e-11,4.088600e-05,4.364830e-09,3.426050e-09
3.200000e-01,8.363788e+00,9.717264e+00,7.242590e-01,5.621290e-02,9.815950e-03,4.299020e-02,9.449200e-06,2.772870e-11,3.744410e-05,3.964750e-09,3.087740e-09
3.210000e-01,8.270466e+00,9.608266e+00,7.243280e-01,5.442270e-02,9.407780e-03,3.998530e-02,8.477000e-06,2.354250e-11,3.429400e-05,3.601590e-09,2.783060e-09
3.220000e-01,8.178149e+00,9.500446e+00,7.243960e-01,5.268870e-02,9.016460e-03,3.718920e-02,7.605680e-06,2.000290e-11,3.141210e-05,3.272130e-09,2.508890e-09
3.230000e-01,8.086843e+00,9.393793e+00,7.244630e-01,5.100850e-02,8.641140e-03,3.458790e-02,6.824900e-06,1.701270e-11,2.877460e-05,2.973180e-09,2.262110e-09
3.240000e-01,7.996501e+00,9.288295e+00,7.245300e-01,4.937930e-02,8.281000e-03,3.216700e-02,6.124330e-06,1.447500e-11,2.635810e-05,2.701510e-09,2.039620e-09
3.250000e-01,7.907132e+00,9.183960e+00,7.245980e-01,4.779940e-02,7.935330e-03,2.991340e-02,5.494620e-06,1.230560e-11,2.414130e-05,2.454260e-09,1.838640e-09
3.260000e-01,7.818726e+00,9.080756e+00,7.246650e-01,4.626850e-02,7.603800e-03,2.781650e-02,4.929150e-06,1.045550e-11,2.210920e-05,2.229430e-09,1.657260e-09
3.270000e-01,7.731308e+00,8.978690e+00,7.247310e-01,4.478680e-02,7.286110e-03,2.586620e-02,4.421730e-06,8.881290e-12,2.024820e-05,2.025180e-09,1.493760e-09
3.280000e-01,7.644851e+00,8.877813e+00,7.247950e-01,4.335430e-02,6.981940e-03,2.405260e-02,3.966350e-06,7.541290e-12,1.854470e-05,1.839710e-09,1.346420e-09
3.290000e-01,7.559360e+00,8.778049e+00,7.248570e-01,4.196890e-02,6.690670e-03,2.236650e-02,3.558030e-06,6.403970e-12,1.698610e-05,1.671400e-09,1.213740e-09
3.300000e-01,7.474824e+00,8.679426e+00,7.249180e-01,4.062760e-02,6.411550e-03,2.079910e-02,3.192270e-06,5.442380e-12,1.556030e-05,1.518710e-09,1.094350e-09
3.310000e-01,7.391201e+00,8.581871e+00,7.249780e-01,3.932740e-02,6.143810e-03,1.934150e-02,2.864550e-06,4.629610e-12,1.425510e-05,1.380110e-09,9.868380e-10
3.320000e-01,7.308496e+00,8.485394e+00,7.250380e-01,3.806540e-02,5.886720e-03,1.798490e-02,2.570380e-06,3.938800e-12,1.305840e-05,1.254070e-09,8.898330e-10
3.330000e-01,7.226666e+00,8.389981e+00,7.250990e-01,3.684020e-02,5.639790e-03,1.672190e-02,2.305940e-06,3.348150e-12,1.196000e-05,1.139300e-09,8.021670e-10
3.340000e-01,7.145753e+00,8.295604e+00,7.251590e-01,3.565350e-02,5.403040e-03,1.554730e-02,2.068570e-06,2.844910e-12,1.095340e-05,1.034960e-09,7.230720e-10
3.350000e-01,7.065746e+00,8.202307e+00,7.252190e-01,3.450720e-02,5.176500e-03,1.445610e-02,1.855750e-06,2.417250e-12,1.003220e-05,9.402490e-10,6.518230e-10
3.360000e-01,6.986618e+00,8.110077e+00,7.252770e-01,3.340060e-02,4.959910e-03,1.344300e-02,1.665070e-06,2.054410e-12,9.189790e-06,8.543350e-10,5.876950e-10
3.370000e-01,6.908392e+00,8.018867e+00,7.253340e-01,3.233060e-02,4.752550e-03,1.250180e-02,1.494220e-06,1.747000e-12,8.419120e-06,7.763780e-10,5.299630e-10
3.380000e-01,6.831027e+00,7.928700e+00,7.253900e-01,3.129360e-02,4.553670e-03,1.162620e-02,1.340900e-06,1.485740e-12,7.713030e-06,7.055330e-10,4.779030e-10
3.390000e-01,6.754497e+00,7.839530e+00,7.254450e-01,3.028740e-02,4.362750e-03,1.081110e-02,1.203170e-06,1.263010e-12,7.065480e-06,6.410810e-10,4.309010e-10
3.400000e-01,6.678824e+00,7.751344e+00,7.255000e-01,2.931200e-02,4.179590e-03,1.005280e-02,1.079590e-06,1.073730e-12,6.472060e-06,5.824980e-10,3.885100e-10
3.410000e-01,6.603999e+00,7.664168e+00,7.255540e-01,2.836720e-02,4.004020e-03,9.347930e-03,9.687570e-07,9.130370e-13,5.928510e-06,5.292770e-10,3.502990e-10
3.420000e-01,6.530012e+00,7.577955e+00,7.256090e-01,2.745290e-02,3.835820e-03,8.692840e-03,8.693450e-07,7.764000e-13,5.430710e-06,4.809270e-10,3.158520e-10
3.430000e-01,6.456854e+00,7.492729e+00,7.256620e-01,2.656820e-02,3.674710e-03,8.083910e-03,7.801600e-07,6.602110e-13,4.974830e-06,4.370060e-10,2.847990e-10
3.440000e-01,6.384516e+00,7.408461e+00,7.257130e-01,2.571230e-02,3.520390e-03,7.517580e-03,7.000700e-07,5.611310e-13,4.557200e-06,3.970870e-10,2.567880e-10
3.450000e-01,6.312989e+00,7.325175e+00,7.257620e-01,2.488410e-02,3.372560e-03,6.990950e-03,6.281970e-07,4.768120e-13,4.174770e-06,3.608250e-10,2.315380e-10
3.460000e-01,6.242276e+00,7.242842e+00,7.258090e-01,2.408250e-02,3.230940e-03,6.501470e-03,5.637880e-07,4.053910e-13,3.824760e-06,3.279120e-10,2.088000e-10
3.470000e-01,6.172356e+00,7.161434e+00,7.258560e-01,2.330650e-02,3.095250e-03,6.046600e-03,5.060910e-07,3.450060e-13,3.504430e-06,2.980390e-10,1.883280e-10
3.480000e-01,6.103220e+00,7.080958e+00,7.259030e-01,2.255500e-02,2.965200e-03,5.623770e-03,4.543550e-07,2.937970e-13,3.211010e-06,2.709000e-10,1.698750e-10
3.490000e-01,6.034857e+00,7.001386e+00,7.259510e-01,2.182700e-02,2.840500e-03,5.230540e-03,4.078700e-07,2.500450e-13,2.941890e-06,2.462040e-10,1.532080e-10
3.500000e-01,5.967288e+00,6.922708e+00,7.260000e-01,2.112170e-02,2.720960e-03,4.864870e-03,3.661220e-07,2.127020e-13,2.695140e-06,2.237410e-10,1.381610e-10
3.510000e-01,5.900462e+00,6.844914e+00,7.260480e-01,2.043870e-02,2.606380e-03,4.524860e-03,3.286550e-07,1.809230e-13,2.469050e-06,2.033230e-10,1.245890e-10
3.520000e-01,5.834384e+00,6.768010e+00,7.260960e-01,1.977740e-02,2.496560e-03,4.208600e-03,2.950180e-07,1.538690e-13,2.261890e-06,1.847650e-10,1.123480e-10
3.530000e-01,5.769046e+00,6.691970e+00,7.261420e-01,1.913700e-02,2.391320e-03,3.914460e-03,2.648260e-07,1.308590e-13,2.072140e-06,1.679040e-10,1.013120e-10
3.540000e-01,5.704440e+00,6.616800e+00,7.261870e-01,1.851720e-02,2.290490e-03,3.641020e-03,2.377530e-07,1.113500e-13,1.898400e-06,1.525930e-10,9.136890e-11
3.550000e-01,5.640583e+00,6.542489e+00,7.262330e-01,1.791720e-02,2.193900e-03,3.386850e-03,2.134780e-07,9.480370e-14,1.739320e-06,1.386870e-10,8.240910e-11
3.560000e-01,5.577441e+00,6.469028e+00,7.262780e-01,1.733660e-02,2.101370e-03,3.150570e-03,1.916830e-07,8.070240e-14,1.593540e-06,1.260460e-10,7.432530e-11
3.570000e-01,5.515019e+00,6.396391e+00,7.263230e-01,1.677500e-02,2.012770e-03,2.930960e-03,1.721190e-07,6.868280e-14,1.459980e-06,1.145560e-10,6.703310e-11
3.580000e-01,5.453308e+00,6.324599e+00,7.263680e-01,1.623210e-02,1.927960e-03,2.726880e-03,1.545670e-07,5.845780e-14,1.337690e-06,1.041180e-10,6.045970e-11
3.590000e-01,5.392287e+00,6.253642e+00,7.264110e-01,1.570750e-02,1.846820e-03,2.537210e-03,1.388130e-07,4.975210e-14,1.225710e-06,9.463770e-11,5.453380e-11
3.600000e-01,5.331974e+00,6.183481e+00,7.264540e-01,1.520030e-02,1.769150e-03,2.360920e-03,1.246810e-07,4.235390e-14,1.123200e-06,8.602780e-11,4.919360e-11
3.610000e-01,5.272335e+00,6.114135e+00,7.264970e-01,1.470950e-02,1.694750e-03,2.197030e-03,1.120030e-07,3.607370e-14,1.029320e-06,7.820710e-11,4.438050e-11
3.620000e-01,5.213387e+00,6.045566e+00,7.265400e-01,1.423400e-02,1.623420e-03,2.044560e-03,1.006170e-07,3.072540e-14,9.432500e-07,7.109480e-11,4.003690e-11
3.630000e-01,5.155099e+00,5.977781e+00,7.265830e-01,1.377330e-02,1.555020e-03,1.902680e-03,9.038640e-08,2.616430e-14,8.643280e-07,6.462480e-11,3.611560e-11
3.640000e-01,5.097474e+00,5.910769e+00,7.266250e-01,1.332710e-02,1.489470e-03,1.770670e-03,8.119550e-08,2.227710e-14,7.919910e-07,5.874210e-11,3.257720e-11
3.650000e-01,5.040504e+00,5.844522e+00,7.266660e-01,1.289510e-02,1.426660e-03,1.647840e-03,7.293920e-08,1.896440e-14,7.257090e-07,5.339490e-11,2.938530e-11
3.660000e-01,4.984183e+00,5.779057e+00,7.267050e-01,1.247700e-02,1.366480e-03,1.533600e-03,6.552980e-08,1.615060e-14,6.650040e-07,4.853740e-11,2.650840e-11
3.670000e-01,4.928503e+00,5.714339e+00,7.267440e-01,1.207210e-02,1.308810e-03,1.427350e-03,5.888160e-08,1.376230e-14,6.094010e-07,4.412450e-11,2.391520e-11
3.680000e-01,4.873467e+00,5.650358e+00,7.267840e-01,1.167990e-02,1.253540e-03,1.328520e-03,5.290960e-08,1.172710e-14,5.584300e-07,4.011150e-11,2.157480e-11
3.690000e-01,4.819067e+00,5.587120e+00,7.268240e-01,1.130030e-02,1.200570e-03,1.236580e-03,4.754340e-08,9.990210e-15,5.117010e-07,3.646150e-11,1.946220e-11
3.700000e-01,4.765275e+00,5.524589e+00,7.268640e-01,1.093310e-02,1.149860e-03,1.151090e-03,4.272460e-08,8.510910e-15,4.688890e-07,3.314410e-11,1.755660e-11
3.710000e-01,4.712095e+00,5.462784e+00,7.269030e-01,1.057810e-02,1.101320e-03,1.071580e-03,3.839650e-08,7.250250e-15,4.296750e-07,3.012950e-11,1.583810e-11
3.720000e-01,4.659529e+00,5.401682e+00,7.269420e-01,1.023510e-02,1.054880e-03,9.976650e-04,3.451120e-08,6.177720e-15,3.937680e-07,2.739120e-11,1.428900e-11
3.730000e-01,4.607560e+00,5.341288e+00,7.269800e-01,9.903490e-03,1.010430e-03,9.289480e-04,3.102460e-08,5.266390e-15,3.608910e-07,2.490430e-11,1.289300e-11
3.740000e-01,4.556192e+00,5.281594e+00,7.270180e-01,9.582760e-03,9.678680e-04,8.650460e-04,2.789290e-08,4.489850e-15,3.307710e-07,2.264390e-11,1.163370e-11
3.750000e-01,4.505427e+00,5.222603e+00,7.270560e-01,9.272430e-03,9.271070e-04,8.056030e-04,2.507930e-08,3.827700e-15,3.031680e-07,2.058890e-11,1.049750e-11
3.760000e-01,4.455249e+00,5.164294e+00,7.270940e-01,8.972020e-03,8.880520e-04,7.502830e-04,2.255090e-08,3.263340e-15,2.778710e-07,1.872050e-11,9.472340e-12
3.770000e-01,4.405640e+00,5.106661e+00,7.271300e-01,8.681060e-03,8.506160e-04,6.987620e-04,2.027610e-08,2.781010e-15,2.546710e-07,1.702050e-11,8.546560e-12
3.780000e-01,4.356593e+00,5.049682e+00,7.271650e-01,8.399290e-03,8.147350e-04,6.507890e-04,1.823100e-08,2.369750e-15,2.334050e-07,1.547470e-11,7.711120e-12
3.790000e-01,4.308102e+00,4.993350e+00,7.272000e-01,8.126480e-03,7.803530e-04,6.061430e-04,1.639460e-08,2.020470e-15,2.139240e-07,1.407030e-11,6.958010e-12
3.800000e-01,4.260171e+00,4.937681e+00,7.272340e-01,7.862420e-03,7.474150e-04,5.646010e-04,1.474600e-08,1.724050e-15,1.960800e-07,1.279430e-11,6.279190e-12
3.810000e-01,4.212802e+00,4.882643e+00,7.272680e-01,7.606900e-03,7.158660e-04,5.259410e-04,1.326410e-08,1.471400e-15,1.797260e-07,1.163410e-11,5.666630e-12
3.820000e-01,4.165978e+00,4.828264e+00,7.273020e-01,7.359680e-03,6.856510e-04,4.899570e-04,1.193060e-08,1.254940e-15,1.647270e-07,1.057840e-11,5.113270e-12
3.830000e-01,4.119694e+00,4.774501e+00,7.273360e-01,7.120540e-03,6.567180e-04,4.564780e-04,1.073200e-08,1.070190e-15,1.509820e-07,9.618490e-12,4.613960e-12
3.840000e-01,4.073943e+00,4.721370e+00,7.273710e-01,6.889240e-03,6.290180e-04,4.253370e-04,9.655690e-09,9.130220e-16,1.383930e-07,8.746400e-12,4.163820e-12
3.850000e-01,4.028710e+00,4.668840e+00,7.274050e-01,6.665560e-03,6.024970e-04,3.963640e-04,8.688910e-09,7.793260e-16,1.268600e-07,7.953960e-12,3.757930e-12
3.860000e-01,3.984006e+00,4.616916e+00,7.274400e-01,6.449240e-03,5.771040e-04,3.693960e-04,7.819220e-09,6.651040e-16,1.162880e-07,7.233190e-12,3.391510e-12
3.870000e-01,3.939807e+00,4.565591e+00,7.274740e-01,6.240020e-03,5.527900e-04,3.442920e-04,7.036880e-09,5.675280e-16,1.065970e-07,6.577680e-12,3.060750e-12
3.880000e-01,3.896117e+00,4.514857e+00,7.275080e-01,6.037600e-03,5.295040e-04,3.209240e-04,6.333700e-09,4.844260e-16,9.771740e-08,5.981880e-12,2.762420e-12
3.890000e-01,3.852929e+00,4.464707e+00,7.275420e-01,5.841690e-03,5.071980e-04,2.991670e-04,5.701480e-09,4.136300e-16,8.957980e-08,5.440250e-12,2.493290e-12
3.900000e-01,3.810246e+00,4.415145e+00,7.275750e-01,5.652020e-03,4.858220e-04,2.788970e-04,5.132320e-09,3.530700e-16,8.211680e-08,4.947400e-12,2.250230e-12
3.910000e-01,3.768062e+00,4.366164e+00,7.276080e-01,5.468410e-03,4.653410e-04,2.600160e-04,4.620190e-09,3.013370e-16,7.527490e-08,4.499150e-12,2.030820e-12
3.920000e-01,3.726362e+00,4.317745e+00,7.276410e-01,5.290720e-03,4.457230e-04,2.424380e-04,4.159890e-09,2.573040e-16,6.900620e-08,4.091770e-12,1.832970e-12
3.930000e-01,3.685140e+00,4.269893e+00,7.276740e-01,5.118850e-03,4.269380e-04,2.260750e-04,3.746210e-09,2.198430e-16,6.326320e-08,3.721560e-12,1.654560e-12
3.940000e-01,3.644400e+00,4.222581e+00,7.277070e-01,4.952650e-03,4.089530e-04,2.108400e-04,3.373990e-09,1.878420e-16,5.799840e-08,3.384840e-12,1.493500e-12
3.950000e-01,3.604118e+00,4.175813e+00,7.277410e-01,4.791930e-03,3.917330e-04,1.966540e-04,3.038930e-09,1.604610e-16,5.317130e-08,3.078520e-12,1.348060e-12
3.960000e-01,3.564290e+00,4.129581e+00,7.277740e-01,4.636450e-03,3.752420e-04,1.834420e-04,2.737460e-09,1.370840e-16,4.874670e-08,2.799960e-12,1.216810e-12
3.970000e-01,3.524926e+00,4.083880e+00,7.278080e-01,4.485970e-03,3.594430e-04,1.711300e-04,2.466070e-09,1.171140e-16,4.469010e-08,2.546590e-12,1.098330e-12
3.980000e-01,3.486005e+00,4.038704e+00,7.278410e-01,4.340300e-03,3.443050e-04,1.596570e-04,2.221800e-09,1.000710e-16,4.097150e-08,2.316190e-12,9.914080e-13
3.990000e-01,3.447545e+00,3.994055e+00,7.278730e-01,4.199250e-03,3.297980e-04,1.489640e-04,2.001960e-09,8.553600e-17,3.756280e-08,2.106690e-12,8.949310e-13
4.000000e-01,3.409534e+00,3.949935e+00,7.279040e-01,4.062650e-03,3.158940e-04,1.389950e-04,1.803910e-09,7.309600e-17,3.443670e-08,1.916060e-12,8.077980e-13
4.010000e-01,3.371972e+00,3.906340e+00,7.279350e-01,3.930400e-03,3.025710e-04,1.297030e-04,1.625520e-09,6.245220e-17,3.157020e-08,1.742650e-12,7.291230e-13
4.020000e-01,3.334840e+00,3.863243e+00,7.279660e-01,3.802440e-03,2.898110e-04,1.210440e-04,1.465030e-09,5.338120e-17,2.894390e-08,1.585030e-12,6.581680e-13
4.030000e-01,3.298139e+00,3.820657e+00,7.279960e-01,3.678690e-03,2.775940e-04,1.129790e-04,1.320700e-09,4.566100e-17,2.653810e-08,1.441820e-12,5.941950e-13
4.040000e-01,3.261865e+00,3.778548e+00,7.280260e-01,3.559100e-03,2.659030e-04,1.054660e-04,1.190780e-09,3.906940e-17,2.433320e-08,1.311600e-12,5.364670e-13
4.050000e-01,3.225990e+00,3.736930e+00,7.280560e-01,3.443570e-03,2.547170e-04,9.846480e-05,1.073660e-09,3.341270e-17,2.231140e-08,1.193100e-12,4.843140e-13
4.060000e-01,3.190531e+00,3.695779e+00,7.280860e-01,3.331950e-03,2.440150e-04,9.194300e-05,9.681860e-10,2.857330e-17,2.045830e-08,1.085350e-12,4.372440e-13
4.070000e-01,3.155477e+00,3.655098e+00,7.281160e-01,3.224060e-03,2.337720e-04,8.586780e-05,8.732840e-10,2.444640e-17,1.876080e-08,9.874200e-13,3.947940e-13
4.080000e-01,3.120829e+00,3.614898e+00,7.281470e-01,3.119720e-03,2.239650e-04,8.020660e-05,7.878650e-10,2.092750e-17,1.720520e-08,8.984060e-13,3.565040e-13
4.090000e-01,3.086583e+00,3.575156e+00,7.281770e-01,3.018760e-03,2.145700e-04,7.492730e-05,7.108660e-10,1.791460e-17,1.577860e-08,8.174050e-13,3.219200e-13
4.100000e-01,3.052734e+00,3.535876e+00,7.282080e-01,2.921040e-03,2.055690e-04,7.000310e-05,6.414410e-10,1.533370e-17,1.446990e-08,7.436890e-13,2.906820e-13
4.110000e-01,3.019277e+00,3.497059e+00,7.282380e-01,2.826450e-03,1.969430e-04,6.540960e-05,5.788770e-10,1.312770e-17,1.327000e-08,6.766350e-13,2.624810e-13
4.120000e-01,2.986208e+00,3.458685e+00,7.282670e-01,2.734850e-03,1.886770e-04,6.112300e-05,5.224620e-10,1.124020e-17,1.216950e-08,6.156200e-13,2.370140e-13
4.130000e-01,2.953514e+00,3.420755e+00,7.282960e-01,2.646150e-03,1.807530e-04,5.712080e-05,4.715360e-10,9.619510e-18,1.115950e-08,5.600610e-13,2.139940e-13
4.140000e-01,2.921191e+00,3.383265e+00,7.283250e-01,2.560270e-03,1.731590e-04,5.338540e-05,4.256150e-10,8.232580e-18,1.023340e-08,5.095170e-13,1.932110e-13
4.150000e-01,2.889249e+00,3.346209e+00,7.283530e-01,2.477160e-03,1.658850e-04,4.990070e-05,3.842520e-10,7.050170e-18,9.384670e-09,4.635740e-13,1.744660e-13
4.160000e-01,2.857670e+00,3.309573e+00,7.283810e-01,2.396770e-03,1.589180e-04,4.665040e-05,3.470000e-10,6.043020e-18,8.607060e-09,4.218210e-13,1.575620e-13
4.170000e-01,2.826461e+00,3.273377e+00,7.284090e-01,2.319030e-03,1.522480e-04,4.361820e-05,3.134150e-10,5.181900e-18,7.894160e-09,3.838450e-13,1.423040e-13
4.180000e-01,2.795613e+00,3.237591e+00,7.284370e-01,2.243880e-03,1.458630e-04,4.078860e-05,2.830850e-10,4.440880e-18,7.240050e-09,3.492640e-13,1.285100e-13
4.190000e-01,2.765126e+00,3.202226e+00,7.284650e-01,2.171230e-03,1.397500e-04,3.814850e-05,2.557190e-10,3.804900e-18,6.640210e-09,3.177970e-13,1.160510e-13
4.200000e-01,2.734985e+00,3.167262e+00,7.284930e-01,2.100950e-03,1.338960e-04,3.568540e-05,2.310500e-10,3.261110e-18,6.090400e-09,2.891860e-13,1.048080e-13
4.210000e-01,2.705191e+00,3.132701e+00,7.285220e-01,2.032950e-03,1.282880e-04,3.338660e-05,2.088110e-10,2.796690e-18,5.586420e-09,2.631690e-13,9.466400e-14
4.220000e-01,2.675728e+00,3.098525e+00,7.285500e-01,1.967120e-03,1.229140e-04,3.123980e-05,1.887360e-10,2.398860e-18,5.124040e-09,2.394890e-13,8.550000e-14
4.230000e-01,2.646604e+00,3.064743e+00,7.285790e-01,1.903380e-03,1.177630e-04,2.923390e-05,1.705960e-10,2.057110e-18,4.699610e-09,2.179200e-13,7.721500e-14
4.240000e-01,2.617809e+00,3.031342e+00,7.286090e-01,1.841680e-03,1.128260e-04,2.736030e-05,1.542200e-10,1.764310e-18,4.310290e-09,1.982920e-13,6.973230e-14
4.250000e-01,2.589351e+00,2.998334e+00,7.286380e-01,1.781980e-03,1.080970e-04,2.561060e-05,1.394400e-10,1.513580e-18,3.953310e-09,1.804380e-13,6.297680e-14
4.260000e-01,2.561221e+00,2.965712e+00,7.286670e-01,1.724220e-03,1.035680e-04,2.397650e-05,1.260970e-10,1.298650e-18,3.625990e-09,1.641960e-13,5.687760e-14
4.270000e-01,2.533425e+00,2.933466e+00,7.286950e-01,1.668350e-03,9.923020e-05,2.245010e-05,1.140500e-10,1.114510e-18,3.325900e-09,1.494220e-13,5.137150e-14
4.280000e-01,2.505942e+00,2.901596e+00,7.287230e-01,1.614290e-03,9.507500e-05,2.102350e-05,1.031650e-10,9.564000e-19,3.050640e-09,1.359760e-13,4.639750e-14
4.290000e-01,2.478780e+00,2.870093e+00,7.287510e-01,1.561990e-03,9.109470e-05,1.969010e-05,9.332930e-11,8.207270e-19,2.798180e-09,1.237410e-13,4.190500e-14
4.300000e-01,2.451930e+00,2.838958e+00,7.287780e-01,1.511390e-03,8.728200e-05,1.844410e-05,8.444970e-11,7.046460e-19,2.566740e-09,1.126140e-13,3.785080e-14
4.310000e-01,2.425387e+00,2.808174e+00,7.288050e-01,1.462420e-03,8.362950e-05,1.727970e-05,7.643200e-11,6.053260e-19,2.354550e-09,1.024930e-13,3.419160e-14
4.320000e-01,2.399142e+00,2.777743e+00,7.288330e-01,1.415050e-03,8.012990e-05,1.619130e-05,6.918380e-11,5.200040e-19,2.159850e-09,9.327970e-14,3.088490e-14
4.330000e-01,2.373204e+00,2.747660e+00,7.288610e-01,1.369220e-03,7.677790e-05,1.517380e-05,6.263050e-11,4.466600e-19,1.981220e-09,8.489200e-14,2.789680e-14
4.340000e-01,2.347556e+00,2.717922e+00,7.288880e-01,1.324920e-03,7.356890e-05,1.422280e-05,5.670910e-11,3.837410e-19,1.817430e-09,7.726140e-14,2.519880e-14
4.350000e-01,2.322202e+00,2.688525e+00,7.289160e-01,1.282130e-03,7.049870e-05,1.333420e-05,5.135680e-11,3.297150e-19,1.667260e-09,7.031980e-14,2.276260e-14
4.360000e-01,2.297143e+00,2.659463e+00,7.289430e-01,1.240790e-03,6.756090e-05,1.250350e-05,4.651810e-11,2.833150e-19,1.529590e-09,6.400520e-14,2.056290e-14
4.370000e-01,2.272370e+00,2.630740e+00,7.289690e-01,1.200800e-03,6.474740e-05,1.172670e-05,4.214540e-11,2.435600e-19,1.403380e-09,5.826260e-14,1.857770e-14
4.380000e-01,2.247879e+00,2.602346e+00,7.289960e-01,1.162070e-03,6.205000e-05,1.099970e-05,3.819140e-11,2.094850e-19,1.287620e-09,5.303740e-14,1.678510e-14
4.390000e-01,2.223679e+00,2.574287e+00,7.290220e-01,1.124500e-03,5.946090e-05,1.031860e-05,3.460990e-11,1.801540e-19,1.181310e-09,4.827620e-14,1.516390e-14
4.400000e-01,2.199758e+00,2.546549e+00,7.290490e-01,1.088080e-03,5.697640e-05,9.680510e-06,3.136610e-11,1.549070e-19,1.083680e-09,4.393850e-14,1.369790e-14
4.410000e-01,2.176111e+00,2.519132e+00,7.290750e-01,1.052810e-03,5.459490e-05,9.083140e-06,2.843120e-11,1.332400e-19,9.941230e-10,3.999070e-14,1.237380e-14
4.420000e-01,2.152727e+00,2.492028e+00,7.291020e-01,1.018730e-03,5.231500e-05,8.524280e-06,2.577660e-11,1.146490e-19,9.120050e-10,3.639950e-14,1.117830e-14
4.430000e-01,2.129615e+00,2.465227e+00,7.291280e-01,9.858290e-04,5.013490e-05,8.001660e-06,2.337420e-11,9.865030e-20,8.367150e-10,3.313220e-14,1.009870e-14
4.440000e-01,2.106760e+00,2.438732e+00,7.291540e-01,9.540700e-04,4.804990e-05,7.512870e-06,2.120050e-11,8.489300e-20,7.676990e-10,3.016030e-14,9.123880e-15
4.450000e-01,2.084165e+00,2.412543e+00,7.291800e-01,9.233690e-04,4.605380e-05,7.055430e-06,1.923390e-11,7.308760e-20,7.044340e-10,2.745760e-14,8.244100e-15
4.460000e-01,2.061831e+00,2.386651e+00,7.292050e-01,8.936440e-04,4.414050e-05,6.626870e-06,1.745290e-11,6.294480e-20,6.463970e-10,2.499780e-14,7.449440e-15
4.470000e-01,2.039750e+00,2.361065e+00,7.292300e-01,8.648230e-04,4.230440e-05,6.224790e-06,1.583680e-11,5.418740e-20,5.930800e-10,2.275560e-14,6.730330e-15
4.480000e-01,2.017930e+00,2.335770e+00,7.292540e-01,8.368780e-04,4.054230e-05,5.847560e-06,1.437080e-11,4.663320e-20,5.441110e-10,2.071220e-14,6.079870e-15
4.490000e-01,1.996361e+00,2.310771e+00,7.292790e-01,8.098040e-04,3.885240e-05,5.493880e-06,1.304260e-11,4.014600e-20,4.991830e-10,1.885250e-14,5.492410e-15
4.500000e-01,1.975031e+00,2.286057e+00,7.293030e-01,7.835960e-04,3.723280e-05,5.162470e-06,1.184050e-11,3.458970e-20,4.579890e-10,1.716120e-14,4.962320e-15
4.510000e-01,1.953948e+00,2.261622e+00,7.293280e-01,7.582510e-04,3.568160e-05,4.852040e-06,1.075220e-11,2.982820e-20,4.202220e-10,1.562310e-14,4.483960e-15
4.520000e-01,1.933103e+00,2.237464e+00,7.293540e-01,7.337630e-04,3.419700e-05,4.561300e-06,9.765940e-12,2.572630e-20,3.855770e-10,1.422290e-14,4.051710e-15
4.530000e-01,1.912494e+00,2.213574e+00,7.293800e-01,7.101130e-04,3.277650e-05,4.288980e-06,8.871330e-12,2.217910e-20,3.537850e-10,1.294780e-14,3.660840e-15
4.540000e-01,1.892117e+00,2.189954e+00,7.294070e-01,6.872590e-04,3.141690e-05,4.033830e-06,8.060220e-12,1.911970e-20,3.246240e-10,1.178720e-14,3.307690e-15
4.550000e-01,1.871970e+00,2.166611e+00,7.294340e-01,6.651630e-04,3.011480e-05,3.794590e-06,7.324600e-12,1.648360e-20,2.978760e-10,1.073090e-14,2.988680e-15
4.560000e-01,1.852056e+00,2.143532e+00,7.294600e-01,6.437830e-04,2.886720e-05,3.570120e-06,6.657240e-12,1.421380e-20,2.733370e-10,9.769510e-15,2.700530e-15
4.570000e-01,1.832369e+00,2.120718e+00,7.294860e-01,6.230790e-04,2.767110e-05,3.359450e-06,6.051930e-12,1.226270e-20,2.508280e-10,8.894670e-15,2.440320e-15
4.580000e-01,1.812905e+00,2.098162e+00,7.295110e-01,6.030120e-04,2.652350e-05,3.161620e-06,5.502520e-12,1.058340e-20,2.301660e-10,8.098050e-15,2.205190e-15
4.590000e-01,1.793659e+00,2.075860e+00,7.295380e-01,5.835520e-04,2.542190e-05,2.975720e-06,5.003310e-12,9.132970e-21,2.111860e-10,7.371980e-15,1.992450e-15
4.600000e-01,1.774635e+00,2.053813e+00,7.295640e-01,5.647050e-04,2.436560e-05,2.801130e-06,4.549920e-12,7.881550e-21,1.937630e-10,6.710650e-15,1.800130e-15
4.610000e-01,1.755824e+00,2.032020e+00,7.295890e-01,5.464830e-04,2.335400e-05,2.637270e-06,4.138250e-12,6.801670e-21,1.777770e-10,6.108640e-15,1.626350e-15
4.620000e-01,1.737233e+00,2.010476e+00,7.296140e-01,5.288820e-04,2.238600e-05,2.483520e-06,3.764500e-12,5.869450e-21,1.631180e-10,5.560830e-15,1.469370e-15
4.630000e-01,1.718854e+00,1.989180e+00,7.296390e-01,5.118740e-04,2.145950e-05,2.339250e-06,3.425410e-12,5.067110e-21,1.496820e-10,5.062680e-15,1.327710e-15
4.640000e-01,1.700682e+00,1.968126e+00,7.296630e-01,4.954290e-04,2.057220e-05,2.203820e-06,3.117760e-12,4.377480e-21,1.373660e-10,4.609720e-15,1.199890e-15
4.650000e-01,1.682717e+00,1.947314e+00,7.296880e-01,4.795150e-04,1.972190e-05,2.076610e-06,2.838340e-12,3.783380e-21,1.260670e-10,4.197450e-15,1.084440e-15
4.660000e-01,1.664953e+00,1.926735e+00,7.297120e-01,4.641050e-04,1.890650e-05,1.957010e-06,2.584120e-12,3.268910e-21,1.156870e-10,3.821640e-15,9.799580e-16
4.670000e-01,1.647392e+00,1.906387e+00,7.297370e-01,4.491830e-04,1.812460e-05,1.844550e-06,2.352910e-12,2.823990e-21,1.061560e-10,3.479240e-15,8.854670e-16
4.680000e-01,1.630032e+00,1.886271e+00,7.297630e-01,4.347330e-04,1.737500e-05,1.738840e-06,2.142780e-12,2.440300e-21,9.741040e-11,3.167520e-15,8.000940e-16
4.690000e-01,1.612865e+00,1.866380e+00,7.297880e-01,4.207450e-04,1.665630e-05,1.639460e-06,1.951790e-12,2.109470e-21,8.938550e-11,2.883760e-15,7.229700e-16
4.700000e-01,1.595898e+00,1.846720e+00,7.298140e-01,4.072040e-04,1.596740e-05,1.546000e-06,1.778070e-12,1.823630e-21,8.202020e-11,2.625360e-15,6.532580e-16
4.710000e-01,1.579120e+00,1.827280e+00,7.298390e-01,3.941010e-04,1.530720e-05,1.458120e-06,1.620080e-12,1.576820e-21,7.526190e-11,2.390120e-15,5.902700e-16
4.720000e-01,1.562532e+00,1.808061e+00,7.298640e-01,3.814260e-04,1.467470e-05,1.375470e-06,1.476360e-12,1.363670e-21,6.906090e-11,2.175960e-15,5.333570e-16
4.730000e-01,1.546134e+00,1.789056e+00,7.298880e-01,3.691680e-04,1.406870e-05,1.297710e-06,1.345510e-12,1.178990e-21,6.336860e-11,1.980880e-15,4.818890e-16
4.740000e-01,1.529914e+00,1.770268e+00,7.299120e-01,3.573120e-04,1.348810e-05,1.224550e-06,1.226430e-12,1.019220e-21,5.814540e-11,1.803270e-15,4.353770e-16
4.750000e-01,1.513882e+00,1.751689e+00,7.299350e-01,3.458430e-04,1.293190e-05,1.155720e-06,1.118140e-12,8.814910e-22,5.335600e-11,1.641710e-15,3.933940e-16
4.760000e-01,1.498028e+00,1.733325e+00,7.299580e-01,3.347460e-04,1.239890e-05,1.090970e-06,1.019690e-12,7.629520e-22,4.896480e-11,1.494790e-15,3.555100e-16
4.770000e-01,1.482354e+00,1.715165e+00,7.299820e-01,3.240030e-04,1.188790e-05,1.030010e-06,9.301100e-13,6.607460e-22,4.493650e-11,1.361080e-15,3.213000e-16
4.780000e-01,1.466865e+00,1.697216e+00,7.300060e-01,3.135990e-04,1.139780e-05,9.725920e-07,8.484590e-13,5.721070e-22,4.123640e-11,1.239210e-15,2.903440e-16
4.790000e-01,1.451547e+00,1.679469e+00,7.300300e-01,3.035240e-04,1.092790e-05,9.184980e-07,7.740220e-13,4.951740e-22,3.783770e-11,1.128130e-15,2.623330e-16
4.800000e-01,1.436402e+00,1.661923e+00,7.300550e-01,2.937690e-04,1.047730e-05,8.675450e-07,7.062220e-13,4.286270e-22,3.471840e-11,1.026980e-15,2.370180e-16
4.810000e-01,1.421422e+00,1.644569e+00,7.300800e-01,2.843280e-04,1.004540e-05,8.195530e-07,6.444800e-13,3.711540e-22,3.185650e-11,9.349120e-16,2.141520e-16
4.820000e-01,1.406608e+00,1.627403e+00,7.301050e-01,2.751920e-04,9.631330e-06,7.743380e-07,5.882210e-13,3.214480e-22,2.923000e-11,8.510820e-16,1.934870e-16
4.830000e-01,1.391958e+00,1.610427e+00,7.301300e-01,2.663560e-04,9.234610e-06,7.317390e-07,5.369450e-13,2.784150e-22,2.681970e-11,7.747480e-16,1.748100e-16
4.840000e-01,1.377470e+00,1.593643e+00,7.301560e-01,2.578130e-04,8.854670e-06,6.916160e-07,4.902290e-13,2.411840e-22,2.460880e-11,7.052820e-16,1.579410e-16
4.850000e-01,1.363151e+00,1.577056e+00,7.301810e-01,2.495590e-04,8.490920e-06,6.538270e-07,4.476630e-13,2.089440e-22,2.258140e-11,6.420760e-16,1.427060e-16
4.860000e-01,1.348997e+00,1.560655e+00,7.302050e-01,2.415760e-04,8.142490e-06,6.182190e-07,4.088790e-13,1.810590e-22,2.072220e-11,5.845730e-16,1.289500e-16
4.870000e-01,1.335002e+00,1.544443e+00,7.302290e-01,2.338480e-04,7.808440e-06,5.846360e-07,3.735150e-13,1.569330e-22,1.901630e-11,5.322320e-16,1.165230e-16
4.880000e-01,1.321162e+00,1.528414e+00,7.302530e-01,2.263590e-04,7.487850e-06,5.529250e-07,3.412170e-13,1.359820e-22,1.744920e-11,4.845170e-16,1.052780e-16
4.890000e-01,1.307480e+00,1.512561e+00,7.302760e-01,2.190990e-04,7.180130e-06,5.229740e-07,3.117160e-13,1.177890e-22,1.600940e-11,4.410200e-16,9.510260e-17
4.900000e-01,1.293946e+00,1.496887e+00,7.302980e-01,2.120660e-04,6.884870e-06,4.946980e-07,2.847990e-13,1.020530e-22,1.468800e-11,4.014190e-16,8.590940e-17
4.910000e-01,1.280563e+00,1.481385e+00,7.303210e-01,2.052540e-04,6.601700e-06,4.680120e-07,2.602590e-13,8.848020e-23,1.347610e-11,3.653960e-16,7.761200e-17
4.920000e-01,1.267328e+00,1.466054e+00,7.303440e-01,1.986610e-04,6.330240e-06,4.428340e-07,2.378850e-13,7.677250e-23,1.236480e-11,3.326300e-16,7.012400e-17
4.930000e-01,1.254242e+00,1.450895e+00,7.303680e-01,1.922840e-04,6.070090e-06,4.190770e-07,2.174690e-13,6.663380e-23,1.134500e-11,3.028020e-16,6.335860e-17
4.940000e-01,1.241300e+00,1.435903e+00,7.303930e-01,1.861170e-04,5.820850e-06,3.966600e-07,1.988200e-13,5.780920e-23,1.040880e-11,2.756220e-16,5.723820e-17
4.950000e-01,1.228503e+00,1.421078e+00,7.304170e-01,1.801530e-04,5.582040e-06,3.755050e-07,1.817910e-13,5.014330e-23,9.549590e-12,2.508730e-16,5.170580e-17
4.960000e-01,1.215848e+00,1.406420e+00,7.304420e-01,1.743820e-04,5.353180e-06,3.555340e-07,1.662450e-13,4.349550e-23,8.761320e-12,2.283440e-16,4.670770e-17
4.970000e-01,1.203337e+00,1.391929e+00,7.304660e-01,1.687980e-04,5.133770e-06,3.366690e-07,1.520430e-13,3.772520e-23,8.037860e-12,2.078300e-16,4.219010e-17
4.980000e-01,1.190966e+00,1.377600e+00,7.304900e-01,1.633920e-04,4.923390e-06,3.188400e-07,1.390620e-13,3.271310e-23,7.373730e-12,1.891440e-16,3.810560e-17
4.990000e-01,1.178734e+00,1.363430e+00,7.305140e-01,1.581580e-04,4.721650e-06,3.019930e-07,1.272060e-13,2.837410e-23,6.764530e-12,1.721410e-16,3.441750e-17
5.000000e-01,1.166637e+00,1.349423e+00,7.305370e-01,1.530910e-04,4.528200e-06,2.860730e-07,1.163840e-13,2.462670e-23,6.205950e-12,1.566790e-16,3.108980e-17
