# B23 standard solar model (Herrera & Serenelli 2023, doi:10.5281/zenodo.10174170, CC-BY-4.0), composition C11
# r [R_sun], n_e [N_A/cm^3], rho [g/cm^3], X (H mass fraction), production distributions dN/dr (normalised per R_sun) per component
r,ne,rho,X,pp,pep,hep,be7,b8,n13,o15,f17
0.000000e+00,1.008742e+02,1.489567e+02,3.562290e-01,0.000000e+00,0.000000e+00,0.000000e+00,0.000000e+00,0.000000e+00,0.000000e+00,0.000000e+00,0.000000e+00
1.000000e-03,1.008649e+02,1.489395e+02,3.562740e-01,2.049680e-03,3.219250e-03,8.633480e-04,1.008060e-02,2.510540e-02,1.513760e-02,2.116300e-02,2.316000e-02
2.000000e-03,1.008510e+02,1.489121e+02,3.563400e-01,8.183710e-03,1.285250e-02,3.448350e-03,4.023000e-02,1.001200e-01,6.041230e-02,8.445940e-02,9.244660e-02
3.000000e-03,1.008254e+02,1.488573e+02,3.564790e-01,1.840620e-02,2.890010e-02,7.760020e-03,9.039030e-02,2.247000e-01,1.356270e-01,1.896130e-01,2.075390e-01
4.000000e-03,1.007883e+02,1.487819e+02,3.566810e-01,3.270710e-02,5.133720e-02,1.379980e-02,1.603890e-01,3.980840e-01,2.403280e-01,3.359910e-01,3.677260e-01
5.000000e-03,1.007395e+02,1.486791e+02,3.569420e-01,5.107400e-02,8.013150e-02,2.157040e-02,2.499940e-01,6.192290e-01,3.739040e-01,5.227340e-01,5.720410e-01
6.000000e-03,1.006816e+02,1.485594e+02,3.572620e-01,7.349080e-02,1.152420e-01,3.107540e-02,3.589040e-01,8.868110e-01,5.355740e-01,7.487560e-01,8.192560e-01
7.000000e-03,1.006121e+02,1.484158e+02,3.576410e-01,9.993730e-02,1.566160e-01,4.231820e-02,4.867530e-01,1.199220e+00,7.243930e-01,1.012730e+00,1.107890e+00
8.000000e-03,1.005333e+02,1.482518e+02,3.580770e-01,1.303990e-01,2.042090e-01,5.530750e-02,6.331550e-01,1.554690e+00,9.393330e-01,1.313230e+00,1.436320e+00
9.000000e-03,1.004431e+02,1.480642e+02,3.585710e-01,1.648440e-01,2.579430e-01,7.004620e-02,7.976030e-01,1.951050e+00,1.179130e+00,1.648470e+00,1.802550e+00
1.000000e-02,1.003437e+02,1.478564e+02,3.591220e-01,2.032430e-01,3.177430e-01,8.654070e-02,9.795550e-01,2.385960e+00,1.442410e+00,2.016550e+00,2.204430e+00
1.100000e-02,1.002328e+02,1.476284e+02,3.597310e-01,2.455740e-01,3.835400e-01,1.048020e-01,1.178460e+00,2.856980e+00,1.727770e+00,2.415500e+00,2.639730e+00
1.200000e-02,1.001129e+02,1.473771e+02,3.603960e-01,2.917860e-01,4.552210e-01,1.248310e-01,1.393600e+00,3.361210e+00,2.033510e+00,2.842930e+00,3.105790e+00
1.300000e-02,9.998158e+01,1.471059e+02,3.611170e-01,3.418520e-01,5.327020e-01,1.466420e-01,1.624310e+00,3.895840e+00,2.358010e+00,3.296600e+00,3.600050e+00
1.400000e-02,9.984125e+01,1.468149e+02,3.618950e-01,3.957090e-01,6.158450e-01,1.702310e-01,1.869780e+00,4.457570e+00,2.699360e+00,3.773820e+00,4.119470e+00
1.500000e-02,9.969193e+01,1.465042e+02,3.627270e-01,4.533490e-01,7.045920e-01,1.956270e-01,2.129380e+00,5.043620e+00,3.055960e+00,4.272360e+00,4.661560e+00
1.600000e-02,9.952908e+01,1.461706e+02,3.636150e-01,5.146660e-01,7.987320e-01,2.228100e-01,2.401990e+00,5.650020e+00,3.425510e+00,4.789010e+00,5.222680e+00
1.700000e-02,9.935964e+01,1.458210e+02,3.645570e-01,5.796650e-01,8.982210e-01,2.518150e-01,2.687020e+00,6.273990e+00,3.806420e+00,5.321550e+00,5.800310e+00
1.800000e-02,9.917906e+01,1.454488e+02,3.655530e-01,6.482510e-01,1.002860e+00,2.826330e-01,2.983370e+00,6.911630e+00,4.196450e+00,5.866850e+00,6.390920e+00
1.900000e-02,9.898970e+01,1.450608e+02,3.666020e-01,7.203730e-01,1.112530e+00,3.152770e-01,3.290140e+00,7.559490e+00,4.593680e+00,6.422150e+00,6.991420e+00
2.000000e-02,9.879160e+01,1.446505e+02,3.677050e-01,7.959310e-01,1.227000e+00,3.497350e-01,3.606190e+00,8.213680e+00,4.995770e+00,6.984300e+00,7.598270e+00
2.100000e-02,9.858481e+01,1.442248e+02,3.688590e-01,8.748980e-01,1.346180e+00,3.860330e-01,3.930690e+00,8.871050e+00,5.401000e+00,7.550860e+00,8.208630e+00
2.200000e-02,9.836713e+01,1.437772e+02,3.700660e-01,9.571890e-01,1.469880e+00,4.241730e-01,4.262550e+00,9.528030e+00,5.807330e+00,8.118900e+00,8.819260e+00
2.300000e-02,9.814315e+01,1.433178e+02,3.713220e-01,1.042750e+00,1.597980e+00,4.641690e-01,4.600890e+00,1.018130e+01,6.212910e+00,8.685930e+00,9.427300e+00
2.400000e-02,9.791066e+01,1.428401e+02,3.726290e-01,1.131460e+00,1.730200e+00,5.060010e-01,4.944360e+00,1.082700e+01,6.615470e+00,9.248690e+00,1.002920e+01
2.500000e-02,9.766524e+01,1.423410e+02,3.739860e-01,1.223220e+00,1.866330e+00,5.496650e-01,5.291880e+00,1.146180e+01,7.013100e+00,9.804600e+00,1.062190e+01
2.600000e-02,9.741145e+01,1.418306e+02,3.753920e-01,1.317960e+00,2.006240e+00,5.951740e-01,5.642470e+00,1.208260e+01,7.404120e+00,1.035130e+01,1.120290e+01
2.700000e-02,9.715608e+01,1.413026e+02,3.768450e-01,1.415650e+00,2.149790e+00,6.425550e-01,5.995310e+00,1.268700e+01,7.787140e+00,1.088680e+01,1.176990e+01
2.800000e-02,9.688577e+01,1.407570e+02,3.783450e-01,1.516080e+00,2.296600e+00,6.917510e-01,6.348810e+00,1.327100e+01,8.159830e+00,1.140780e+01,1.231920e+01
2.900000e-02,9.660954e+01,1.401974e+02,3.798920e-01,1.619220e+00,2.446560e+00,7.427870e-01,6.702230e+00,1.383240e+01,8.521030e+00,1.191280e+01,1.284910e+01
3.000000e-02,9.632744e+01,1.396272e+02,3.814860e-01,1.724930e+00,2.599430e+00,7.956430e-01,7.054360e+00,1.436860e+01,8.869130e+00,1.239950e+01,1.335710e+01
3.100000e-02,9.603510e+01,1.390369e+02,3.831230e-01,1.833100e+00,2.754940e+00,8.503060e-01,7.404090e+00,1.487690e+01,9.202660e+00,1.286580e+01,1.384100e+01
3.200000e-02,9.573925e+01,1.384363e+02,3.848040e-01,1.943680e+00,2.912980e+00,9.067940e-01,7.750690e+00,1.535590e+01,9.520690e+00,1.331050e+01,1.429940e+01
3.300000e-02,9.543112e+01,1.378193e+02,3.865290e-01,2.056480e+00,3.073190e+00,9.650580e-01,8.092840e+00,1.580300e+01,9.821800e+00,1.373140e+01,1.472990e+01
3.400000e-02,9.511960e+01,1.371924e+02,3.882940e-01,2.171410e+00,3.235420e+00,1.025100e+00,8.429740e+00,1.621670e+01,1.010510e+01,1.412750e+01,1.513130e+01
3.500000e-02,9.479818e+01,1.365526e+02,3.901020e-01,2.288380e+00,3.399420e+00,1.086910e+00,8.760470e+00,1.659560e+01,1.036970e+01,1.449750e+01,1.550250e+01
3.600000e-02,9.447132e+01,1.359002e+02,3.919500e-01,2.407170e+00,3.564850e+00,1.150430e+00,9.083750e+00,1.693790e+01,1.061440e+01,1.483950e+01,1.584140e+01
3.700000e-02,9.413909e+01,1.352384e+02,3.938370e-01,2.527730e+00,3.731570e+00,1.215660e+00,9.399140e+00,1.724330e+01,1.083910e+01,1.515370e+01,1.614820e+01
3.800000e-02,9.379939e+01,1.345612e+02,3.957620e-01,2.649890e+00,3.899290e+00,1.282560e+00,9.705540e+00,1.751060e+01,1.104300e+01,1.543870e+01,1.642160e+01
3.900000e-02,9.345230e+01,1.338782e+02,3.977250e-01,2.773540e+00,4.067770e+00,1.351120e+00,1.000220e+01,1.773940e+01,1.122550e+01,1.569390e+01,1.666100e+01
4.000000e-02,9.310221e+01,1.331834e+02,3.997230e-01,2.898550e+00,4.236790e+00,1.421310e+00,1.028850e+01,1.792940e+01,1.138670e+01,1.591940e+01,1.686650e+01
4.100000e-02,9.274489e+01,1.324769e+02,4.017580e-01,3.024700e+00,4.405960e+00,1.493040e+00,1.056350e+01,1.808010e+01,1.152580e+01,1.611390e+01,1.703700e+01
4.200000e-02,9.238043e+01,1.317589e+02,4.038280e-01,3.151840e+00,4.575010e+00,1.566280e+00,1.082640e+01,1.819160e+01,1.164300e+01,1.627780e+01,1.717320e+01
4.300000e-02,9.200893e+01,1.310358e+02,4.059290e-01,3.279990e+00,4.743960e+00,1.641070e+00,1.107710e+01,1.826530e+01,1.173890e+01,1.641190e+01,1.727580e+01
4.400000e-02,9.163260e+01,1.302987e+02,4.080640e-01,3.408710e+00,4.912120e+00,1.717210e+00,1.131430e+01,1.829980e+01,1.181230e+01,1.651450e+01,1.734350e+01
4.500000e-02,9.125360e+01,1.295597e+02,4.102300e-01,3.538170e+00,5.079760e+00,1.794820e+00,1.153840e+01,1.829790e+01,1.186490e+01,1.658810e+01,1.737910e+01
4.600000e-02,9.086570e+01,1.288101e+02,4.124240e-01,3.668220e+00,5.246590e+00,1.873840e+00,1.174910e+01,1.826040e+01,1.189690e+01,1.663290e+01,1.738270e+01
4.700000e-02,9.047529e+01,1.280531e+02,4.146490e-01,3.798290e+00,5.411770e+00,1.954010e+00,1.194440e+01,1.818610e+01,1.190720e+01,1.664730e+01,1.735310e+01
4.800000e-02,9.008034e+01,1.272917e+02,4.169020e-01,3.928700e+00,5.575780e+00,2.035510e+00,1.212580e+01,1.807880e+01,1.189800e+01,1.663460e+01,1.729390e+01
4.900000e-02,8.968091e+01,1.265202e+02,4.191810e-01,4.059130e+00,5.738090e+00,2.118200e+00,1.229230e+01,1.793890e+01,1.186940e+01,1.659460e+01,1.720540e+01
5.000000e-02,8.927914e+01,1.257477e+02,4.214870e-01,4.189440e+00,5.898540e+00,2.202020e+00,1.244370e+01,1.776780e+01,1.182180e+01,1.652810e+01,1.708830e+01
5.100000e-02,8.886894e+01,1.249683e+02,4.238170e-01,4.319630e+00,6.057080e+00,2.286990e+00,1.258030e+01,1.756780e+01,1.175640e+01,1.643680e+01,1.694480e+01
5.200000e-02,8.845655e+01,1.241824e+02,4.261710e-01,4.449140e+00,6.212950e+00,2.372820e+00,1.270080e+01,1.733880e+01,1.167290e+01,1.632020e+01,1.677450e+01
5.300000e-02,8.804202e+01,1.233929e+02,4.285480e-01,4.578270e+00,6.366550e+00,2.459680e+00,1.280660e+01,1.708450e+01,1.157320e+01,1.618080e+01,1.658060e+01
5.400000e-02,8.762338e+01,1.225999e+02,4.309480e-01,4.706730e+00,6.517480e+00,2.547450e+00,1.289690e+01,1.680580e+01,1.145760e+01,1.601930e+01,1.636370e+01
5.500000e-02,8.720271e+01,1.218008e+02,4.333690e-01,4.834300e+00,6.665390e+00,2.635990e+00,1.297170e+01,1.650450e+01,1.132680e+01,1.583650e+01,1.612510e+01
5.600000e-02,8.677607e+01,1.210013e+02,4.358090e-01,4.960770e+00,6.810110e+00,2.725200e+00,1.303120e+01,1.618230e+01,1.118210e+01,1.563430e+01,1.586680e+01
5.700000e-02,8.634755e+01,1.201960e+02,4.382680e-01,5.086350e+00,6.951840e+00,2.815210e+00,1.307620e+01,1.584220e+01,1.102450e+01,1.541400e+01,1.559060e+01
5.800000e-02,8.591520e+01,1.193906e+02,4.407450e-01,5.210400e+00,7.089770e+00,2.905650e+00,1.310560e+01,1.548450e+01,1.085420e+01,1.517610e+01,1.529700e+01
5.900000e-02,8.548305e+01,1.185796e+02,4.432370e-01,5.333230e+00,7.224340e+00,2.996700e+00,1.312090e+01,1.511240e+01,1.067320e+01,1.492300e+01,1.498900e+01
6.000000e-02,8.504720e+01,1.177714e+02,4.457470e-01,5.454450e+00,7.355030e+00,3.088140e+00,1.312160e+01,1.472700e+01,1.048160e+01,1.465530e+01,1.466710e+01
6.100000e-02,8.460772e+01,1.169580e+02,4.482710e-01,5.574050e+00,7.481840e+00,3.179950e+00,1.310820e+01,1.433060e+01,1.028050e+01,1.437430e+01,1.433300e+01
6.200000e-02,8.416470e+01,1.161422e+02,4.508090e-01,5.691870e+00,7.604610e+00,3.272050e+00,1.308120e+01,1.392480e+01,1.007110e+01,1.408170e+01,1.398860e+01
6.300000e-02,8.371822e+01,1.153267e+02,4.533600e-01,5.807720e+00,7.723140e+00,3.364310e+00,1.304070e+01,1.351120e+01,9.854030e+00,1.377830e+01,1.363490e+01
6.400000e-02,8.327603e+01,1.145117e+02,4.559230e-01,5.921800e+00,7.837680e+00,3.456830e+00,1.298770e+01,1.309220e+01,9.630660e+00,1.346610e+01,1.327400e+01
6.500000e-02,8.282854e+01,1.136946e+02,4.584960e-01,6.033550e+00,7.947520e+00,3.549290e+00,1.292190e+01,1.266850e+01,9.401350e+00,1.314570e+01,1.290670e+01
6.600000e-02,8.237966e+01,1.128782e+02,4.610810e-01,6.143070e+00,8.052900e+00,3.641710e+00,1.284400e+01,1.224210e+01,9.167130e+00,1.281830e+01,1.253450e+01
6.700000e-02,8.192567e+01,1.120573e+02,4.636740e-01,6.250170e+00,8.153560e+00,3.733990e+00,1.275440e+01,1.181420e+01,8.928720e+00,1.248510e+01,1.215850e+01
6.800000e-02,8.147418e+01,1.112423e+02,4.662750e-01,6.354940e+00,8.249710e+00,3.826130e+00,1.265390e+01,1.138670e+01,8.687250e+00,1.214770e+01,1.178040e+01
6.900000e-02,8.101958e+01,1.104231e+02,4.688840e-01,6.457090e+00,8.341010e+00,3.917960e+00,1.254270e+01,1.096060e+01,8.443230e+00,1.180660e+01,1.140110e+01
7.000000e-02,8.056567e+01,1.096074e+02,4.714990e-01,6.556490e+00,8.427310e+00,4.009380e+00,1.242110e+01,1.053690e+01,8.197280e+00,1.146290e+01,1.102140e+01
7.100000e-02,8.010876e+01,1.087928e+02,4.741190e-01,6.653310e+00,8.508980e+00,4.100470e+00,1.229040e+01,1.011740e+01,7.950620e+00,1.111820e+01,1.064310e+01
7.200000e-02,7.965261e+01,1.079792e+02,4.767440e-01,6.747120e+00,8.585410e+00,4.190900e+00,1.215020e+01,9.702360e+00,7.703340e+00,1.077260e+01,1.026640e+01
7.300000e-02,7.919176e+01,1.071667e+02,4.793730e-01,6.838380e+00,8.657300e+00,4.280980e+00,1.200220e+01,9.293740e+00,7.456760e+00,1.042800e+01,9.893090e+00
7.400000e-02,7.873177e+01,1.063555e+02,4.820040e-01,6.926090e+00,8.723390e+00,4.370030e+00,1.184530e+01,8.891150e+00,7.210500e+00,1.008380e+01,9.522790e+00
7.500000e-02,7.827264e+01,1.055456e+02,4.846370e-01,7.011370e+00,8.785340e+00,4.458730e+00,1.168210e+01,8.496870e+00,6.966340e+00,9.742560e+00,9.157800e+00
7.600000e-02,7.781261e+01,1.047394e+02,4.872700e-01,7.092960e+00,8.841420e+00,4.546250e+00,1.151100e+01,8.110150e+00,6.723580e+00,9.403330e+00,8.797320e+00
7.700000e-02,7.735172e+01,1.039346e+02,4.899040e-01,7.171850e+00,8.893030e+00,4.633180e+00,1.133440e+01,7.732860e+00,6.483780e+00,9.068170e+00,8.443290e+00
7.800000e-02,7.688825e+01,1.031288e+02,4.925380e-01,7.247220e+00,8.939220e+00,4.718960e+00,1.115150e+01,7.364640e+00,6.246590e+00,8.736720e+00,8.095390e+00
7.900000e-02,7.642756e+01,1.023293e+02,4.951700e-01,7.319420e+00,8.980450e+00,4.803790e+00,1.096350e+01,7.006380e+00,6.012780e+00,8.409910e+00,7.754480e+00
8.000000e-02,7.596438e+01,1.015313e+02,4.977990e-01,7.388090e+00,9.016460e+00,4.887380e+00,1.077060e+01,6.658280e+00,5.782490e+00,8.088070e+00,7.420810e+00
8.100000e-02,7.550227e+01,1.007349e+02,5.004250e-01,7.453300e+00,9.047320e+00,4.969750e+00,1.057330e+01,6.320690e+00,5.556130e+00,7.771740e+00,7.094920e+00
8.200000e-02,7.504124e+01,9.994475e+01,5.030480e-01,7.515590e+00,9.073690e+00,5.051210e+00,1.037290e+01,5.994370e+00,5.334400e+00,7.461830e+00,6.777650e+00
8.300000e-02,7.457616e+01,9.915395e+01,5.056650e-01,7.574000e+00,9.094670e+00,5.131070e+00,1.016870e+01,5.678760e+00,5.116870e+00,7.157810e+00,6.468430e+00
8.400000e-02,7.411566e+01,9.836939e+01,5.082770e-01,7.629170e+00,9.110940e+00,5.209730e+00,9.962030e+00,5.374540e+00,4.904340e+00,6.860760e+00,6.168160e+00
8.500000e-02,7.365123e+01,9.758656e+01,5.108820e-01,7.680850e+00,9.122420e+00,5.286970e+00,9.753040e+00,5.081530e+00,4.696730e+00,6.570640e+00,5.876700e+00
8.600000e-02,7.318802e+01,9.680549e+01,5.134800e-01,7.728630e+00,9.128550e+00,5.362460e+00,9.541700e+00,4.799590e+00,4.494120e+00,6.287420e+00,5.594000e+00
8.700000e-02,7.272772e+01,9.603289e+01,5.160710e-01,7.773350e+00,9.130440e+00,5.436730e+00,9.329470e+00,4.529170e+00,4.297090e+00,6.012090e+00,5.320710e+00
8.800000e-02,7.226533e+01,9.525987e+01,5.186530e-01,7.814390e+00,9.127580e+00,5.509330e+00,9.116050e+00,4.269890e+00,4.105490e+00,5.744300e+00,5.056550e+00
8.900000e-02,7.180423e+01,9.449090e+01,5.212260e-01,7.851960e+00,9.120060e+00,5.580310e+00,8.902040e+00,4.021720e+00,3.919490e+00,5.484340e+00,4.801590e+00
9.000000e-02,7.134442e+01,9.372598e+01,5.237880e-01,7.885790e+00,9.107890e+00,5.649460e+00,8.687550e+00,3.784380e+00,3.739040e+00,5.232140e+00,4.555760e+00
9.100000e-02,7.088429e+01,9.296725e+01,5.263410e-01,7.916310e+00,9.091360e+00,5.717030e+00,8.473370e+00,3.557940e+00,3.564340e+00,4.987970e+00,4.319220e+00
9.200000e-02,7.042389e+01,9.221042e+01,5.288820e-01,7.943090e+00,9.070320e+00,5.782670e+00,8.259370e+00,3.341960e+00,3.395230e+00,4.751610e+00,4.091660e+00
9.300000e-02,6.996486e+01,9.145764e+01,5.314120e-01,7.966660e+00,9.045300e+00,5.846700e+00,8.046450e+00,3.136470e+00,3.231940e+00,4.523380e+00,3.873270e+00
9.400000e-02,6.950563e+01,9.070892e+01,5.339300e-01,7.986280e+00,9.015550e+00,5.908520e+00,7.834110e+00,2.940870e+00,3.074120e+00,4.302800e+00,3.663580e+00
9.500000e-02,6.905100e+01,8.996633e+01,5.364340e-01,8.002900e+00,8.982280e+00,5.968790e+00,7.623580e+00,2.755300e+00,2.922130e+00,4.090380e+00,3.462880e+00
9.600000e-02,6.859145e+01,8.922365e+01,5.389260e-01,8.015950e+00,8.944840e+00,6.027020e+00,7.414530e+00,2.579250e+00,2.775700e+00,3.885710e+00,3.270760e+00
9.700000e-02,6.813653e+01,8.848915e+01,5.414030e-01,8.025620e+00,8.903550e+00,6.083320e+00,7.207350e+00,2.412440e+00,2.634800e+00,3.688770e+00,3.087040e+00
9.800000e-02,6.768150e+01,8.775866e+01,5.438660e-01,8.031790e+00,8.858340e+00,6.137530e+00,7.002150e+00,2.254550e+00,2.499330e+00,3.499420e+00,2.911550e+00
9.900000e-02,6.722797e+01,8.703221e+01,5.463150e-01,8.034510e+00,8.809420e+00,6.189640e+00,6.799190e+00,2.105280e+00,2.369230e+00,3.317580e+00,2.744100e+00
1.000000e-01,6.677594e+01,8.630978e+01,5.487470e-01,8.034670e+00,8.757700e+00,6.240260e+00,6.599350e+00,1.964530e+00,2.244650e+00,3.143450e+00,2.584730e+00
1.010000e-01,6.632389e+01,8.559137e+01,5.511650e-01,8.030760e+00,8.701720e+00,6.288160e+00,6.401640e+00,1.831630e+00,2.125090e+00,2.976330e+00,2.432790e+00
1.020000e-01,6.587187e+01,8.487895e+01,5.535680e-01,8.024130e+00,8.642870e+00,6.334420e+00,6.206920e+00,1.706370e+00,2.010600e+00,2.816310e+00,2.288220e+00
1.030000e-01,6.542293e+01,8.417052e+01,5.559520e-01,8.014270e+00,8.580790e+00,6.378470e+00,6.015390e+00,1.588590e+00,1.901190e+00,2.663390e+00,2.150940e+00
1.040000e-01,6.497406e+01,8.346608e+01,5.583220e-01,8.001210e+00,8.515490e+00,6.420370e+00,5.826720e+00,1.477710e+00,1.796500e+00,2.517050e+00,2.020430e+00
1.050000e-01,6.452678e+01,8.276563e+01,5.606710e-01,7.984880e+00,8.447090e+00,6.459920e+00,5.641420e+00,1.373650e+00,1.696620e+00,2.377440e+00,1.896730e+00
1.060000e-01,6.407963e+01,8.206916e+01,5.630070e-01,7.965980e+00,8.376210e+00,6.497730e+00,5.459540e+00,1.275930e+00,1.601270e+00,2.244160e+00,1.779400e+00
1.070000e-01,6.363558e+01,8.138043e+01,5.653220e-01,7.943880e+00,8.302420e+00,6.533100e+00,5.281260e+00,1.184420e+00,1.510450e+00,2.117210e+00,1.668410e+00
1.080000e-01,6.319024e+01,8.069377e+01,5.676210e-01,7.919220e+00,8.226260e+00,6.566640e+00,5.106450e+00,1.098610e+00,1.423860e+00,1.996170e+00,1.563280e+00
1.090000e-01,6.274802e+01,8.001290e+01,5.698990e-01,7.891360e+00,8.147340e+00,6.597660e+00,4.935280e+00,1.018370e+00,1.341470e+00,1.881000e+00,1.463940e+00
1.100000e-01,6.230889e+01,7.933595e+01,5.721600e-01,7.861130e+00,8.066380e+00,6.626860e+00,4.767860e+00,9.433250e-01,1.263090e+00,1.771440e+00,1.370070e+00
1.110000e-01,6.186713e+01,7.866291e+01,5.744020e-01,7.827930e+00,7.982930e+00,6.653660e+00,4.604090e+00,8.732200e-01,1.188590e+00,1.667310e+00,1.281450e+00
1.120000e-01,6.142993e+01,7.799558e+01,5.766220e-01,7.792390e+00,7.897640e+00,6.678490e+00,4.444290e+00,8.078330e-01,1.117920e+00,1.568520e+00,1.197930e+00
1.130000e-01,6.099300e+01,7.733392e+01,5.788250e-01,7.754290e+00,7.810350e+00,6.701200e+00,4.288270e+00,7.468470e-01,1.050860e+00,1.474770e+00,1.119190e+00
1.140000e-01,6.055639e+01,7.667433e+01,5.810070e-01,7.713400e+00,7.720850e+00,6.721470e+00,4.135870e+00,6.899760e-01,9.872250e-01,1.385810e+00,1.044960e+00
1.150000e-01,6.012291e+01,7.602037e+01,5.831690e-01,7.670360e+00,7.629850e+00,6.739860e+00,3.987450e+00,6.370560e-01,9.269780e-01,1.301600e+00,9.751380e-01
1.160000e-01,5.968978e+01,7.537199e+01,5.853090e-01,7.625300e+00,7.537560e+00,6.756290e+00,3.843160e+00,5.879000e-01,8.700320e-01,1.221990e+00,9.095760e-01
1.170000e-01,5.925841e+01,7.472742e+01,5.874320e-01,7.577740e+00,7.443440e+00,6.770510e+00,3.702340e+00,5.421130e-01,8.160290e-01,1.146500e+00,8.478310e-01
1.180000e-01,5.882880e+01,7.408666e+01,5.895320e-01,7.528040e+00,7.347980e+00,6.782590e+00,3.565530e+00,4.996370e-01,7.650210e-01,1.075190e+00,7.899080e-01
1.190000e-01,5.840096e+01,7.345308e+01,5.916100e-01,7.476310e+00,7.251320e+00,6.792630e+00,3.432590e+00,4.602400e-01,7.168570e-01,1.007860e+00,7.355890e-01
1.200000e-01,5.797623e+01,7.282156e+01,5.936670e-01,7.422440e+00,7.153360e+00,6.800530e+00,3.303300e+00,4.236710e-01,6.713330e-01,9.442210e-01,6.845990e-01
1.210000e-01,5.754929e+01,7.219548e+01,5.957050e-01,7.366700e+00,7.054370e+00,6.806480e+00,3.177770e+00,3.897780e-01,6.283840e-01,8.841550e-01,6.368120e-01
1.220000e-01,5.712550e+01,7.157313e+01,5.977210e-01,7.308840e+00,6.954190e+00,6.810180e+00,3.055850e+00,3.583840e-01,5.878780e-01,8.274820e-01,5.920370e-01
1.230000e-01,5.670352e+01,7.095614e+01,5.997150e-01,7.249880e+00,6.853830e+00,6.812490e+00,2.937910e+00,3.293720e-01,5.498140e-01,7.741600e-01,5.501960e-01
1.240000e-01,5.628465e+01,7.034448e+01,6.016850e-01,7.188660e+00,6.752220e+00,6.812300e+00,2.823410e+00,3.025290e-01,5.140300e-01,7.238940e-01,5.110300e-01
1.250000e-01,5.586503e+01,6.973487e+01,6.036370e-01,7.125640e+00,6.649700e+00,6.810060e+00,2.712300e+00,2.776880e-01,4.804900e-01,6.765100e-01,4.743690e-01
1.260000e-01,5.544725e+01,6.913214e+01,6.055630e-01,7.061480e+00,6.547080e+00,6.806230e+00,2.605000e+00,2.547960e-01,4.493730e-01,6.320280e-01,4.401900e-01
1.270000e-01,5.503133e+01,6.853146e+01,6.074700e-01,6.995330e+00,6.443500e+00,6.800030e+00,2.500920e+00,2.336390e-01,4.207070e-01,5.901340e-01,4.082310e-01
1.280000e-01,5.461727e+01,6.793757e+01,6.093540e-01,6.928200e+00,6.339940e+00,6.792380e+00,2.400370e+00,2.141360e-01,3.949390e-01,5.507920e-01,3.784300e-01
1.290000e-01,5.420508e+01,6.734417e+01,6.112170e-01,6.859400e+00,6.235830e+00,6.782590e+00,2.303060e+00,1.961520e-01,3.726230e-01,5.138150e-01,3.506230e-01
1.300000e-01,5.379600e+01,6.675903e+01,6.130550e-01,6.789870e+00,6.132050e+00,6.771440e+00,2.209250e+00,1.796160e-01,3.546520e-01,4.791660e-01,3.247540e-01
1.310000e-01,5.338509e+01,6.617745e+01,6.148720e-01,6.718650e+00,6.027670e+00,6.758020e+00,2.118440e+00,1.643730e-01,3.423850e-01,4.465990e-01,3.006240e-01
1.320000e-01,5.297854e+01,6.559942e+01,6.166700e-01,6.646440e+00,5.923400e+00,6.743060e+00,2.030760e+00,1.503420e-01,3.372700e-01,4.160350e-01,2.781500e-01
1.330000e-01,5.257267e+01,6.502644e+01,6.184410e-01,6.573530e+00,5.819520e+00,6.726620e+00,1.946330e+00,1.374650e-01,3.421230e-01,3.874210e-01,2.572770e-01
1.340000e-01,5.216990e+01,6.445699e+01,6.201930e-01,6.499190e+00,5.715350e+00,6.708090e+00,1.864710e+00,1.256150e-01,3.597990e-01,3.605460e-01,2.378380e-01
1.350000e-01,5.176664e+01,6.389105e+01,6.219230e-01,6.424090e+00,5.611510e+00,6.688070e+00,1.786010e+00,1.147290e-01,3.937660e-01,3.353370e-01,2.197650e-01
1.360000e-01,5.136769e+01,6.333153e+01,6.236280e-01,6.348160e+00,5.508000e+00,6.666360e+00,1.710260e+00,1.047510e-01,4.464820e-01,3.117310e-01,2.030010e-01
1.370000e-01,5.096828e+01,6.277547e+01,6.253140e-01,6.271560e+00,5.404910e+00,6.643240e+00,1.637230e+00,9.558870e-02,5.237790e-01,2.895640e-01,1.874200e-01
1.380000e-01,5.057198e+01,6.222430e+01,6.269760e-01,6.194520e+00,5.302480e+00,6.618760e+00,1.567010e+00,8.720060e-02,6.304510e-01,2.687940e-01,1.729820e-01
1.390000e-01,5.017646e+01,6.167512e+01,6.286160e-01,6.116460e+00,5.200190e+00,6.592470e+00,1.499300e+00,7.950240e-02,7.685810e-01,2.492670e-01,1.595720e-01
1.400000e-01,4.978402e+01,6.113079e+01,6.302350e-01,6.037900e+00,5.098510e+00,6.564700e+00,1.434180e+00,7.245760e-02,9.430020e-01,2.309390e-01,1.471480e-01
1.410000e-01,4.939239e+01,6.059266e+01,6.318320e-01,5.958940e+00,4.997550e+00,6.535620e+00,1.371570e+00,6.600990e-02,1.154210e+00,2.137240e-01,1.356400e-01
1.420000e-01,4.900157e+01,6.005511e+01,6.334090e-01,5.879410e+00,4.897080e+00,6.505030e+00,1.311290e+00,6.010390e-02,1.405240e+00,1.975220e-01,1.249690e-01
1.430000e-01,4.861497e+01,5.952508e+01,6.349610e-01,5.799660e+00,4.797550e+00,6.473190e+00,1.253470e+00,5.471290e-02,1.697640e+00,1.823110e-01,1.151090e-01
1.440000e-01,4.822808e+01,5.899701e+01,6.364960e-01,5.720370e+00,4.699340e+00,6.440990e+00,1.197990e+00,4.978430e-02,2.028410e+00,1.680070e-01,1.059860e-01
1.450000e-01,4.784318e+01,5.847228e+01,6.380070e-01,5.638140e+00,4.599800e+00,6.404440e+00,1.144210e+00,4.526510e-02,2.393070e+00,1.544970e-01,9.751200e-02
1.460000e-01,4.746243e+01,5.795354e+01,6.394980e-01,5.558070e+00,4.503050e+00,6.369250e+00,1.093050e+00,4.115810e-02,2.787570e+00,1.418690e-01,8.972040e-02
1.470000e-01,4.708147e+01,5.743677e+01,6.409680e-01,5.478900e+00,4.408040e+00,6.334170e+00,1.044130e+00,3.741460e-02,3.212290e+00,1.300180e-01,8.253300e-02
1.480000e-01,4.670249e+01,5.692460e+01,6.424180e-01,5.398230e+00,4.312850e+00,6.296270e+00,9.969400e-01,3.399160e-02,3.652300e+00,1.188760e-01,7.587700e-02
1.490000e-01,4.632549e+01,5.641700e+01,6.438470e-01,5.317060e+00,4.218260e+00,6.256730e+00,9.515770e-01,3.086640e-02,4.106070e+00,1.084170e-01,6.972410e-02
1.500000e-01,4.594942e+01,5.591135e+01,6.452560e-01,5.236790e+00,4.125390e+00,6.217160e+00,9.082280e-01,2.802250e-02,4.562650e+00,9.865280e-02,6.405720e-02
1.510000e-01,4.557640e+01,5.541151e+01,6.466430e-01,5.155110e+00,4.032440e+00,6.174710e+00,8.664680e-01,2.542740e-02,5.009850e+00,8.952890e-02,5.881960e-02
1.520000e-01,4.520433e+01,5.491361e+01,6.480120e-01,5.073880e+00,3.940800e+00,6.131720e+00,8.264690e-01,2.306340e-02,5.444450e+00,8.103270e-02,5.398990e-02
1.530000e-01,4.483426e+01,5.442018e+01,6.493610e-01,4.992860e+00,3.850380e+00,6.087760e+00,7.881840e-01,2.091350e-02,5.860200e+00,7.314680e-02,4.954300e-02
1.540000e-01,4.446517e+01,5.393119e+01,6.506890e-01,4.913360e+00,3.762100e+00,6.044480e+00,7.517280e-01,1.896300e-02,6.248650e+00,6.586920e-02,4.545990e-02
1.550000e-01,4.409913e+01,5.344536e+01,6.519970e-01,4.833100e+00,3.674220e+00,5.999110e+00,7.166730e-01,1.718510e-02,6.601560e+00,5.914170e-02,4.169100e-02
1.560000e-01,4.373408e+01,5.296147e+01,6.532860e-01,4.754410e+00,3.588490e+00,5.954430e+00,6.833100e-01,1.557370e-02,6.917740e+00,5.297210e-02,3.823390e-02
1.570000e-01,4.337106e+01,5.248316e+01,6.545550e-01,4.675530e+00,3.503580e+00,5.908320e+00,6.513050e-01,1.410700e-02,7.189530e+00,4.731320e-02,3.504770e-02
1.580000e-01,4.301006e+01,5.200798e+01,6.558040e-01,4.595610e+00,3.418850e+00,5.859640e+00,6.205070e-01,1.277110e-02,7.414080e+00,4.213570e-02,3.210840e-02
1.590000e-01,4.265009e+01,5.153710e+01,6.570340e-01,4.516550e+00,3.335680e+00,5.810790e+00,5.911090e-01,1.155900e-02,7.592820e+00,3.743090e-02,2.940870e-02
1.600000e-01,4.229315e+01,5.106931e+01,6.582440e-01,4.438460e+00,3.254220e+00,5.761870e+00,5.630860e-01,1.046090e-02,7.724610e+00,3.317740e-02,2.693300e-02
1.610000e-01,4.193629e+01,5.060344e+01,6.594360e-01,4.361250e+00,3.174300e+00,5.712920e+00,5.363330e-01,9.464520e-03,7.810500e+00,2.933870e-02,2.465900e-02
1.620000e-01,4.158340e+01,5.014181e+01,6.606080e-01,4.283590e+00,3.094960e+00,5.661980e+00,5.106640e-01,8.559220e-03,7.849040e+00,2.588450e-02,2.256670e-02
1.630000e-01,4.123158e+01,4.968439e+01,6.617600e-01,4.207070e+00,3.017360e+00,5.611220e+00,4.862160e-01,7.739860e-03,7.845290e+00,2.279660e-02,2.065000e-02
1.640000e-01,4.088180e+01,4.923002e+01,6.628940e-01,4.131060e+00,2.941020e+00,5.559880e+00,4.628480e-01,6.996400e-03,7.800980e+00,2.003930e-02,1.888920e-02
1.650000e-01,4.053405e+01,4.877868e+01,6.640080e-01,4.056190e+00,2.866390e+00,5.508740e+00,4.406030e-01,6.323960e-03,7.720230e+00,1.759220e-02,1.727720e-02
1.660000e-01,4.018741e+01,4.833147e+01,6.651040e-01,3.980020e+00,2.791730e+00,5.454470e+00,4.191710e-01,5.712220e-03,7.601910e+00,1.541790e-02,1.579170e-02
1.670000e-01,3.984281e+01,4.788726e+01,6.661810e-01,3.906960e+00,2.720090e+00,5.403130e+00,3.989500e-01,5.161070e-03,7.458140e+00,1.350430e-02,1.443790e-02
1.680000e-01,3.950117e+01,4.744604e+01,6.672390e-01,3.833490e+00,2.649020e+00,5.349850e+00,3.795560e-01,4.661010e-03,7.285690e+00,1.181800e-02,1.319400e-02
1.690000e-01,3.916066e+01,4.700781e+01,6.682790e-01,3.760020e+00,2.578800e+00,5.295260e+00,3.609870e-01,4.207620e-03,7.089220e+00,1.033560e-02,1.205200e-02
1.700000e-01,3.882308e+01,4.657469e+01,6.693000e-01,3.687860e+00,2.510300e+00,5.241070e+00,3.433290e-01,3.798050e-03,6.874770e+00,9.039310e-03,1.100790e-02
1.710000e-01,3.848664e+01,4.614344e+01,6.703040e-01,3.616630e+00,2.443260e+00,5.186920e+00,3.265050e-01,3.427620e-03,6.645150e+00,7.906850e-03,1.005210e-02
1.720000e-01,3.815136e+01,4.571513e+01,6.712900e-01,3.546650e+00,2.377860e+00,5.133150e+00,3.105040e-01,3.093040e-03,6.404160e+00,6.920350e-03,9.178290e-03
1.730000e-01,3.781900e+01,4.529080e+01,6.722570e-01,3.475880e+00,2.312750e+00,5.076870e+00,2.951260e-01,2.789510e-03,6.151460e+00,6.059350e-03,8.375360e-03
1.740000e-01,3.748867e+01,4.486937e+01,6.732080e-01,3.407790e+00,2.250150e+00,5.023140e+00,2.806110e-01,2.516240e-03,5.895850e+00,5.312240e-03,7.644230e-03
1.750000e-01,3.716037e+01,4.445187e+01,6.741400e-01,3.338960e+00,2.187900e+00,4.966920e+00,2.666710e-01,2.268590e-03,5.634180e+00,4.661990e-03,6.973050e-03
1.760000e-01,3.683409e+01,4.403723e+01,6.750560e-01,3.271430e+00,2.127210e+00,4.911260e+00,2.534170e-01,2.044970e-03,5.371870e+00,4.097430e-03,6.359800e-03
1.770000e-01,3.650901e+01,4.362546e+01,6.759550e-01,3.205080e+00,2.068050e+00,4.855990e+00,2.408210e-01,1.843290e-03,5.110940e+00,3.607850e-03,5.799990e-03
1.780000e-01,3.618595e+01,4.321654e+01,6.768380e-01,3.138000e+00,2.009170e+00,4.798250e+00,2.287080e-01,1.660300e-03,4.850050e+00,3.180920e-03,5.285520e-03
1.790000e-01,3.586493e+01,4.281146e+01,6.777030e-01,3.073420e+00,1.952590e+00,4.742890e+00,2.172900e-01,1.495950e-03,4.595830e+00,2.811500e-03,4.818210e-03
1.800000e-01,3.554594e+01,4.240919e+01,6.785520e-01,3.008470e+00,1.896500e+00,4.685610e+00,2.063360e-01,1.347090e-03,4.345270e+00,2.489070e-03,4.389560e-03
1.810000e-01,3.522897e+01,4.200974e+01,6.793860e-01,2.945620e+00,1.842420e+00,4.630180e+00,1.959900e-01,1.213310e-03,4.103070e+00,2.209020e-03,3.999860e-03
1.820000e-01,3.491323e+01,4.161309e+01,6.802040e-01,2.883590e+00,1.789530e+00,4.574730e+00,1.861340e-01,1.092520e-03,3.867890e+00,1.964580e-03,3.643720e-03
1.830000e-01,3.460031e+01,4.122019e+01,6.810060e-01,2.822230e+00,1.737740e+00,4.518930e+00,1.767460e-01,9.835710e-04,3.640500e+00,1.751010e-03,3.318590e-03
1.840000e-01,3.428941e+01,4.083006e+01,6.817930e-01,2.760720e+00,1.686510e+00,4.461530e+00,1.677480e-01,8.849700e-04,3.420310e+00,1.563280e-03,3.020660e-03
1.850000e-01,3.398052e+01,4.044269e+01,6.825650e-01,2.700950e+00,1.637000e+00,4.405530e+00,1.592430e-01,7.964090e-04,3.210230e+00,1.399080e-03,2.749920e-03
1.860000e-01,3.367208e+01,4.005899e+01,6.833230e-01,2.642950e+00,1.589150e+00,4.351100e+00,1.511950e-01,7.167270e-04,3.010120e+00,1.254810e-03,2.503510e-03
1.870000e-01,3.336645e+01,3.967711e+01,6.840650e-01,2.584600e+00,1.541740e+00,4.294690e+00,1.434750e-01,6.446600e-04,2.818070e+00,1.127000e-03,2.277850e-03
1.880000e-01,3.306283e+01,3.929886e+01,6.847930e-01,2.526560e+00,1.495150e+00,4.237460e+00,1.361020e-01,5.795940e-04,2.634720e+00,1.013750e-03,2.071610e-03
1.890000e-01,3.276122e+01,3.892333e+01,6.855070e-01,2.470400e+00,1.450240e+00,4.182020e+00,1.291440e-01,5.212060e-04,2.461600e+00,9.138010e-04,1.884400e-03
1.900000e-01,3.246161e+01,3.855139e+01,6.862070e-01,2.415690e+00,1.406770e+00,4.127690e+00,1.225570e-01,4.687360e-04,2.298170e+00,8.251500e-04,1.714190e-03
1.910000e-01,3.216326e+01,3.818124e+01,6.868930e-01,2.360970e+00,1.363860e+00,4.071990e+00,1.162500e-01,4.213180e-04,2.142830e+00,7.458350e-04,1.558470e-03
1.920000e-01,3.186691e+01,3.781464e+01,6.875670e-01,2.307030e+00,1.321960e+00,4.016300e+00,1.102500e-01,3.786040e-04,1.996120e+00,6.749540e-04,1.416530e-03
1.930000e-01,3.157330e+01,3.745071e+01,6.882270e-01,2.254200e+00,1.281260e+00,3.961230e+00,1.045580e-01,3.402020e-04,1.858210e+00,6.115290e-04,1.287420e-03
1.940000e-01,3.128095e+01,3.709027e+01,6.888730e-01,2.202580e+00,1.241780e+00,3.906950e+00,9.916440e-02,3.056900e-04,1.728790e+00,5.546890e-04,1.170040e-03
1.950000e-01,3.098989e+01,3.673161e+01,6.895070e-01,2.151950e+00,1.203370e+00,3.853080e+00,9.404500e-02,2.746580e-04,1.607300e+00,5.036450e-04,1.063240e-03
1.960000e-01,3.070224e+01,3.637642e+01,6.901290e-01,2.101260e+00,1.165450e+00,3.797800e+00,8.914290e-02,2.466360e-04,1.492660e+00,4.575010e-04,9.656120e-04
1.970000e-01,3.041585e+01,3.602467e+01,6.907370e-01,2.052210e+00,1.128930e+00,3.744200e+00,8.451660e-02,2.215060e-04,1.385750e+00,4.160000e-04,8.770550e-04
1.980000e-01,3.013075e+01,3.567385e+01,6.913350e-01,2.004460e+00,1.093620e+00,3.691700e+00,8.014020e-02,1.989540e-04,1.286030e+00,3.785830e-04,7.966830e-04
1.990000e-01,2.984833e+01,3.532726e+01,6.919200e-01,1.956820e+00,1.058860e+00,3.638100e+00,7.595610e-02,1.786130e-04,1.192400e+00,3.445950e-04,7.233010e-04
2.000000e-01,2.956719e+01,3.498324e+01,6.924930e-01,1.909780e+00,1.024880e+00,3.584350e+00,7.197330e-02,1.603030e-04,1.104830e+00,3.137490e-04,6.564640e-04
2.010000e-01,2.928802e+01,3.464097e+01,6.930550e-01,1.864470e+00,9.922880e-01,3.532560e+00,6.822340e-02,1.439150e-04,1.023620e+00,2.859050e-04,5.959730e-04
2.020000e-01,2.901082e+01,3.430283e+01,6.936050e-01,1.819910e+00,9.605390e-01,3.480930e+00,6.466090e-02,1.291820e-04,9.479220e-01,2.606110e-04,5.409590e-04
2.030000e-01,2.873624e+01,3.396644e+01,6.941430e-01,1.775660e+00,9.293900e-01,3.428690e+00,6.126090e-02,1.159040e-04,8.771630e-01,2.375430e-04,4.907930e-04
2.040000e-01,2.846230e+01,3.363257e+01,6.946710e-01,1.732460e+00,8.992120e-01,3.377200e+00,5.804140e-02,1.039910e-04,8.114240e-01,2.165940e-04,4.452620e-04
2.050000e-01,2.819097e+01,3.330198e+01,6.951890e-01,1.690320e+00,8.700010e-01,3.326600e+00,5.499350e-02,9.330280e-05,7.504010e-01,1.975550e-04,4.039420e-04
2.060000e-01,2.792158e+01,3.297388e+01,6.956960e-01,1.648860e+00,8.415420e-01,3.276110e+00,5.209730e-02,8.369680e-05,6.936550e-01,1.802030e-04,3.663760e-04
2.070000e-01,2.765413e+01,3.264901e+01,6.961920e-01,1.607860e+00,8.137150e-01,3.225280e+00,4.933950e-02,7.505650e-05,6.408390e-01,1.643610e-04,3.321900e-04
2.080000e-01,2.738861e+01,3.232585e+01,6.966790e-01,1.568150e+00,7.869200e-01,3.175870e+00,4.673710e-02,6.731790e-05,5.919910e-01,1.499630e-04,3.012260e-04
2.090000e-01,2.712439e+01,3.200590e+01,6.971540e-01,1.529190e+00,7.608830e-01,3.126820e+00,4.426830e-02,6.037180e-05,5.466910e-01,1.368370e-04,2.731130e-04
2.100000e-01,2.686210e+01,3.168765e+01,6.976200e-01,1.490650e+00,7.354140e-01,3.077440e+00,4.191590e-02,5.412110e-05,5.045660e-01,1.248300e-04,2.475220e-04
2.110000e-01,2.660174e+01,3.137256e+01,6.980780e-01,1.453220e+00,7.108460e-01,3.029210e+00,3.969360e-02,4.852050e-05,4.656340e-01,1.138990e-04,2.243350e-04
2.120000e-01,2.634390e+01,3.105990e+01,6.985240e-01,1.416640e+00,6.870420e-01,2.981590e+00,3.758970e-02,4.350170e-05,4.296330e-01,1.039390e-04,2.033200e-04
2.130000e-01,2.608735e+01,3.075035e+01,6.989610e-01,1.380690e+00,6.638870e-01,2.934160e+00,3.559190e-02,3.899460e-05,3.962900e-01,9.484060e-05,1.842370e-04
2.140000e-01,2.583271e+01,3.044318e+01,6.993890e-01,1.345400e+00,6.413740e-01,2.886970e+00,3.369500e-02,3.494790e-05,3.654160e-01,8.652930e-05,1.669100e-04
2.150000e-01,2.557997e+01,3.013839e+01,6.998070e-01,1.310840e+00,6.195250e-01,2.840230e+00,3.189630e-02,3.131660e-05,3.368500e-01,7.894000e-05,1.511850e-04
2.160000e-01,2.532911e+01,2.983596e+01,7.002170e-01,1.277070e+00,5.983600e-01,2.794110e+00,3.019270e-02,2.806080e-05,3.104490e-01,7.201490e-05,1.369270e-04
2.170000e-01,2.508014e+01,2.953589e+01,7.006190e-01,1.244140e+00,5.778960e-01,2.748780e+00,2.858150e-02,2.514450e-05,2.860820e-01,6.570110e-05,1.240110e-04
2.180000e-01,2.483362e+01,2.923883e+01,7.010130e-01,1.212020e+00,5.581000e-01,2.704150e+00,2.705700e-02,2.253180e-05,2.635960e-01,5.994320e-05,1.123110e-04
2.190000e-01,2.458838e+01,2.894410e+01,7.013980e-01,1.180490e+00,5.388610e-01,2.659760e+00,2.561020e-02,2.018750e-05,2.428090e-01,5.468220e-05,1.016950e-04
2.200000e-01,2.434557e+01,2.865167e+01,7.017740e-01,1.149510e+00,5.201520e-01,2.615560e+00,2.423620e-02,1.808290e-05,2.235870e-01,4.987230e-05,9.205780e-05
2.210000e-01,2.410405e+01,2.836155e+01,7.021420e-01,1.119230e+00,5.020310e-01,2.571920e+00,2.293480e-02,1.619630e-05,2.058490e-01,4.548220e-05,8.332430e-05
2.220000e-01,2.386437e+01,2.807437e+01,7.025020e-01,1.089710e+00,4.845100e-01,2.528970e+00,2.170360e-02,1.450660e-05,1.895000e-01,4.147850e-05,7.541680e-05
2.230000e-01,2.362653e+01,2.778881e+01,7.028540e-01,1.060900e+00,4.675630e-01,2.486660e+00,2.053850e-02,1.299310e-05,1.744310e-01,3.782670e-05,6.825670e-05
2.240000e-01,2.339053e+01,2.750616e+01,7.031990e-01,1.032770e+00,4.511670e-01,2.444940e+00,1.943570e-02,1.163710e-05,1.605380e-01,3.449480e-05,6.177130e-05
2.250000e-01,2.315634e+01,2.722639e+01,7.035360e-01,1.005310e+00,4.353010e-01,2.403840e+00,1.839200e-02,1.042240e-05,1.477300e-01,3.145460e-05,5.589760e-05
2.260000e-01,2.292451e+01,2.694821e+01,7.038680e-01,9.785060e-01,4.199510e-01,2.363350e+00,1.740400e-02,9.334140e-06,1.359220e-01,2.867980e-05,5.057630e-05
2.270000e-01,2.269342e+01,2.667289e+01,7.041920e-01,9.523660e-01,4.051120e-01,2.323540e+00,1.646950e-02,8.359550e-06,1.250470e-01,2.614910e-05,4.575950e-05
2.280000e-01,2.246467e+01,2.639976e+01,7.045080e-01,9.268030e-01,3.907380e-01,2.284160e+00,1.558420e-02,7.486190e-06,1.150240e-01,2.383950e-05,4.139690e-05
2.290000e-01,2.223822e+01,2.612883e+01,7.048170e-01,9.017190e-01,3.767800e-01,2.245010e+00,1.474380e-02,6.702660e-06,1.057780e-01,2.172920e-05,3.744150e-05
2.300000e-01,2.201355e+01,2.586068e+01,7.051180e-01,8.771750e-01,3.632550e-01,2.206260e+00,1.394740e-02,6.000590e-06,9.725680e-02,1.980300e-05,3.385900e-05
2.310000e-01,2.179064e+01,2.559470e+01,7.054130e-01,8.532390e-01,3.501840e-01,2.168140e+00,1.319430e-02,5.372010e-06,8.941300e-02,1.804660e-05,3.061720e-05
2.320000e-01,2.156900e+01,2.533086e+01,7.057020e-01,8.299380e-01,3.375690e-01,2.130740e+00,1.248260e-02,4.809650e-06,8.219810e-02,1.644600e-05,2.768560e-05
2.330000e-01,2.134961e+01,2.506917e+01,7.059840e-01,8.072780e-01,3.254040e-01,2.094120e+00,1.181020e-02,4.306480e-06,7.556350e-02,1.498750e-05,2.503470e-05
2.340000e-01,2.113197e+01,2.480961e+01,7.062600e-01,7.852140e-01,3.136630e-01,2.058190e+00,1.117470e-02,3.856050e-06,6.946050e-02,1.365820e-05,2.263680e-05
2.350000e-01,2.091607e+01,2.455274e+01,7.065290e-01,7.636460e-01,3.022960e-01,2.022700e+00,1.057280e-02,3.452570e-06,6.384090e-02,1.244520e-05,2.046610e-05
2.360000e-01,2.070189e+01,2.429853e+01,7.067930e-01,7.425210e-01,2.912760e-01,1.987540e+00,1.000220e-02,3.090880e-06,5.866280e-02,1.133780e-05,1.849970e-05
2.370000e-01,2.048944e+01,2.404584e+01,7.070510e-01,7.218790e-01,2.806130e-01,1.952830e+00,9.461780e-03,2.766940e-06,5.389680e-02,1.032760e-05,1.672020e-05
2.380000e-01,2.027869e+01,2.379578e+01,7.073030e-01,7.017580e-01,2.703170e-01,1.918690e+00,8.950720e-03,2.476950e-06,4.951440e-02,9.407020e-06,1.511100e-05
2.390000e-01,2.007012e+01,2.354832e+01,7.075480e-01,6.821510e-01,2.603750e-01,1.885130e+00,8.467460e-03,2.217470e-06,4.548580e-02,8.568240e-06,1.365630e-05
2.400000e-01,1.986278e+01,2.330236e+01,7.077880e-01,6.630440e-01,2.507760e-01,1.852140e+00,8.010340e-03,1.985150e-06,4.178110e-02,7.803700e-06,1.234070e-05
2.410000e-01,1.965758e+01,2.305844e+01,7.080220e-01,6.444260e-01,2.415080e-01,1.819710e+00,7.577960e-03,1.777120e-06,3.837440e-02,7.106770e-06,1.115080e-05
2.420000e-01,1.945360e+01,2.281708e+01,7.082510e-01,6.262880e-01,2.325620e-01,1.787840e+00,7.169080e-03,1.590960e-06,3.524300e-02,6.471770e-06,1.007510e-05
2.430000e-01,1.925218e+01,2.257824e+01,7.084760e-01,6.086200e-01,2.239290e-01,1.756530e+00,6.782450e-03,1.424330e-06,3.236470e-02,5.893160e-06,9.102570e-06
2.440000e-01,1.905197e+01,2.234138e+01,7.086950e-01,5.914070e-01,2.155960e-01,1.725720e+00,6.416690e-03,1.275160e-06,2.971930e-02,5.365980e-06,8.223440e-06
2.450000e-01,1.885341e+01,2.210650e+01,7.089090e-01,5.746330e-01,2.075520e-01,1.695380e+00,6.070510e-03,1.141570e-06,2.728780e-02,4.885590e-06,7.428650e-06
2.460000e-01,1.865649e+01,2.187359e+01,7.091170e-01,5.583070e-01,1.997950e-01,1.665520e+00,5.743000e-03,1.021990e-06,2.505420e-02,4.448090e-06,6.710500e-06
2.470000e-01,1.846120e+01,2.164263e+01,7.093210e-01,5.424320e-01,1.923200e-01,1.636170e+00,5.433220e-03,9.149500e-07,2.300320e-02,4.049770e-06,6.061750e-06
2.480000e-01,1.826838e+01,2.141460e+01,7.095190e-01,5.269790e-01,1.851110e-01,1.607210e+00,5.139950e-03,8.191100e-07,2.111940e-02,3.687050e-06,5.475630e-06
2.490000e-01,1.807674e+01,2.118849e+01,7.097120e-01,5.119130e-01,1.781510e-01,1.578550e+00,4.861920e-03,7.331860e-07,1.938760e-02,3.356450e-06,4.945590e-06
2.500000e-01,1.788710e+01,2.096428e+01,7.099000e-01,4.972190e-01,1.714290e-01,1.550120e+00,4.598160e-03,6.561500e-07,1.779560e-02,3.055130e-06,4.466310e-06
2.510000e-01,1.769905e+01,2.074197e+01,7.100840e-01,4.828910e-01,1.649390e-01,1.521880e+00,4.347900e-03,5.871310e-07,1.633290e-02,2.780670e-06,4.033250e-06
2.520000e-01,1.751257e+01,2.052201e+01,7.102620e-01,4.689260e-01,1.586760e-01,1.493790e+00,4.110370e-03,5.252640e-07,1.498900e-02,2.530650e-06,3.641870e-06
2.530000e-01,1.732766e+01,2.030392e+01,7.104370e-01,4.553220e-01,1.526340e-01,1.465810e+00,3.884830e-03,4.697720e-07,1.375430e-02,2.302870e-06,3.288070e-06
2.540000e-01,1.714431e+01,2.008815e+01,7.106080e-01,4.420820e-01,1.468090e-01,1.437910e+00,3.670620e-03,4.200390e-07,1.262060e-02,2.095500e-06,2.968540e-06
2.550000e-01,1.696251e+01,1.987376e+01,7.107750e-01,4.292060e-01,1.411970e-01,1.410030e+00,3.467060e-03,3.754640e-07,1.158000e-02,1.906770e-06,2.680030e-06
2.560000e-01,1.678263e+01,1.966210e+01,7.109390e-01,4.166950e-01,1.357940e-01,1.382150e+00,3.273510e-03,3.354690e-07,1.062460e-02,1.734940e-06,2.419400e-06
2.570000e-01,1.660466e+01,1.945181e+01,7.111000e-01,4.045340e-01,1.305900e-01,1.354150e+00,3.089310e-03,2.995920e-07,9.747710e-03,1.578540e-06,2.184040e-06
2.580000e-01,1.642782e+01,1.924421e+01,7.112570e-01,3.927030e-01,1.255760e-01,1.325940e+00,2.913830e-03,2.674070e-07,8.942710e-03,1.436180e-06,1.971490e-06
2.590000e-01,1.625287e+01,1.903794e+01,7.114110e-01,3.811910e-01,1.207450e-01,1.297450e+00,2.746550e-03,2.385240e-07,8.203630e-03,1.306580e-06,1.779510e-06
2.600000e-01,1.607941e+01,1.883389e+01,7.115600e-01,3.699950e-01,1.160900e-01,1.268710e+00,2.587170e-03,2.126220e-07,7.525340e-03,1.188640e-06,1.606190e-06
2.610000e-01,1.590780e+01,1.863159e+01,7.117050e-01,3.591170e-01,1.116100e-01,1.239740e+00,2.435360e-03,1.893910e-07,6.902850e-03,1.081290e-06,1.449650e-06
2.620000e-01,1.573765e+01,1.843147e+01,7.118460e-01,3.485440e-01,1.072970e-01,1.210480e+00,2.290700e-03,1.685620e-07,6.331650e-03,9.835960e-07,1.308310e-06
2.630000e-01,1.556933e+01,1.823350e+01,7.119840e-01,3.382570e-01,1.031410e-01,1.180770e+00,2.152670e-03,1.499040e-07,5.807600e-03,8.947290e-07,1.180780e-06
2.640000e-01,1.540246e+01,1.803682e+01,7.121210e-01,3.282360e-01,9.913350e-02,1.150480e+00,2.020760e-03,1.331820e-07,5.326570e-03,8.138550e-07,1.065650e-06
2.650000e-01,1.523702e+01,1.784268e+01,7.122550e-01,3.184620e-01,9.526550e-02,1.119490e+00,1.894470e-03,1.181700e-07,4.884540e-03,7.401610e-07,9.615720e-07
2.660000e-01,1.507336e+01,1.764981e+01,7.123890e-01,3.089410e-01,9.153570e-02,1.087880e+00,1.773720e-03,1.047040e-07,4.478510e-03,6.730320e-07,8.675040e-07
2.670000e-01,1.491111e+01,1.745903e+01,7.125200e-01,2.996920e-01,8.794670e-02,1.055850e+00,1.658620e-03,9.265530e-08,4.106030e-03,6.119610e-07,7.825950e-07
2.680000e-01,1.475061e+01,1.727030e+01,7.126480e-01,2.907310e-01,8.450020e-02,1.023590e+00,1.549260e-03,8.189490e-08,3.764650e-03,5.564460e-07,7.060050e-07
2.690000e-01,1.459150e+01,1.708323e+01,7.127730e-01,2.820480e-01,8.119080e-02,9.911320e-01,1.445460e-03,7.230360e-08,3.451960e-03,5.060130e-07,6.369730e-07
2.700000e-01,1.443411e+01,1.689818e+01,7.128960e-01,2.736240e-01,7.801020e-02,9.584490e-01,1.346920e-03,6.376580e-08,3.165510e-03,4.602040e-07,5.747740e-07
2.710000e-01,1.427809e+01,1.671475e+01,7.130170e-01,2.654390e-01,7.494970e-02,9.255080e-01,1.253350e-03,5.616620e-08,2.902880e-03,4.185580e-07,5.186820e-07
2.720000e-01,1.412375e+01,1.653294e+01,7.131370e-01,2.574740e-01,7.200110e-02,8.922880e-01,1.164470e-03,4.939180e-08,2.661690e-03,3.806260e-07,4.679880e-07
2.730000e-01,1.397076e+01,1.635310e+01,7.132570e-01,2.497200e-01,6.915970e-02,8.588530e-01,1.080140e-03,4.335900e-08,2.440160e-03,3.460710e-07,4.221640e-07
2.740000e-01,1.381943e+01,1.617521e+01,7.133760e-01,2.421750e-01,6.642260e-02,8.253210e-01,1.000290e-03,3.800220e-08,2.236850e-03,3.146250e-07,3.807950e-07
2.750000e-01,1.366942e+01,1.599890e+01,7.134940e-01,2.348370e-01,6.378700e-02,7.918130e-01,9.248580e-04,3.325580e-08,2.050360e-03,2.860220e-07,3.434660e-07
2.760000e-01,1.352135e+01,1.582414e+01,7.136130e-01,2.277030e-01,6.125050e-02,7.584530e-01,8.537830e-04,2.905620e-08,1.879290e-03,2.600020e-07,3.097750e-07
2.770000e-01,1.337458e+01,1.565129e+01,7.137310e-01,2.207790e-01,5.881230e-02,7.253870e-01,7.869930e-04,2.534960e-08,1.722470e-03,2.363490e-07,2.793890e-07
2.780000e-01,1.322940e+01,1.548032e+01,7.138490e-01,2.140730e-01,5.647220e-02,6.927700e-01,7.244130e-04,2.208540e-08,1.578820e-03,2.148580e-07,2.519960e-07
2.790000e-01,1.308549e+01,1.531087e+01,7.139650e-01,2.075800e-01,5.422730e-02,6.607110e-01,6.659190e-04,1.921580e-08,1.447240e-03,1.953330e-07,2.273030e-07
2.800000e-01,1.294285e+01,1.514293e+01,7.140810e-01,2.012840e-01,5.207070e-02,6.292500e-01,6.113130e-04,1.669740e-08,1.326660e-03,1.775880e-07,2.050380e-07
2.810000e-01,1.280206e+01,1.497683e+01,7.141960e-01,1.951640e-01,4.999560e-02,5.984230e-01,5.603930e-04,1.448830e-08,1.216030e-03,1.614420e-07,1.849380e-07
2.820000e-01,1.266252e+01,1.481256e+01,7.143110e-01,1.892120e-01,4.799790e-02,5.682900e-01,5.129920e-04,1.255400e-08,1.114530e-03,1.467510e-07,1.667940e-07
2.830000e-01,1.252449e+01,1.464974e+01,7.144260e-01,1.834240e-01,4.607530e-02,5.389240e-01,4.689620e-04,1.086400e-08,1.021440e-03,1.333910e-07,1.504230e-07
2.840000e-01,1.238768e+01,1.448872e+01,7.145390e-01,1.777990e-01,4.422550e-02,5.103980e-01,4.281530e-04,9.388130e-09,9.360540e-04,1.212360e-07,1.356470e-07
2.850000e-01,1.225237e+01,1.432947e+01,7.146510e-01,1.723340e-01,4.244640e-02,4.827680e-01,3.904110e-04,8.101420e-09,8.577530e-04,1.101820e-07,1.223110e-07
2.860000e-01,1.211853e+01,1.417164e+01,7.147620e-01,1.670280e-01,4.073630e-02,4.560760e-01,3.555770e-04,6.983870e-09,7.860100e-04,1.001380e-07,1.102920e-07
2.870000e-01,1.198588e+01,1.401522e+01,7.148710e-01,1.618800e-01,3.909330e-02,4.303600e-01,3.234920e-04,6.015790e-09,7.203030e-04,9.101680e-08,9.946550e-08
2.880000e-01,1.185468e+01,1.386054e+01,7.149800e-01,1.568880e-01,3.751590e-02,4.056620e-01,2.939950e-04,5.177430e-09,6.601110e-04,8.273050e-08,8.970740e-08
2.890000e-01,1.172465e+01,1.370756e+01,7.150870e-01,1.520530e-01,3.600200e-02,3.820140e-01,2.669280e-04,4.449980e-09,6.049260e-04,7.519370e-08,8.089880e-08
2.900000e-01,1.159605e+01,1.355595e+01,7.151940e-01,1.473670e-01,3.454900e-02,3.594190e-01,2.421360e-04,3.820310e-09,5.543480e-04,6.834160e-08,7.295140e-08
2.910000e-01,1.146885e+01,1.340602e+01,7.153000e-01,1.428240e-01,3.315400e-02,3.378630e-01,2.194680e-04,3.277590e-09,5.080210e-04,6.211730e-08,6.578930e-08
2.920000e-01,1.134305e+01,1.325776e+01,7.154070e-01,1.384170e-01,3.181410e-02,3.173340e-01,1.987700e-04,2.811020e-09,4.655860e-04,5.646410e-08,5.933670e-08
2.930000e-01,1.121838e+01,1.311082e+01,7.155140e-01,1.341370e-01,3.052610e-02,2.978190e-01,1.798920e-04,2.409760e-09,4.266860e-04,5.132500e-08,5.351760e-08
2.940000e-01,1.109507e+01,1.296552e+01,7.156210e-01,1.299800e-01,2.928760e-02,2.793030e-01,1.626840e-04,2.063720e-09,3.909850e-04,4.664680e-08,4.826110e-08
2.950000e-01,1.097312e+01,1.282183e+01,7.157280e-01,1.259430e-01,2.809740e-02,2.617600e-01,1.470210e-04,1.765770e-09,3.582410e-04,4.239080e-08,4.351580e-08
2.960000e-01,1.085226e+01,1.267944e+01,7.158320e-01,1.220290e-01,2.695440e-02,2.451580e-01,1.327790e-04,1.509580e-09,3.282340e-04,3.852220e-08,3.923560e-08
2.970000e-01,1.073272e+01,1.253863e+01,7.159340e-01,1.182360e-01,2.585760e-02,2.294690e-01,1.198440e-04,1.289500e-09,3.007500e-04,3.500780e-08,3.537740e-08
2.980000e-01,1.061451e+01,1.239938e+01,7.160330e-01,1.145590e-01,2.480500e-02,2.146610e-01,1.081150e-04,1.101230e-09,2.755920e-04,3.181750e-08,3.190290e-08
2.990000e-01,1.049760e+01,1.226168e+01,7.161320e-01,1.109930e-01,2.379450e-02,2.007030e-01,9.749340e-05,9.405820e-10,2.525610e-04,2.892150e-08,2.877450e-08
3.000000e-01,1.038174e+01,1.212523e+01,7.162290e-01,1.075330e-01,2.282400e-02,1.875640e-01,8.787980e-05,8.033630e-10,2.314590e-04,2.629020e-08,2.595460e-08
3.010000e-01,1.026692e+01,1.199030e+01,7.163270e-01,1.041750e-01,2.189150e-02,1.752130e-01,7.917810e-05,6.856310e-10,2.120970e-04,2.389520e-08,2.340750e-08
3.020000e-01,1.015337e+01,1.185660e+01,7.164250e-01,1.009170e-01,2.099590e-02,1.636130e-01,7.130940e-05,5.847420e-10,1.943380e-04,2.171610e-08,2.110760e-08
3.030000e-01,1.004084e+01,1.172438e+01,7.165210e-01,9.775750e-02,2.013610e-02,1.527250e-01,6.420060e-05,4.985050e-10,1.780610e-04,1.973520e-08,1.903300e-08
3.040000e-01,9.929834e+00,1.159365e+01,7.166150e-01,9.469490e-02,1.931090e-02,1.425120e-01,5.778000e-05,4.247820e-10,1.631470e-04,1.793490e-08,1.716230e-08
3.050000e-01,9.819966e+00,1.146436e+01,7.167070e-01,9.172660e-02,1.851900e-02,1.329400e-01,5.198650e-05,3.618870e-10,1.494880e-04,1.629960e-08,1.547640e-08
3.060000e-01,9.711269e+00,1.133653e+01,7.167970e-01,8.884890e-02,1.775900e-02,1.239750e-01,4.676460e-05,3.083630e-10,1.369800e-04,1.481460e-08,1.395760e-08
3.070000e-01,9.603709e+00,1.121011e+01,7.168870e-01,8.605820e-02,1.702960e-02,1.155860e-01,4.205870e-05,2.627560e-10,1.255210e-04,1.346520e-08,1.258820e-08
3.080000e-01,9.497231e+00,1.108485e+01,7.169760e-01,8.335180e-02,1.632930e-02,1.077400e-01,3.781730e-05,2.237920e-10,1.150150e-04,1.223810e-08,1.135250e-08
3.090000e-01,9.391847e+00,1.096100e+01,7.170640e-01,8.072880e-02,1.565740e-02,1.004070e-01,3.399740e-05,1.905620e-10,1.053870e-04,1.112270e-08,1.023800e-08
3.100000e-01,9.287589e+00,1.083852e+01,7.171490e-01,7.818830e-02,1.501300e-02,9.355430e-02,3.055670e-05,1.622010e-10,9.656680e-05,1.010900e-08,9.232770e-09
3.110000e-01,9.184426e+00,1.071741e+01,7.172320e-01,7.572890e-02,1.439520e-02,8.715260e-02,2.745690e-05,1.379520e-10,8.848460e-05,9.187450e-09,8.325860e-09
3.120000e-01,9.082387e+00,1.059742e+01,7.173120e-01,7.334700e-02,1.380280e-02,8.117600e-02,2.466860e-05,1.173140e-10,8.108410e-05,8.350570e-09,7.508660e-09
3.130000e-01,8.981441e+00,1.047900e+01,7.173900e-01,7.103900e-02,1.323460e-02,7.559900e-02,2.216370e-05,9.982540e-11,7.431040e-05,7.591010e-09,6.772930e-09
3.140000e-01,8.881555e+00,1.036168e+01,7.174670e-01,6.880110e-02,1.268930e-02,7.039650e-02,1.991410e-05,8.502460e-11,6.810870e-05,6.901470e-09,6.110440e-09
3.150000e-01,8.782739e+00,1.024566e+01,7.175430e-01,6.662980e-02,1.216570e-02,6.554290e-02,1.789170e-05,7.244970e-11,6.242400e-05,6.274620e-09,5.512930e-09
3.160000e-01,8.684984e+00,1.013095e+01,7.176200e-01,6.452170e-02,1.166260e-02,6.101410e-02,1.607020e-05,6.167890e-11,5.720500e-05,5.703660e-09,4.972750e-09
3.170000e-01,8.588276e+00,1.001751e+01,7.176970e-01,6.247640e-02,1.117960e-02,5.679110e-02,1.443130e-05,5.246950e-11,5.241650e-05,5.183950e-09,4.484770e-09
3.180000e-01,8.492587e+00,9.905172e+00,7.177730e-01,6.049370e-02,1.071610e-02,5.285600e-02,1.295870e-05,4.462820e-11,4.802760e-05,4.711480e-09,4.044580e-09
3.190000e-01,8.397964e+00,9.794133e+00,7.178480e-01,5.857380e-02,1.027170e-02,4.919130e-02,1.163640e-05,3.796180e-11,4.400780e-05,4.282260e-09,3.647770e-09
3.200000e-01,8.304357e+00,9.684339e+00,7.179230e-01,5.671590e-02,9.845960e-03,4.577940e-02,1.044870e-05,3.228950e-11,4.032680e-05,3.892370e-09,3.290090e-09
3.210000e-01,8.211774e+00,9.575754e+00,7.179960e-01,5.491740e-02,9.437920e-03,4.260310e-02,9.382600e-06,2.747260e-11,3.695670e-05,3.538320e-09,2.967820e-09
3.220000e-01,8.120186e+00,9.468343e+00,7.180670e-01,5.317520e-02,9.046630e-03,3.964540e-02,8.425380e-06,2.338100e-11,3.386980e-05,3.216680e-09,2.677320e-09
3.230000e-01,8.029583e+00,9.362137e+00,7.181370e-01,5.148630e-02,8.671190e-03,3.688960e-02,7.564770e-06,1.988990e-11,3.103950e-05,2.924120e-09,2.415090e-09
3.240000e-01,7.939973e+00,9.257080e+00,7.182060e-01,4.984920e-02,8.310970e-03,3.432260e-02,6.791460e-06,1.691510e-11,2.844510e-05,2.658100e-09,2.178480e-09
3.250000e-01,7.851326e+00,9.153180e+00,7.182730e-01,4.826290e-02,7.965490e-03,3.193280e-02,6.097410e-06,1.438970e-11,2.606840e-05,2.416400e-09,1.965190e-09
3.260000e-01,7.763651e+00,9.050446e+00,7.183380e-01,4.672660e-02,7.634260e-03,2.970840e-02,5.474590e-06,1.224720e-11,2.389150e-05,2.196830e-09,1.772940e-09
3.270000e-01,7.676955e+00,8.948887e+00,7.184010e-01,4.523930e-02,7.316790e-03,2.763800e-02,4.915010e-06,1.042110e-11,2.189630e-05,1.997190e-09,1.599460e-09
3.280000e-01,7.591227e+00,8.848466e+00,7.184630e-01,4.379960e-02,7.012550e-03,2.571090e-02,4.411970e-06,8.860070e-12,2.006720e-05,1.815600e-09,1.442830e-09
3.290000e-01,7.506422e+00,8.749153e+00,7.185240e-01,4.240580e-02,6.720960e-03,2.391830e-02,3.960540e-06,7.532450e-12,1.839180e-05,1.650590e-09,1.301610e-09
3.300000e-01,7.422565e+00,8.650954e+00,7.185840e-01,4.105580e-02,6.441430e-03,2.225140e-02,3.555900e-06,6.408210e-12,1.685770e-05,1.500770e-09,1.174390e-09
3.310000e-01,7.339627e+00,8.553838e+00,7.186450e-01,3.974770e-02,6.173370e-03,2.070120e-02,3.193240e-06,5.457260e-12,1.545280e-05,1.364700e-09,1.059780e-09
3.320000e-01,7.257583e+00,8.457773e+00,7.187060e-01,3.847960e-02,5.916190e-03,1.925900e-02,2.867750e-06,4.649510e-12,1.416480e-05,1.240960e-09,9.563640e-10
3.330000e-01,7.176423e+00,8.362748e+00,7.187680e-01,3.725000e-02,5.669400e-03,1.791660e-02,2.575020e-06,3.958400e-12,1.298250e-05,1.128270e-09,8.628810e-10
3.340000e-01,7.096170e+00,8.268791e+00,7.188290e-01,3.605880e-02,5.432730e-03,1.666730e-02,2.311930e-06,3.368000e-12,1.189810e-05,1.025730e-09,7.784480e-10
3.350000e-01,7.016798e+00,8.175908e+00,7.188890e-01,3.490600e-02,5.205980e-03,1.550490e-02,2.075600e-06,2.864430e-12,1.090440e-05,9.325030e-10,7.022630e-10
3.360000e-01,6.938331e+00,8.084087e+00,7.189460e-01,3.379120e-02,4.988840e-03,1.442380e-02,1.863420e-06,2.435700e-12,9.994390e-06,8.478110e-10,6.335790e-10
3.370000e-01,6.860741e+00,7.993298e+00,7.190020e-01,3.271260e-02,4.780870e-03,1.341870e-02,1.673190e-06,2.072310e-12,9.161480e-06,7.709290e-10,5.717170e-10
3.380000e-01,6.784034e+00,7.903546e+00,7.190560e-01,3.166880e-02,4.581630e-03,1.248430e-02,1.502720e-06,1.764920e-12,8.399060e-06,7.011380e-10,5.160050e-10
3.390000e-01,6.708154e+00,7.814802e+00,7.191110e-01,3.065810e-02,4.390670e-03,1.161560e-02,1.349810e-06,1.504200e-12,7.700530e-06,6.377140e-10,4.657730e-10
3.400000e-01,6.633122e+00,7.727037e+00,7.191670e-01,2.967900e-02,4.207550e-03,1.080740e-02,1.212380e-06,1.281370e-12,7.059550e-06,5.799690e-10,4.203760e-10
3.410000e-01,6.558930e+00,7.640258e+00,7.192220e-01,2.873010e-02,4.031900e-03,1.005540e-02,1.088860e-06,1.090870e-12,6.471400e-06,5.273980e-10,3.793550e-10
3.420000e-01,6.485568e+00,7.554453e+00,7.192770e-01,2.781000e-02,3.863380e-03,9.355380e-03,9.778670e-07,9.284270e-13,5.932000e-06,4.795690e-10,3.423160e-10
3.430000e-01,6.413011e+00,7.469611e+00,7.193300e-01,2.691790e-02,3.701690e-03,8.703700e-03,8.781510e-07,7.901070e-13,5.437460e-06,4.360720e-10,3.088910e-10
3.440000e-01,6.341266e+00,7.385740e+00,7.193820e-01,2.605350e-02,3.546650e-03,8.097320e-03,7.886590e-07,6.726890e-13,4.984320e-06,3.965420e-10,2.787510e-10
3.450000e-01,6.270324e+00,7.302810e+00,7.194330e-01,2.521660e-02,3.398060e-03,7.533390e-03,7.083670e-07,5.730550e-13,4.569190e-06,3.606220e-10,2.515770e-10
3.460000e-01,6.200176e+00,7.220811e+00,7.194830e-01,2.440700e-02,3.255750e-03,7.009040e-03,6.362670e-07,4.881430e-13,4.188690e-06,3.279590e-10,2.270530e-10
3.470000e-01,6.130812e+00,7.139733e+00,7.195340e-01,2.362390e-02,3.119460e-03,6.521540e-03,5.715170e-07,4.156950e-13,3.839920e-06,2.982540e-10,2.049170e-10
3.480000e-01,6.062224e+00,7.059582e+00,7.195840e-01,2.286590e-02,2.988890e-03,6.068280e-03,5.134030e-07,3.540470e-13,3.520340e-06,2.712520e-10,1.849480e-10
3.490000e-01,5.994418e+00,6.980347e+00,7.196330e-01,2.213190e-02,2.863740e-03,5.646610e-03,4.612130e-07,3.015510e-13,3.227380e-06,2.466980e-10,1.669280e-10
3.500000e-01,5.927383e+00,6.902017e+00,7.196810e-01,2.142070e-02,2.743730e-03,5.254180e-03,4.143120e-07,2.567780e-13,2.958740e-06,2.243610e-10,1.506580e-10
3.510000e-01,5.861112e+00,6.824597e+00,7.197280e-01,2.073200e-02,2.628710e-03,4.889140e-03,3.722090e-07,2.187150e-13,2.712540e-06,2.040540e-10,1.359820e-10
3.520000e-01,5.795581e+00,6.748045e+00,7.197750e-01,2.006530e-02,2.518490e-03,4.549690e-03,3.344290e-07,1.863930e-13,2.486950e-06,1.855980e-10,1.227460e-10
3.530000e-01,5.730783e+00,6.672337e+00,7.198220e-01,1.942020e-02,2.412920e-03,4.234030e-03,3.004990e-07,1.588550e-13,2.280140e-06,1.688130e-10,1.108000e-10
3.540000e-01,5.666710e+00,6.597494e+00,7.198690e-01,1.879600e-02,2.311790e-03,3.940480e-03,2.700170e-07,1.353530e-13,2.090530e-06,1.535440e-10,1.000140e-10
3.550000e-01,5.603366e+00,6.523505e+00,7.199150e-01,1.819160e-02,2.214870e-03,3.667420e-03,2.426410e-07,1.153370e-13,1.916720e-06,1.396590e-10,9.027990e-11
3.560000e-01,5.540743e+00,6.450376e+00,7.199610e-01,1.760610e-02,2.121960e-03,3.413300e-03,2.180420e-07,9.827150e-14,1.757340e-06,1.270290e-10,8.149240e-11
3.570000e-01,5.478845e+00,6.378081e+00,7.200060e-01,1.703910e-02,2.032900e-03,3.176840e-03,1.959430e-07,8.373730e-14,1.611240e-06,1.155430e-10,7.356200e-11
3.580000e-01,5.417638e+00,6.306625e+00,7.200500e-01,1.649040e-02,1.947600e-03,2.956970e-03,1.761090e-07,7.138440e-14,1.477370e-06,1.051030e-10,6.640960e-11
3.590000e-01,5.357140e+00,6.235984e+00,7.200940e-01,1.596020e-02,1.865960e-03,2.752600e-03,1.583020e-07,6.086620e-14,1.354700e-06,9.561320e-11,5.995680e-11
3.600000e-01,5.297330e+00,6.166149e+00,7.201390e-01,1.544760e-02,1.787830e-03,2.562600e-03,1.423070e-07,5.189340e-14,1.242280e-06,8.698300e-11,5.413240e-11
3.610000e-01,5.238175e+00,6.097096e+00,7.201820e-01,1.495150e-02,1.712960e-03,2.385820e-03,1.279330e-07,4.424080e-14,1.139200e-06,7.913260e-11,4.887420e-11
3.620000e-01,5.179705e+00,6.028829e+00,7.202240e-01,1.447080e-02,1.641170e-03,2.221200e-03,1.150050e-07,3.770810e-14,1.044640e-06,7.198820e-11,4.412480e-11
3.630000e-01,5.121887e+00,5.961355e+00,7.202650e-01,1.400500e-02,1.572340e-03,2.067950e-03,1.033900e-07,3.214850e-14,9.579370e-07,6.549040e-11,3.983840e-11
3.640000e-01,5.064727e+00,5.894650e+00,7.203060e-01,1.355380e-02,1.506350e-03,1.925340e-03,9.296000e-08,2.742290e-14,8.784570e-07,5.958200e-11,3.597100e-11
3.650000e-01,5.008238e+00,5.828717e+00,7.203480e-01,1.311680e-02,1.443090e-03,1.792650e-03,8.358640e-08,2.339370e-14,8.055640e-07,5.420620e-11,3.247880e-11
3.660000e-01,4.952403e+00,5.763549e+00,7.203900e-01,1.269370e-02,1.382480e-03,1.669200e-03,7.516030e-08,1.995220e-14,7.387090e-07,4.931420e-11,2.932460e-11
3.670000e-01,4.897202e+00,5.699136e+00,7.204310e-01,1.228450e-02,1.324450e-03,1.554390e-03,6.759040e-08,1.701870e-14,6.774270e-07,4.486540e-11,2.647790e-11
3.680000e-01,4.842627e+00,5.635442e+00,7.204720e-01,1.188910e-02,1.268910e-03,1.447600e-03,6.078800e-08,1.451670e-14,6.212610e-07,4.082010e-11,2.390860e-11
3.690000e-01,4.788660e+00,5.572486e+00,7.205120e-01,1.150680e-02,1.215750e-03,1.348270e-03,5.467620e-08,1.238490e-14,5.697890e-07,3.714220e-11,2.159040e-11
3.700000e-01,4.735305e+00,5.510246e+00,7.205510e-01,1.113670e-02,1.164810e-03,1.255830e-03,4.918400e-08,1.056950e-14,5.226050e-07,3.379760e-11,1.949820e-11
3.710000e-01,4.682578e+00,5.448739e+00,7.205890e-01,1.077820e-02,1.115980e-03,1.169720e-03,4.424180e-08,9.017680e-15,4.793090e-07,3.075260e-11,1.760770e-11
3.720000e-01,4.630459e+00,5.387943e+00,7.206270e-01,1.043070e-02,1.069130e-03,1.089510e-03,3.979540e-08,7.691910e-15,4.395840e-07,2.798070e-11,1.589970e-11
3.730000e-01,4.578940e+00,5.327850e+00,7.206640e-01,1.009400e-02,1.024230e-03,1.014850e-03,3.580000e-08,6.563620e-15,4.031590e-07,2.545960e-11,1.435810e-11
3.740000e-01,4.528016e+00,5.268440e+00,7.207010e-01,9.767970e-03,9.811880e-04,9.453710e-04,3.221120e-08,5.604390e-15,3.697670e-07,2.316700e-11,1.296720e-11
3.750000e-01,4.477669e+00,5.209727e+00,7.207390e-01,9.452370e-03,9.399510e-04,8.807130e-04,2.898460e-08,4.786050e-15,3.391390e-07,2.108080e-11,1.171090e-11
3.760000e-01,4.427902e+00,5.151670e+00,7.207780e-01,9.147010e-03,9.004520e-04,8.205410e-04,2.608180e-08,4.086030e-15,3.110410e-07,1.918190e-11,1.057590e-11
3.770000e-01,4.378698e+00,5.094282e+00,7.208160e-01,8.851690e-03,8.626330e-04,7.645430e-04,2.347130e-08,3.488100e-15,2.852760e-07,1.745410e-11,9.550850e-12
3.780000e-01,4.330061e+00,5.037557e+00,7.208520e-01,8.566200e-03,8.264310e-04,7.124130e-04,2.112230e-08,2.976790e-15,2.616510e-07,1.588220e-11,8.625120e-12
3.790000e-01,4.281974e+00,4.981498e+00,7.208880e-01,8.290180e-03,7.917760e-04,6.638880e-04,1.900990e-08,2.540460e-15,2.399960e-07,1.445270e-11,7.789590e-12
3.800000e-01,4.234450e+00,4.926075e+00,7.209230e-01,8.023160e-03,7.585900e-04,6.187270e-04,1.711210e-08,2.169460e-15,2.201540e-07,1.315340e-11,7.036060e-12
3.810000e-01,4.187463e+00,4.871290e+00,7.209580e-01,7.764710e-03,7.267980e-04,5.766920e-04,1.540710e-08,1.854160e-15,2.019690e-07,1.197220e-11,6.356330e-12
3.820000e-01,4.141026e+00,4.817148e+00,7.209930e-01,7.514390e-03,6.963220e-04,5.375430e-04,1.387290e-08,1.584970e-15,1.852840e-07,1.089700e-11,5.742220e-12
3.830000e-01,4.095114e+00,4.763630e+00,7.210290e-01,7.271860e-03,6.671010e-04,5.010670e-04,1.249080e-08,1.354100e-15,1.699630e-07,9.917290e-12,5.186750e-12
3.840000e-01,4.049748e+00,4.710739e+00,7.210640e-01,7.037020e-03,6.390950e-04,4.670970e-04,1.124700e-08,1.156750e-15,1.559050e-07,9.025450e-12,4.684880e-12
3.850000e-01,4.004894e+00,4.658445e+00,7.210990e-01,6.809770e-03,6.122680e-04,4.354670e-04,1.012830e-08,9.883590e-16,1.430140e-07,8.214080e-12,4.231730e-12
3.860000e-01,3.960564e+00,4.606764e+00,7.211340e-01,6.590000e-03,5.865820e-04,4.060130e-04,9.121480e-09,8.444320e-16,1.311920e-07,7.475790e-12,3.822460e-12
3.870000e-01,3.916733e+00,4.555688e+00,7.211680e-01,6.377550e-03,5.619960e-04,3.785890e-04,8.215290e-09,7.213770e-16,1.203520e-07,6.804110e-12,3.452870e-12
3.880000e-01,3.873415e+00,4.505199e+00,7.212010e-01,6.172150e-03,5.384610e-04,3.530620e-04,7.400560e-09,6.165450e-16,1.104180e-07,6.193440e-12,3.119420e-12
3.890000e-01,3.830593e+00,4.455290e+00,7.212350e-01,5.973540e-03,5.159310e-04,3.293010e-04,6.668190e-09,5.273290e-16,1.013140e-07,5.638250e-12,2.818580e-12
3.900000e-01,3.788262e+00,4.405944e+00,7.212690e-01,5.781470e-03,4.943570e-04,3.071750e-04,6.009080e-09,4.511290e-16,9.296290e-08,5.132980e-12,2.546840e-12
3.910000e-01,3.746416e+00,4.357175e+00,7.213040e-01,5.595610e-03,4.736890e-04,2.865620e-04,5.415250e-09,3.858020e-16,8.529750e-08,4.672760e-12,2.301130e-12
3.920000e-01,3.705049e+00,4.308965e+00,7.213390e-01,5.415550e-03,4.538730e-04,2.673490e-04,4.880420e-09,3.299210e-16,7.826250e-08,4.253700e-12,2.079070e-12
3.930000e-01,3.664173e+00,4.261319e+00,7.213740e-01,5.240870e-03,4.348560e-04,2.494280e-04,4.398520e-09,2.821330e-16,7.180400e-08,3.872040e-12,1.878350e-12
3.940000e-01,3.623756e+00,4.214218e+00,7.214080e-01,5.071450e-03,4.166050e-04,2.327110e-04,3.964340e-09,2.412940e-16,6.587560e-08,3.524490e-12,1.696960e-12
3.950000e-01,3.583818e+00,4.167667e+00,7.214420e-01,4.907330e-03,3.991080e-04,2.171250e-04,3.573350e-09,2.064310e-16,6.043660e-08,3.208170e-12,1.533120e-12
3.960000e-01,3.544329e+00,4.121658e+00,7.214740e-01,4.748580e-03,3.823520e-04,2.026000e-04,3.221080e-09,1.765870e-16,5.544700e-08,2.920230e-12,1.385090e-12
3.970000e-01,3.505290e+00,4.076177e+00,7.215060e-01,4.595140e-03,3.663150e-04,1.890670e-04,2.903750e-09,1.510230e-16,5.087090e-08,2.658190e-12,1.251350e-12
3.980000e-01,3.466706e+00,4.031225e+00,7.215380e-01,4.446850e-03,3.509680e-04,1.764640e-04,2.618220e-09,1.292110e-16,4.667680e-08,2.419920e-12,1.130670e-12
3.990000e-01,3.428570e+00,3.986787e+00,7.215690e-01,4.303540e-03,3.362810e-04,1.647280e-04,2.361370e-09,1.106260e-16,4.283320e-08,2.203300e-12,1.021780e-12
4.000000e-01,3.390877e+00,3.942875e+00,7.216000e-01,4.165030e-03,3.222250e-04,1.537940e-04,2.130070e-09,9.474620e-17,3.930870e-08,2.006210e-12,9.234550e-13
4.010000e-01,3.353613e+00,3.899465e+00,7.216310e-01,4.031140e-03,3.087700e-04,1.436030e-04,1.921490e-09,8.110930e-17,3.607400e-08,1.826700e-12,8.345450e-13
4.020000e-01,3.316790e+00,3.856568e+00,7.216630e-01,3.901670e-03,2.958870e-04,1.341050e-04,1.733540e-09,6.943240e-17,3.310680e-08,1.663320e-12,7.542180e-13
4.030000e-01,3.280386e+00,3.814170e+00,7.216940e-01,3.776400e-03,2.835480e-04,1.252530e-04,1.564310e-09,5.946470e-17,3.038570e-08,1.514670e-12,6.816930e-13
4.040000e-01,3.244405e+00,3.772255e+00,7.217250e-01,3.655130e-03,2.717240e-04,1.169980e-04,1.411860e-09,5.095520e-17,2.788940e-08,1.379390e-12,6.161930e-13
4.050000e-01,3.208832e+00,3.730817e+00,7.217550e-01,3.537630e-03,2.603840e-04,1.092940e-04,1.274290e-09,4.365670e-17,2.559690e-08,1.256120e-12,5.569450e-13
4.060000e-01,3.173664e+00,3.689861e+00,7.217860e-01,3.423770e-03,2.495090e-04,1.021010e-04,1.150090e-09,3.738880e-17,2.349120e-08,1.143760e-12,5.033380e-13
4.070000e-01,3.138904e+00,3.649371e+00,7.218170e-01,3.313450e-03,2.390790e-04,9.538890e-05,1.038110e-09,3.202710e-17,2.155840e-08,1.041450e-12,4.548930e-13
4.080000e-01,3.104545e+00,3.609342e+00,7.218480e-01,3.206570e-03,2.290790e-04,8.912610e-05,9.371970e-10,2.744900e-17,1.978490e-08,9.483160e-13,4.111350e-13
4.090000e-01,3.070577e+00,3.569776e+00,7.218790e-01,3.103030e-03,2.194910e-04,8.328200e-05,8.461900e-10,2.353210e-17,1.815720e-08,8.635130e-13,3.715870e-13
4.100000e-01,3.036994e+00,3.530669e+00,7.219090e-01,3.002770e-03,2.103010e-04,7.782770e-05,7.640430e-10,2.016820e-17,1.666260e-08,7.862470e-13,3.358170e-13
4.110000e-01,3.003807e+00,3.492014e+00,7.219400e-01,2.905780e-03,2.014980e-04,7.273990e-05,6.899600e-10,1.728630e-17,1.529130e-08,7.159090e-13,3.034960e-13
4.120000e-01,2.971002e+00,3.453806e+00,7.219710e-01,2.812050e-03,1.930750e-04,6.799630e-05,6.231910e-10,1.482170e-17,1.403390e-08,6.519180e-13,2.743110e-13
4.130000e-01,2.938576e+00,3.416048e+00,7.220010e-01,2.721590e-03,1.850200e-04,6.357440e-05,5.629850e-10,1.270990e-17,1.288110e-08,5.936960e-13,2.479520e-13
4.140000e-01,2.906525e+00,3.378726e+00,7.220310e-01,2.634270e-03,1.773190e-04,5.945210e-05,5.086880e-10,1.089910e-17,1.182410e-08,5.407210e-13,2.241450e-13
4.150000e-01,2.874849e+00,3.341835e+00,7.220610e-01,2.549850e-03,1.699470e-04,5.560710e-05,4.597380e-10,9.350510e-18,1.085490e-08,4.925290e-13,2.026510e-13
4.160000e-01,2.843531e+00,3.305369e+00,7.220900e-01,2.468090e-03,1.628790e-04,5.201740e-05,4.155790e-10,8.025970e-18,9.965500e-09,4.486570e-13,1.832310e-13
4.170000e-01,2.812568e+00,3.269317e+00,7.221200e-01,2.388770e-03,1.560940e-04,4.866150e-05,3.756710e-10,6.888430e-18,9.148190e-09,4.086550e-13,1.656560e-13
4.180000e-01,2.781961e+00,3.233672e+00,7.221500e-01,2.311810e-03,1.495800e-04,4.552380e-05,3.395990e-10,5.911320e-18,8.397120e-09,3.721820e-13,1.497500e-13
4.190000e-01,2.751706e+00,3.198446e+00,7.221790e-01,2.237270e-03,1.433340e-04,4.259180e-05,3.070190e-10,5.073520e-18,7.707480e-09,3.389550e-13,1.353680e-13
4.200000e-01,2.721805e+00,3.163632e+00,7.222080e-01,2.165160e-03,1.373520e-04,3.985310e-05,2.775840e-10,4.353990e-18,7.074450e-09,3.086900e-13,1.223630e-13
4.210000e-01,2.692254e+00,3.129234e+00,7.222350e-01,2.095480e-03,1.316260e-04,3.729570e-05,2.509830e-10,3.734770e-18,6.493550e-09,2.811260e-13,1.106040e-13
4.220000e-01,2.663048e+00,3.095231e+00,7.222620e-01,2.028130e-03,1.261460e-04,3.490820e-05,2.269770e-10,3.204170e-18,5.960860e-09,2.560480e-13,9.998520e-14
4.230000e-01,2.634171e+00,3.061618e+00,7.222890e-01,1.962990e-03,1.208990e-04,3.267980e-05,2.053310e-10,2.751240e-18,5.472570e-09,2.332440e-13,9.040370e-14
4.240000e-01,2.605632e+00,3.028391e+00,7.223160e-01,1.899960e-03,1.158720e-04,3.059920e-05,1.858120e-10,2.365030e-18,5.024850e-09,2.125040e-13,8.175720e-14
4.250000e-01,2.577413e+00,2.995539e+00,7.223440e-01,1.838910e-03,1.110530e-04,2.865550e-05,1.681890e-10,2.034600e-18,4.613890e-09,1.936170e-13,7.394320e-14
4.260000e-01,2.549506e+00,2.963057e+00,7.223730e-01,1.779770e-03,1.064310e-04,2.683790e-05,1.522360e-10,1.749490e-18,4.235990e-09,1.763810e-13,6.686320e-14
4.270000e-01,2.521918e+00,2.930940e+00,7.224020e-01,1.722500e-03,1.019990e-04,2.513840e-05,1.377950e-10,1.503290e-18,3.888630e-09,1.606560e-13,6.045000e-14
4.280000e-01,2.494646e+00,2.899192e+00,7.224320e-01,1.667160e-03,9.775740e-05,2.355050e-05,1.247400e-10,1.291520e-18,3.569830e-09,1.463350e-13,5.465160e-14
4.290000e-01,2.467692e+00,2.867814e+00,7.224600e-01,1.613710e-03,9.369960e-05,2.206740e-05,1.129460e-10,1.109880e-18,3.277540e-09,1.333070e-13,4.941570e-14
4.300000e-01,2.441052e+00,2.836802e+00,7.224890e-01,1.562040e-03,8.981470e-05,2.068170e-05,1.022960e-10,9.544240e-19,3.009540e-09,1.214550e-13,4.468910e-14
4.310000e-01,2.414716e+00,2.806151e+00,7.225170e-01,1.512000e-03,8.609040e-05,1.938590e-05,9.267050e-11,8.212450e-19,2.763590e-09,1.106660e-13,4.041850e-14
4.320000e-01,2.388691e+00,2.775856e+00,7.225450e-01,1.463450e-03,8.251530e-05,1.817280e-05,8.395600e-11,7.065850e-19,2.537530e-09,1.008250e-13,3.655220e-14
4.330000e-01,2.362963e+00,2.745908e+00,7.225730e-01,1.416400e-03,7.908530e-05,1.703730e-05,7.606550e-11,6.078170e-19,2.329790e-09,9.185200e-14,3.305220e-14
4.340000e-01,2.337524e+00,2.716302e+00,7.226020e-01,1.370880e-03,7.579960e-05,1.597510e-05,6.892610e-11,5.228650e-19,2.139080e-09,8.367770e-14,2.988750e-14
4.350000e-01,2.312379e+00,2.687033e+00,7.226300e-01,1.326900e-03,7.265470e-05,1.498200e-05,6.246910e-11,4.498840e-19,1.964110e-09,7.623640e-14,2.702780e-14
4.360000e-01,2.287515e+00,2.658092e+00,7.226570e-01,1.284390e-03,6.964390e-05,1.405330e-05,5.663050e-11,3.872810e-19,1.803610e-09,6.946390e-14,2.444470e-14
4.370000e-01,2.262940e+00,2.629493e+00,7.226840e-01,1.243270e-03,6.676020e-05,1.318440e-05,5.134680e-11,3.334770e-19,1.656300e-09,6.329590e-14,2.210950e-14
4.380000e-01,2.238644e+00,2.601219e+00,7.227100e-01,1.203490e-03,6.399710e-05,1.237080e-05,4.655870e-11,2.870440e-19,1.520980e-09,5.767260e-14,1.999580e-14
4.390000e-01,2.214629e+00,2.573274e+00,7.227360e-01,1.164980e-03,6.134920e-05,1.160930e-05,4.222320e-11,2.470790e-19,1.396730e-09,5.254930e-14,1.808420e-14
4.400000e-01,2.190887e+00,2.545646e+00,7.227620e-01,1.127710e-03,5.881140e-05,1.089640e-05,3.830080e-11,2.127950e-19,1.282700e-09,4.788490e-14,1.635700e-14
4.410000e-01,2.167420e+00,2.518338e+00,7.227870e-01,1.091620e-03,5.637850e-05,1.022900e-05,3.475200e-11,1.834040e-19,1.178050e-09,4.363800e-14,1.479640e-14
4.420000e-01,2.144218e+00,2.491346e+00,7.228140e-01,1.056660e-03,5.404550e-05,9.603940e-06,3.153710e-11,1.581220e-19,1.081920e-09,3.976750e-14,1.338470e-14
4.430000e-01,2.121285e+00,2.464660e+00,7.228410e-01,1.022790e-03,5.180810e-05,9.018180e-06,2.862120e-11,1.362780e-19,9.935620e-10,3.623670e-14,1.210620e-14
4.440000e-01,2.098616e+00,2.438277e+00,7.228690e-01,9.900060e-04,4.966350e-05,8.469510e-06,2.597850e-11,1.174490e-19,9.124040e-10,3.301860e-14,1.094950e-14
4.450000e-01,2.076204e+00,2.412193e+00,7.228960e-01,9.583040e-04,4.760960e-05,7.955740e-06,2.358440e-11,1.012420e-19,8.379050e-10,3.008750e-14,9.903660e-15
4.460000e-01,2.054045e+00,2.386415e+00,7.229230e-01,9.276700e-04,4.564340e-05,7.474670e-06,2.141500e-11,8.728010e-20,7.695280e-10,2.741780e-14,8.958110e-15
4.470000e-01,2.032142e+00,2.360924e+00,7.229490e-01,8.980470e-04,4.376040e-05,7.024060e-06,1.944940e-11,7.526900e-20,7.067780e-10,2.498690e-14,8.103500e-15
4.480000e-01,2.010481e+00,2.335727e+00,7.229760e-01,8.693650e-04,4.195510e-05,6.601670e-06,1.766780e-11,6.493850e-20,6.491670e-10,2.277260e-14,7.330880e-15
4.490000e-01,1.989070e+00,2.310814e+00,7.230010e-01,8.415560e-04,4.022260e-05,6.205270e-06,1.605060e-11,5.602290e-20,5.962160e-10,2.075310e-14,6.631410e-15
4.500000e-01,1.967895e+00,2.286188e+00,7.230270e-01,8.145940e-04,3.855990e-05,5.833200e-06,1.458210e-11,4.832200e-20,5.475420e-10,1.891100e-14,5.998060e-15
4.510000e-01,1.946964e+00,2.261835e+00,7.230530e-01,7.884940e-04,3.696600e-05,5.484310e-06,1.325050e-11,4.169270e-20,5.028490e-10,1.723280e-14,5.425360e-15
4.520000e-01,1.926274e+00,2.237768e+00,7.230780e-01,7.632710e-04,3.544020e-05,5.157440e-06,1.204380e-11,3.599380e-20,4.618410e-10,1.570500e-14,4.907910e-15
4.530000e-01,1.905816e+00,2.213971e+00,7.231050e-01,7.389380e-04,3.398140e-05,4.851450e-06,1.095010e-11,3.108450e-20,4.242230e-10,1.431430e-14,4.440310e-15
4.540000e-01,1.885598e+00,2.190448e+00,7.231320e-01,7.154640e-04,3.258670e-05,4.564930e-06,9.958340e-12,2.684540e-20,3.897080e-10,1.304780e-14,4.017540e-15
4.550000e-01,1.865606e+00,2.167195e+00,7.231580e-01,6.927490e-04,3.125030e-05,4.296160e-06,9.058160e-12,2.318700e-20,3.580140e-10,1.189380e-14,3.635140e-15
4.560000e-01,1.845848e+00,2.144208e+00,7.231840e-01,6.707010e-04,2.996650e-05,4.043510e-06,8.239780e-12,2.002530e-20,3.288700e-10,1.084080e-14,3.288820e-15
4.570000e-01,1.826308e+00,2.121485e+00,7.232100e-01,6.492970e-04,2.873310e-05,3.805950e-06,7.495910e-12,1.729710e-20,3.020760e-10,9.880460e-15,2.975310e-15
4.580000e-01,1.806991e+00,2.099022e+00,7.232360e-01,6.285370e-04,2.754890e-05,3.582730e-06,6.820220e-12,1.494720e-20,2.774570e-10,9.005040e-15,2.691700e-15
4.590000e-01,1.787891e+00,2.076802e+00,7.232620e-01,6.084240e-04,2.641300e-05,3.373070e-06,6.206400e-12,1.292030e-20,2.548380e-10,8.207020e-15,2.435090e-15
4.600000e-01,1.769001e+00,2.054835e+00,7.232880e-01,5.889540e-04,2.532400e-05,3.176200e-06,5.648570e-12,1.116790e-20,2.340560e-10,7.479400e-15,2.202830e-15
4.610000e-01,1.750326e+00,2.033115e+00,7.233140e-01,5.701140e-04,2.428040e-05,2.991340e-06,5.141670e-12,9.653640e-21,2.149680e-10,6.816220e-15,1.992680e-15
4.620000e-01,1.731865e+00,2.011643e+00,7.233390e-01,5.518920e-04,2.328060e-05,2.817710e-06,4.680780e-12,8.343020e-21,1.974350e-10,6.211670e-15,1.802480e-15
4.630000e-01,1.713618e+00,1.990426e+00,7.233630e-01,5.342710e-04,2.232300e-05,2.654610e-06,4.261690e-12,7.208470e-21,1.813330e-10,5.660660e-15,1.630380e-15
4.640000e-01,1.695583e+00,1.969455e+00,7.233870e-01,5.172300e-04,2.140570e-05,2.501450e-06,3.881060e-12,6.230420e-21,1.665580e-10,5.159020e-15,1.474870e-15
4.650000e-01,1.677749e+00,1.948718e+00,7.234100e-01,5.007480e-04,2.052700e-05,2.357620e-06,3.535550e-12,5.389740e-21,1.530050e-10,4.702570e-15,1.334460e-15
4.660000e-01,1.660122e+00,1.928222e+00,7.234340e-01,4.848050e-04,1.968520e-05,2.222540e-06,3.221870e-12,4.667270e-21,1.405720e-10,4.287170e-15,1.207660e-15
4.670000e-01,1.642695e+00,1.907954e+00,7.234580e-01,4.693790e-04,1.887840e-05,2.095600e-06,2.936690e-12,4.043870e-21,1.291540e-10,3.908670e-15,1.092980e-15
4.680000e-01,1.625463e+00,1.887913e+00,7.234830e-01,4.544510e-04,1.810500e-05,1.976250e-06,2.676920e-12,3.502150e-21,1.186540e-10,3.563180e-15,9.890450e-16
4.690000e-01,1.608422e+00,1.868095e+00,7.235080e-01,4.400000e-04,1.736350e-05,1.864000e-06,2.440350e-12,3.031920e-21,1.090010e-10,3.247960e-15,8.948890e-16
4.700000e-01,1.591575e+00,1.848502e+00,7.235330e-01,4.260060e-04,1.665250e-05,1.758420e-06,2.225040e-12,2.624840e-21,1.001320e-10,2.960560e-15,8.096720e-16
4.710000e-01,1.574915e+00,1.829128e+00,7.235580e-01,4.124490e-04,1.597030e-05,1.659050e-06,2.029000e-12,2.272580e-21,9.198220e-11,2.698520e-15,7.325500e-16
4.720000e-01,1.558447e+00,1.809977e+00,7.235830e-01,3.993110e-04,1.531580e-05,1.565460e-06,1.850330e-12,1.967110e-21,8.449010e-11,2.459460e-15,6.627010e-16
4.730000e-01,1.542162e+00,1.791039e+00,7.236060e-01,3.865830e-04,1.468780e-05,1.477340e-06,1.687570e-12,1.702710e-21,7.760580e-11,2.241500e-15,5.994870e-16
4.740000e-01,1.526061e+00,1.772315e+00,7.236300e-01,3.742600e-04,1.408570e-05,1.394400e-06,1.539460e-12,1.474640e-21,7.128560e-11,2.042990e-15,5.423510e-16
4.750000e-01,1.510139e+00,1.753804e+00,7.236540e-01,3.623360e-04,1.350870e-05,1.316370e-06,1.404730e-12,1.278200e-21,6.548530e-11,1.862260e-15,4.907340e-16
4.760000e-01,1.494400e+00,1.735498e+00,7.236780e-01,3.508080e-04,1.295590e-05,1.242960e-06,1.282120e-12,1.108670e-21,6.016110e-11,1.697670e-15,4.440790e-16
4.770000e-01,1.478836e+00,1.717398e+00,7.237020e-01,3.396680e-04,1.242670e-05,1.173910e-06,1.170390e-12,9.614960e-22,5.526980e-11,1.547590e-15,4.018400e-16
4.780000e-01,1.463444e+00,1.699499e+00,7.237270e-01,3.289010e-04,1.191990e-05,1.108930e-06,1.068560e-12,8.336200e-22,5.077620e-11,1.410740e-15,3.635980e-16
4.790000e-01,1.448228e+00,1.681803e+00,7.237520e-01,3.184830e-04,1.143410e-05,1.047740e-06,9.757640e-13,7.227910e-22,4.664880e-11,1.286010e-15,3.289990e-16
4.800000e-01,1.433181e+00,1.664305e+00,7.237780e-01,3.083900e-04,1.096810e-05,9.900750e-07,8.911600e-13,6.267650e-22,4.285640e-11,1.172300e-15,2.976890e-16
4.810000e-01,1.418303e+00,1.647005e+00,7.238030e-01,2.986050e-04,1.052070e-05,9.356800e-07,8.139610e-13,5.434990e-22,3.937010e-11,1.068580e-15,2.693410e-16
4.820000e-01,1.403596e+00,1.629900e+00,7.238270e-01,2.891190e-04,1.009120e-05,8.843710e-07,7.435470e-13,4.714270e-22,3.616650e-11,9.740220e-16,2.436930e-16
4.830000e-01,1.389050e+00,1.612987e+00,7.238520e-01,2.799240e-04,9.679020e-06,8.359720e-07,6.793190e-13,4.090500e-22,3.322300e-11,8.878230e-16,2.204870e-16
4.840000e-01,1.374669e+00,1.596265e+00,7.238760e-01,2.710130e-04,9.283450e-06,7.903110e-07,6.206870e-13,3.548960e-22,3.051720e-11,8.091930e-16,1.994740e-16
4.850000e-01,1.360445e+00,1.579727e+00,7.239010e-01,2.623820e-04,8.904000e-06,7.472410e-07,5.671690e-13,3.078740e-22,2.803050e-11,7.374840e-16,1.804500e-16
4.860000e-01,1.346384e+00,1.563374e+00,7.239250e-01,2.540290e-04,8.540230e-06,7.066340e-07,5.183590e-13,2.671570e-22,2.574700e-11,6.721480e-16,1.632460e-16
4.870000e-01,1.332478e+00,1.547205e+00,7.239490e-01,2.459530e-04,8.191730e-06,6.683620e-07,4.738540e-13,2.319260e-22,2.365080e-11,6.126420e-16,1.476950e-16
4.880000e-01,1.318727e+00,1.531218e+00,7.239730e-01,2.381500e-04,7.858080e-06,6.322980e-07,4.332520e-13,2.013690e-22,2.172630e-11,5.584230e-16,1.336280e-16
4.890000e-01,1.305131e+00,1.515409e+00,7.239980e-01,2.306110e-04,7.538620e-06,5.983090e-07,3.962010e-13,1.748430e-22,1.995910e-11,5.090180e-16,1.209030e-16
4.900000e-01,1.291686e+00,1.499775e+00,7.240220e-01,2.233200e-04,7.232520e-06,5.662540e-07,3.623930e-13,1.518560e-22,1.833670e-11,4.640100e-16,1.093970e-16
4.910000e-01,1.278392e+00,1.484318e+00,7.240460e-01,2.162590e-04,6.938960e-06,5.359960e-07,3.315210e-13,1.319220e-22,1.684640e-11,4.229880e-16,9.898750e-17
4.920000e-01,1.265249e+00,1.469038e+00,7.240690e-01,2.094150e-04,6.657110e-06,5.073980e-07,3.032860e-13,1.145660e-22,1.547570e-11,3.855470e-16,8.955530e-17
4.930000e-01,1.252250e+00,1.453925e+00,7.240910e-01,2.027770e-04,6.386470e-06,4.803620e-07,2.774610e-13,9.946060e-23,1.421520e-11,3.513800e-16,8.101060e-17
4.940000e-01,1.239397e+00,1.438984e+00,7.241140e-01,1.963440e-04,6.126690e-06,4.548160e-07,2.538680e-13,8.636570e-23,1.305720e-11,3.202400e-16,7.328170e-17
4.950000e-01,1.226686e+00,1.424207e+00,7.241360e-01,1.901130e-04,5.877460e-06,4.306850e-07,2.323280e-13,7.504270e-23,1.199400e-11,2.918790e-16,6.629700e-17
4.960000e-01,1.214117e+00,1.409597e+00,7.241590e-01,1.840790e-04,5.638420e-06,4.078960e-07,2.126620e-13,6.525300e-23,1.101780e-11,2.660510e-16,5.998520e-17
4.970000e-01,1.201686e+00,1.395144e+00,7.241820e-01,1.782410e-04,5.409270e-06,3.863740e-07,1.946910e-13,5.675800e-23,1.012120e-11,2.425090e-16,5.427470e-17
4.980000e-01,1.189393e+00,1.380852e+00,7.242070e-01,1.725930e-04,5.189600e-06,3.660470e-07,1.782500e-13,4.934690e-23,9.296760e-12,2.210240e-16,4.910010e-17
4.990000e-01,1.177235e+00,1.366715e+00,7.242320e-01,1.671240e-04,4.978920e-06,3.468360e-07,1.632100e-13,4.289100e-23,8.539010e-12,2.014270e-16,4.441390e-17
5.000000e-01,1.165211e+00,1.352739e+00,7.242570e-01,1.618230e-04,4.776690e-06,3.286660e-07,1.494510e-13,3.727700e-23,7.842600e-12,1.835560e-16,4.017210e-17
