# B23 standard solar model (Herrera & Serenelli 2023, doi:10.5281/zenodo.10174170, CC-BY-4.0), composition MB22p
# r [R_sun], n_e [N_A/cm^3], rho [g/cm^3], X (H mass fraction), production distributions dN/dr (normalised per R_sun) per component
r,ne,rho,X,pp,pep,hep,be7,b8,n13,o15,f17
0.000000e+00,1.007604e+02,1.498580e+02,3.467280e-01,0.000000e+00,0.000000e+00,0.000000e+00,0.000000e+00,0.000000e+00,0.000000e+00,0.000000e+00,0.000000e+00
1.000000e-03,1.007558e+02,1.498442e+02,3.467730e-01,2.030710e-03,3.201870e-03,8.377690e-04,9.987020e-03,2.493960e-02,1.581920e-02,2.132460e-02,2.324870e-02
2.000000e-03,1.007395e+02,1.498132e+02,3.468410e-01,8.103870e-03,1.277650e-02,3.344340e-03,3.982680e-02,9.939410e-02,6.310500e-02,8.505410e-02,9.274230e-02
3.000000e-03,1.007140e+02,1.497580e+02,3.469830e-01,1.822760e-02,2.873060e-02,7.526580e-03,8.948970e-02,2.230840e-01,1.416740e-01,1.909510e-01,2.082090e-01
4.000000e-03,1.006746e+02,1.496787e+02,3.471880e-01,3.238970e-02,5.103600e-02,1.338530e-02,1.587930e-01,3.952270e-01,2.510320e-01,3.383470e-01,3.689040e-01
5.000000e-03,1.006283e+02,1.495788e+02,3.474530e-01,5.057880e-02,7.966170e-02,2.092400e-02,2.475100e-01,6.148000e-01,3.905370e-01,5.263740e-01,5.738570e-01
6.000000e-03,1.005680e+02,1.494548e+02,3.477780e-01,7.278410e-02,1.145740e-01,3.014880e-02,3.553730e-01,8.805570e-01,5.594040e-01,7.539720e-01,8.218900e-01
7.000000e-03,1.005009e+02,1.493069e+02,3.481620e-01,9.898180e-02,1.557160e-01,4.106230e-02,4.819990e-01,1.190850e+00,7.566000e-01,1.019760e+00,1.111460e+00
8.000000e-03,1.004176e+02,1.491386e+02,3.486050e-01,1.291560e-01,2.030400e-01,5.367300e-02,6.270070e-01,1.543940e+00,9.810330e-01,1.322260e+00,1.440910e+00
9.000000e-03,1.003252e+02,1.489464e+02,3.491070e-01,1.632820e-01,2.564780e-01,6.798760e-02,7.899190e-01,1.937710e+00,1.231410e+00,1.659710e+00,1.808290e+00
1.000000e-02,1.002259e+02,1.487339e+02,3.496660e-01,2.013360e-01,3.159630e-01,8.401540e-02,9.702280e-01,2.369940e+00,1.506310e+00,2.030230e+00,2.211500e+00
1.100000e-02,1.001152e+02,1.485012e+02,3.502830e-01,2.432810e-01,3.814050e-01,1.017630e-01,1.167330e+00,2.838040e+00,1.804150e+00,2.431670e+00,2.648120e+00
1.200000e-02,9.999309e+01,1.482450e+02,3.509590e-01,2.890900e-01,4.527240e-01,1.212420e-01,1.380610e+00,3.339390e+00,2.123310e+00,2.861840e+00,3.115690e+00
1.300000e-02,9.986194e+01,1.479687e+02,3.516910e-01,3.387320e-01,5.298320e-01,1.424630e-01,1.609410e+00,3.871140e+00,2.462030e+00,3.318370e+00,3.611600e+00
1.400000e-02,9.971718e+01,1.476692e+02,3.524790e-01,3.921330e-01,6.125730e-01,1.654240e-01,1.852860e+00,4.429910e+00,2.818210e+00,3.798440e+00,4.132660e+00
1.500000e-02,9.956576e+01,1.473533e+02,3.533240e-01,4.492910e-01,7.008940e-01,1.901530e-01,2.110350e+00,5.012960e+00,3.190190e+00,4.299810e+00,4.676360e+00
1.600000e-02,9.940312e+01,1.470144e+02,3.542250e-01,5.101360e-01,7.946420e-01,2.166500e-01,2.380970e+00,5.616760e+00,3.575810e+00,4.819550e+00,5.239420e+00
1.700000e-02,9.923160e+01,1.466561e+02,3.551800e-01,5.746150e-01,8.936840e-01,2.449250e-01,2.663860e+00,6.237910e+00,3.973000e+00,5.354860e+00,5.818720e+00
1.800000e-02,9.904898e+01,1.462750e+02,3.561900e-01,6.426830e-01,9.979000e-01,2.749920e-01,2.958140e+00,6.873070e+00,4.379710e+00,5.903040e+00,6.411170e+00
1.900000e-02,9.885759e+01,1.458781e+02,3.572540e-01,7.142570e-01,1.107100e+00,3.068500e-01,3.262780e+00,7.518440e+00,4.793640e+00,6.460960e+00,7.013300e+00
2.000000e-02,9.865748e+01,1.454621e+02,3.583730e-01,7.893160e-01,1.221210e+00,3.405280e-01,3.576990e+00,8.170970e+00,5.212980e+00,7.026120e+00,7.622310e+00
2.100000e-02,9.844870e+01,1.450274e+02,3.595430e-01,8.677140e-01,1.339930e+00,3.759980e-01,3.899420e+00,8.826290e+00,5.635020e+00,7.595000e+00,8.234180e+00
2.200000e-02,9.823132e+01,1.445739e+02,3.607660e-01,9.494900e-01,1.463270e+00,4.133170e-01,4.229550e+00,9.481990e+00,6.058430e+00,8.165670e+00,8.846810e+00
2.300000e-02,9.800089e+01,1.440987e+02,3.620410e-01,1.034460e+00,1.590890e+00,4.524440e-01,4.565870e+00,1.013350e+01,6.480420e+00,8.734420e+00,9.456040e+00
2.400000e-02,9.776423e+01,1.436118e+02,3.633650e-01,1.122660e+00,1.722770e+00,4.934310e-01,4.907800e+00,1.077860e+01,6.899650e+00,9.299430e+00,1.005980e+01
2.500000e-02,9.751693e+01,1.431067e+02,3.647410e-01,1.213920e+00,1.858620e+00,5.362540e-01,5.253940e+00,1.141320e+01,7.313610e+00,9.857470e+00,1.065430e+01
2.600000e-02,9.726352e+01,1.425837e+02,3.661650e-01,1.308150e+00,1.998180e+00,5.809000e-01,5.603150e+00,1.203380e+01,7.720420e+00,1.040570e+01,1.123670e+01
2.700000e-02,9.700408e+01,1.420463e+02,3.676370e-01,1.405290e+00,2.141370e+00,6.273990e-01,5.954550e+00,1.263800e+01,8.118430e+00,1.094220e+01,1.180460e+01
2.800000e-02,9.673196e+01,1.414914e+02,3.691580e-01,1.505200e+00,2.287860e+00,6.757160e-01,6.306820e+00,1.322220e+01,8.505630e+00,1.146400e+01,1.235480e+01
2.900000e-02,9.645395e+01,1.409191e+02,3.707240e-01,1.607920e+00,2.437680e+00,7.259250e-01,6.659530e+00,1.378500e+01,8.881190e+00,1.197020e+01,1.288620e+01
3.000000e-02,9.616787e+01,1.403363e+02,3.723380e-01,1.713140e+00,2.590260e+00,7.779170e-01,7.010680e+00,1.432200e+01,9.242370e+00,1.245710e+01,1.339480e+01
3.100000e-02,9.587381e+01,1.397398e+02,3.739960e-01,1.820930e+00,2.745680e+00,8.317700e-01,7.360010e+00,1.483220e+01,9.588690e+00,1.292390e+01,1.387970e+01
3.200000e-02,9.556965e+01,1.391233e+02,3.756980e-01,1.931060e+00,2.903510e+00,8.874180e-01,7.705980e+00,1.531250e+01,9.918320e+00,1.336810e+01,1.433810e+01
3.300000e-02,9.526426e+01,1.385001e+02,3.774440e-01,2.043460e+00,3.063620e+00,9.448770e-01,8.047830e+00,1.576150e+01,1.023030e+01,1.378860e+01,1.476890e+01
3.400000e-02,9.494891e+01,1.378574e+02,3.792310e-01,2.158070e+00,3.225820e+00,1.004150e+00,8.384690e+00,1.617760e+01,1.052370e+01,1.418410e+01,1.517050e+01
3.500000e-02,9.462589e+01,1.372082e+02,3.810600e-01,2.274680e+00,3.389750e+00,1.065180e+00,8.715380e+00,1.655880e+01,1.079720e+01,1.455280e+01,1.554130e+01
3.600000e-02,9.429529e+01,1.365432e+02,3.829300e-01,2.393200e+00,3.555240e+00,1.127980e+00,9.039030e+00,1.690400e+01,1.105030e+01,1.489390e+01,1.588020e+01
3.700000e-02,9.395935e+01,1.358689e+02,3.848390e-01,2.513430e+00,3.721910e+00,1.192480e+00,9.354580e+00,1.721180e+01,1.128200e+01,1.520610e+01,1.618600e+01
3.800000e-02,9.361814e+01,1.351824e+02,3.867860e-01,2.635340e+00,3.889700e+00,1.258700e+00,9.661480e+00,1.748200e+01,1.149200e+01,1.548920e+01,1.645860e+01
3.900000e-02,9.326958e+01,1.344869e+02,3.887700e-01,2.758840e+00,4.058420e+00,1.326640e+00,9.959080e+00,1.771420e+01,1.168020e+01,1.574300e+01,1.669760e+01
4.000000e-02,9.291375e+01,1.337766e+02,3.907910e-01,2.883590e+00,4.227480e+00,1.396170e+00,1.024600e+01,1.790680e+01,1.184530e+01,1.596540e+01,1.690130e+01
4.100000e-02,9.255289e+01,1.330608e+02,3.928470e-01,3.009690e+00,4.397020e+00,1.467370e+00,1.052220e+01,1.806120e+01,1.198820e+01,1.615820e+01,1.707130e+01
4.200000e-02,9.218707e+01,1.323366e+02,3.949380e-01,3.136810e+00,4.566530e+00,1.540110e+00,1.078650e+01,1.817640e+01,1.210810e+01,1.631960e+01,1.720620e+01
4.300000e-02,9.181634e+01,1.316012e+02,3.970620e-01,3.264890e+00,4.735850e+00,1.614400e+00,1.103850e+01,1.825320e+01,1.220520e+01,1.645060e+01,1.730700e+01
4.400000e-02,9.143659e+01,1.308549e+02,3.992170e-01,3.393840e+00,4.904830e+00,1.690210e+00,1.127790e+01,1.829250e+01,1.228040e+01,1.655200e+01,1.737470e+01
4.500000e-02,9.105630e+01,1.301068e+02,4.014040e-01,3.523440e+00,5.073080e+00,1.767480e+00,1.150400e+01,1.829440e+01,1.233310e+01,1.662300e+01,1.740880e+01
4.600000e-02,9.066925e+01,1.293451e+02,4.036210e-01,3.653410e+00,5.240150e+00,1.846070e+00,1.171570e+01,1.825920e+01,1.236340e+01,1.666400e+01,1.740980e+01
4.700000e-02,9.027344e+01,1.285760e+02,4.058660e-01,3.783620e+00,5.405880e+00,1.925940e+00,1.191290e+01,1.818820e+01,1.237190e+01,1.667550e+01,1.737850e+01
4.800000e-02,8.987730e+01,1.278027e+02,4.081400e-01,3.914120e+00,5.570320e+00,2.007160e+00,1.209590e+01,1.808340e+01,1.235970e+01,1.665900e+01,1.731660e+01
4.900000e-02,8.947465e+01,1.270223e+02,4.104400e-01,4.044720e+00,5.733170e+00,2.089630e+00,1.226420e+01,1.794620e+01,1.232740e+01,1.661550e+01,1.722560e+01
5.000000e-02,8.906765e+01,1.262380e+02,4.127660e-01,4.175230e+00,5.894180e+00,2.173280e+00,1.241750e+01,1.777760e+01,1.227540e+01,1.654550e+01,1.710610e+01
5.100000e-02,8.865638e+01,1.254440e+02,4.151160e-01,4.305240e+00,6.052710e+00,2.257900e+00,1.255480e+01,1.757840e+01,1.220390e+01,1.644920e+01,1.695860e+01
5.200000e-02,8.824295e+01,1.246465e+02,4.174920e-01,4.435270e+00,6.209530e+00,2.343790e+00,1.267790e+01,1.735260e+01,1.211510e+01,1.632970e+01,1.678640e+01
5.300000e-02,8.782537e+01,1.238483e+02,4.198890e-01,4.564650e+00,6.363710e+00,2.430610e+00,1.278550e+01,1.710020e+01,1.200900e+01,1.618670e+01,1.658970e+01
5.400000e-02,8.740374e+01,1.230439e+02,4.223070e-01,4.693240e+00,6.515000e+00,2.518280e+00,1.287730e+01,1.682300e+01,1.188610e+01,1.602120e+01,1.636970e+01
5.500000e-02,8.697812e+01,1.222334e+02,4.247460e-01,4.820990e+00,6.663350e+00,2.606790e+00,1.295390e+01,1.652300e+01,1.174800e+01,1.583500e+01,1.612840e+01
5.600000e-02,8.655058e+01,1.214227e+02,4.272050e-01,4.948000e+00,6.808950e+00,2.696190e+00,1.301580e+01,1.620300e+01,1.159560e+01,1.562970e+01,1.586790e+01
5.700000e-02,8.612119e+01,1.206091e+02,4.296810e-01,5.073690e+00,6.950960e+00,2.786170e+00,1.306200e+01,1.586350e+01,1.142930e+01,1.540560e+01,1.558850e+01
5.800000e-02,8.568603e+01,1.197898e+02,4.321760e-01,5.198240e+00,7.089660e+00,2.876850e+00,1.309370e+01,1.550750e+01,1.125070e+01,1.516500e+01,1.529290e+01
5.900000e-02,8.524914e+01,1.189707e+02,4.346850e-01,5.321400e+00,7.224750e+00,2.968070e+00,1.311060e+01,1.513650e+01,1.106050e+01,1.490870e+01,1.498230e+01
6.000000e-02,8.480862e+01,1.181490e+02,4.372110e-01,5.443240e+00,7.356360e+00,3.059860e+00,1.311370e+01,1.475260e+01,1.086000e+01,1.463870e+01,1.465860e+01
6.100000e-02,8.436649e+01,1.173248e+02,4.397500e-01,5.562980e+00,7.483380e+00,3.151790e+00,1.310160e+01,1.435630e+01,1.064910e+01,1.435450e+01,1.432180e+01
6.200000e-02,8.392281e+01,1.165011e+02,4.423040e-01,5.681280e+00,7.606800e+00,3.244230e+00,1.307650e+01,1.395150e+01,1.043010e+01,1.405940e+01,1.397540e+01
6.300000e-02,8.347569e+01,1.156751e+02,4.448680e-01,5.797500e+00,7.725820e+00,3.336790e+00,1.303760e+01,1.353830e+01,1.020310e+01,1.375360e+01,1.361970e+01
6.400000e-02,8.302713e+01,1.148471e+02,4.474460e-01,5.911770e+00,7.840560e+00,3.429540e+00,1.298580e+01,1.311920e+01,9.969540e+00,1.343880e+01,1.325670e+01
6.500000e-02,8.258097e+01,1.140224e+02,4.500320e-01,6.024240e+00,7.951320e+00,3.522560e+00,1.292220e+01,1.269650e+01,9.730670e+00,1.311700e+01,1.288830e+01
6.600000e-02,8.212587e+01,1.131931e+02,4.526300e-01,6.133950e+00,8.056850e+00,3.615260e+00,1.284540e+01,1.226980e+01,9.485940e+00,1.278720e+01,1.251400e+01
6.700000e-02,8.167328e+01,1.123673e+02,4.552350e-01,6.241590e+00,8.158170e+00,3.708040e+00,1.275750e+01,1.184230e+01,9.237590e+00,1.245260e+01,1.213680e+01
6.800000e-02,8.121757e+01,1.115398e+02,4.578490e-01,6.346880e+00,8.254870e+00,3.800710e+00,1.265860e+01,1.141510e+01,8.986130e+00,1.211380e+01,1.175760e+01
6.900000e-02,8.076255e+01,1.107159e+02,4.604680e-01,6.449330e+00,8.346410e+00,3.892950e+00,1.254860e+01,1.098860e+01,8.731860e+00,1.177120e+01,1.137690e+01
7.000000e-02,8.030637e+01,1.098905e+02,4.630940e-01,6.549440e+00,8.433460e+00,3.985030e+00,1.242890e+01,1.056540e+01,8.476380e+00,1.142700e+01,1.099680e+01
7.100000e-02,7.984542e+01,1.090662e+02,4.657250e-01,6.646610e+00,8.515360e+00,4.076600e+00,1.229930e+01,1.014540e+01,8.219580e+00,1.108100e+01,1.061730e+01
7.200000e-02,7.938528e+01,1.082406e+02,4.683600e-01,6.740930e+00,8.592240e+00,4.167650e+00,1.216050e+01,9.730380e+00,7.962600e+00,1.073470e+01,1.024010e+01
7.300000e-02,7.892598e+01,1.074212e+02,4.709980e-01,6.832360e+00,8.664140e+00,4.258140e+00,1.201330e+01,9.321140e+00,7.706060e+00,1.038910e+01,9.865870e+00
7.400000e-02,7.846392e+01,1.066007e+02,4.736380e-01,6.920930e+00,8.731110e+00,4.348050e+00,1.185820e+01,8.918720e+00,7.450650e+00,1.004490e+01,9.495640e+00
7.500000e-02,7.800277e+01,1.057840e+02,4.762800e-01,7.006160e+00,8.792660e+00,4.437060e+00,1.169520e+01,8.523480e+00,7.196630e+00,9.702660e+00,9.129730e+00
7.600000e-02,7.754075e+01,1.049663e+02,4.789210e-01,7.088510e+00,8.849450e+00,4.525410e+00,1.152570e+01,8.136680e+00,6.944960e+00,9.363540e+00,8.769400e+00
7.700000e-02,7.707615e+01,1.041550e+02,4.815640e-01,7.167930e+00,8.901460e+00,4.613050e+00,1.135030e+01,7.758990e+00,6.696130e+00,9.028330e+00,8.415350e+00
7.800000e-02,7.661433e+01,1.033451e+02,4.842040e-01,7.243680e+00,8.947790e+00,4.699460e+00,1.116820e+01,7.390200e+00,6.450020e+00,8.696730e+00,8.067280e+00
7.900000e-02,7.615177e+01,1.025369e+02,4.868420e-01,7.316350e+00,8.989360e+00,4.784990e+00,1.098120e+01,7.031450e+00,6.207620e+00,8.370110e+00,7.726510e+00
8.000000e-02,7.568503e+01,1.017279e+02,4.894790e-01,7.385430e+00,9.025490e+00,4.869250e+00,1.078900e+01,6.682720e+00,5.968940e+00,8.048540e+00,7.393040e+00
8.100000e-02,7.522116e+01,1.009276e+02,4.921110e-01,7.451310e+00,9.056780e+00,4.952480e+00,1.059280e+01,6.344750e+00,5.734660e+00,7.732830e+00,7.067640e+00
8.200000e-02,7.475668e+01,1.001267e+02,4.947390e-01,7.513860e+00,9.083200e+00,5.034540e+00,1.039290e+01,6.017690e+00,5.504910e+00,7.423310e+00,6.750520e+00
8.300000e-02,7.429336e+01,9.933219e+01,4.973620e-01,7.572780e+00,9.104360e+00,5.115180e+00,1.018950e+01,5.701490e+00,5.279830e+00,7.120040e+00,6.441760e+00
8.400000e-02,7.382781e+01,9.853715e+01,4.999790e-01,7.628120e+00,9.120530e+00,5.194390e+00,9.983110e+00,5.396400e+00,5.059720e+00,6.823420e+00,6.141680e+00
8.500000e-02,7.336518e+01,9.775073e+01,5.025890e-01,7.680480e+00,9.132390e+00,5.272560e+00,9.775030e+00,5.102910e+00,4.845110e+00,6.534300e+00,5.850950e+00
8.600000e-02,7.290041e+01,9.696165e+01,5.051920e-01,7.728530e+00,9.138490e+00,5.348700e+00,9.563990e+00,4.820140e+00,4.635410e+00,6.251710e+00,5.568650e+00
8.700000e-02,7.243859e+01,9.618116e+01,5.077860e-01,7.773660e+00,9.140460e+00,5.423720e+00,9.352240e+00,4.549060e+00,4.431620e+00,5.977150e+00,5.295990e+00
8.800000e-02,7.197472e+01,9.540255e+01,5.103730e-01,7.814900e+00,9.137420e+00,5.496920e+00,9.138930e+00,4.288900e+00,4.233310e+00,5.709930e+00,5.032250e+00
8.900000e-02,7.151218e+01,9.462807e+01,5.129490e-01,7.852840e+00,9.129930e+00,5.568660e+00,8.925250e+00,4.040000e+00,4.040940e+00,5.450760e+00,4.777970e+00
9.000000e-02,7.105097e+01,9.385772e+01,5.155160e-01,7.887200e+00,9.117910e+00,5.638650e+00,8.711160e+00,3.802020e+00,3.854470e+00,5.199480e+00,4.532860e+00
9.100000e-02,7.058948e+01,9.309149e+01,5.180710e-01,7.917850e+00,9.101210e+00,5.706810e+00,8.496980e+00,3.574740e+00,3.673790e+00,4.956030e+00,4.296860e+00
9.200000e-02,7.012777e+01,9.232940e+01,5.206150e-01,7.945290e+00,9.080510e+00,5.773420e+00,8.283480e+00,3.358170e+00,3.499180e+00,4.720760e+00,4.070140e+00
9.300000e-02,6.966907e+01,9.156932e+01,5.231480e-01,7.968920e+00,9.055070e+00,5.837970e+00,8.070390e+00,3.151830e+00,3.330370e+00,4.493280e+00,3.852290e+00
9.400000e-02,6.921018e+01,9.081550e+01,5.256670e-01,7.988970e+00,9.025460e+00,5.900610e+00,7.858240e+00,2.955590e+00,3.167400e+00,4.273700e+00,3.643310e+00
9.500000e-02,6.875116e+01,9.006582e+01,5.281740e-01,8.005790e+00,8.991950e+00,5.961540e+00,7.647640e+00,2.769300e+00,3.010400e+00,4.062150e+00,3.443260e+00
9.600000e-02,6.829360e+01,8.932232e+01,5.306670e-01,8.018970e+00,8.954300e+00,6.020360e+00,7.438430e+00,2.592500e+00,2.859130e+00,3.858310e+00,3.251730e+00
9.700000e-02,6.783753e+01,8.858088e+01,5.331460e-01,8.028940e+00,8.912910e+00,6.077390e+00,7.231250e+00,2.425040e+00,2.713690e+00,3.662340e+00,3.068730e+00
9.800000e-02,6.738140e+01,8.784357e+01,5.356100e-01,8.035210e+00,8.867450e+00,6.132150e+00,7.025840e+00,2.266470e+00,2.573820e+00,3.473860e+00,2.893880e+00
9.900000e-02,6.692679e+01,8.711240e+01,5.380600e-01,8.038440e+00,8.818650e+00,6.185150e+00,6.823000e+00,2.116650e+00,2.439640e+00,3.293060e+00,2.727180e+00
1.000000e-01,6.647525e+01,8.638533e+01,5.404940e-01,8.038220e+00,8.766110e+00,6.235970e+00,6.622480e+00,1.975110e+00,2.310890e+00,3.119570e+00,2.568260e+00
1.010000e-01,6.602068e+01,8.566433e+01,5.429110e-01,8.034990e+00,8.710460e+00,6.284890e+00,6.424980e+00,1.841750e+00,2.187690e+00,2.953550e+00,2.417140e+00
1.020000e-01,6.556922e+01,8.494347e+01,5.453130e-01,8.028060e+00,8.650930e+00,6.331360e+00,6.229850e+00,1.715920e+00,2.069560e+00,2.794380e+00,2.273190e+00
1.030000e-01,6.511934e+01,8.423062e+01,5.476990e-01,8.018450e+00,8.588690e+00,6.376150e+00,6.037940e+00,1.597480e+00,1.956630e+00,2.642190e+00,2.136420e+00
1.040000e-01,6.466957e+01,8.352183e+01,5.500660e-01,8.005380e+00,8.523050e+00,6.418460e+00,5.849100e+00,1.486180e+00,1.848760e+00,2.496840e+00,2.006660e+00
1.050000e-01,6.422143e+01,8.281900e+01,5.524150e-01,7.989390e+00,8.454590e+00,6.458730e+00,5.663650e+00,1.381640e+00,1.745790e+00,2.358090e+00,1.883600e+00
1.060000e-01,6.377640e+01,8.212020e+01,5.547480e-01,7.970590e+00,8.383490e+00,6.497050e+00,5.481640e+00,1.283530e+00,1.647570e+00,2.225720e+00,1.766980e+00
1.070000e-01,6.333007e+01,8.142354e+01,5.570630e-01,7.948620e+00,8.309410e+00,6.533040e+00,5.302840e+00,1.191450e+00,1.553830e+00,2.099400e+00,1.656440e+00
1.080000e-01,6.288687e+01,8.073466e+01,5.593600e-01,7.924000e+00,8.232980e+00,6.567060e+00,5.127790e+00,1.105260e+00,1.464620e+00,1.979190e+00,1.551950e+00
1.090000e-01,6.244390e+01,8.004975e+01,5.616350e-01,7.896510e+00,8.154070e+00,6.598760e+00,4.956570e+00,1.024700e+00,1.379820e+00,1.864910e+00,1.453280e+00
1.100000e-01,6.200261e+01,7.936883e+01,5.638960e-01,7.866120e+00,8.072550e+00,6.628320e+00,4.788560e+00,9.491740e-01,1.298980e+00,1.755960e+00,1.359840e+00
1.110000e-01,6.156161e+01,7.869189e+01,5.661330e-01,7.833050e+00,7.988920e+00,6.655600e+00,4.624600e+00,8.787710e-01,1.222340e+00,1.652690e+00,1.271830e+00
1.120000e-01,6.112375e+01,7.802073e+01,5.683530e-01,7.797400e+00,7.903170e+00,6.680800e+00,4.464280e+00,8.129830e-01,1.149520e+00,1.554550e+00,1.188750e+00
1.130000e-01,6.068621e+01,7.735529e+01,5.705510e-01,7.759300e+00,7.815550e+00,6.703840e+00,4.307950e+00,7.516990e-01,1.080520e+00,1.461560e+00,1.110530e+00
1.140000e-01,6.025180e+01,7.669375e+01,5.727310e-01,7.718930e+00,7.726260e+00,6.725000e+00,4.155470e+00,6.945620e-01,1.015090e+00,1.373380e+00,1.036840e+00
1.150000e-01,5.981912e+01,7.603788e+01,5.748890e-01,7.675840e+00,7.634930e+00,6.743660e+00,4.006730e+00,6.413790e-01,9.531040e-01,1.289850e+00,9.675080e-01
1.160000e-01,5.938408e+01,7.538414e+01,5.770280e-01,7.630540e+00,7.542040e+00,6.760330e+00,3.861820e+00,5.918800e-01,8.944050e-01,1.210740e+00,9.022900e-01
1.170000e-01,5.895356e+01,7.473775e+01,5.791460e-01,7.582930e+00,7.447610e+00,6.774820e+00,3.720740e+00,5.458710e-01,8.388710e-01,1.135900e+00,8.410140e-01
1.180000e-01,5.852346e+01,7.409348e+01,5.812420e-01,7.533220e+00,7.351860e+00,6.787230e+00,3.583560e+00,5.031610e-01,7.864040e-01,1.065190e+00,7.835140e-01
1.190000e-01,5.809650e+01,7.345646e+01,5.833170e-01,7.481570e+00,7.254960e+00,6.797700e+00,3.450250e+00,4.635190e-01,7.368340e-01,9.983850e-01,7.295620e-01
1.200000e-01,5.767001e+01,7.282156e+01,5.853720e-01,7.427530e+00,7.156570e+00,6.805780e+00,3.320520e+00,4.267290e-01,6.899910e-01,9.352550e-01,6.789330e-01
1.210000e-01,5.724400e+01,7.219215e+01,5.874050e-01,7.371710e+00,7.057240e+00,6.811980e+00,3.194590e+00,3.926310e-01,6.458020e-01,8.756950e-01,6.314940e-01
1.220000e-01,5.682115e+01,7.156818e+01,5.894170e-01,7.314310e+00,6.957240e+00,6.816380e+00,3.072520e+00,3.610750e-01,6.041810e-01,8.195740e-01,5.871050e-01
1.230000e-01,5.640012e+01,7.094797e+01,5.914060e-01,7.254760e+00,6.856070e+00,6.818420e+00,2.954000e+00,3.318650e-01,5.649610e-01,7.666690e-01,5.455450e-01
1.240000e-01,5.597963e+01,7.033314e+01,5.933750e-01,7.193780e+00,6.754410e+00,6.818760e+00,2.839190e+00,3.048550e-01,5.280840e-01,7.168600e-01,5.066880e-01
1.250000e-01,5.556227e+01,6.972203e+01,5.953200e-01,7.130780e+00,6.651780e+00,6.816740e+00,2.727860e+00,2.798910e-01,4.934650e-01,6.699630e-01,4.703620e-01
1.260000e-01,5.514549e+01,6.911781e+01,5.972440e-01,7.066810e+00,6.549130e+00,6.813380e+00,2.620220e+00,2.568440e-01,4.611190e-01,6.258780e-01,4.364500e-01
1.270000e-01,5.473057e+01,6.851411e+01,5.991470e-01,7.000660e+00,6.445370e+00,6.807470e+00,2.515770e+00,2.355440e-01,4.310350e-01,5.843640e-01,4.047410e-01
1.280000e-01,5.431628e+01,6.791724e+01,6.010270e-01,6.933490e+00,6.341640e+00,6.799990e+00,2.414910e+00,2.159240e-01,4.034480e-01,5.454140e-01,3.752010e-01
1.290000e-01,5.390388e+01,6.732246e+01,6.028850e-01,6.864600e+00,6.237230e+00,6.790300e+00,2.317220e+00,1.978180e-01,3.786450e-01,5.087870e-01,3.476220e-01
1.300000e-01,5.349461e+01,6.673597e+01,6.047210e-01,6.795000e+00,6.133170e+00,6.779310e+00,2.223040e+00,1.811620e-01,3.572900e-01,4.744640e-01,3.219610e-01
1.310000e-01,5.308600e+01,6.615002e+01,6.065340e-01,6.723890e+00,6.028720e+00,6.766220e+00,2.131930e+00,1.658160e-01,3.401460e-01,4.422300e-01,2.980390e-01
1.320000e-01,5.267930e+01,6.557073e+01,6.083250e-01,6.651640e+00,5.924240e+00,6.751360e+00,2.043940e+00,1.516930e-01,3.285890e-01,4.119920e-01,2.757660e-01
1.330000e-01,5.227451e+01,6.499501e+01,6.100950e-01,6.578230e+00,5.819720e+00,6.734670e+00,1.958980e+00,1.387020e-01,3.243550e-01,3.836290e-01,2.550370e-01
1.340000e-01,5.187164e+01,6.442434e+01,6.118420e-01,6.504280e+00,5.715720e+00,6.716710e+00,1.877130e+00,1.267720e-01,3.295390e-01,3.570680e-01,2.357780e-01
1.350000e-01,5.146951e+01,6.385722e+01,6.135660e-01,6.428970e+00,5.611590e+00,6.696560e+00,1.798140e+00,1.158140e-01,3.467090e-01,3.321670e-01,2.178780e-01
1.360000e-01,5.106931e+01,6.329509e+01,6.152710e-01,6.353020e+00,5.507870e+00,6.675070e+00,1.721980e+00,1.057470e-01,3.792090e-01,3.088130e-01,2.012370e-01
1.370000e-01,5.067339e+01,6.273646e+01,6.169500e-01,6.276440e+00,5.404680e+00,6.652040e+00,1.648700e+00,9.652320e-02,4.300490e-01,2.869560e-01,1.858100e-01
1.380000e-01,5.027592e+01,6.218133e+01,6.186100e-01,6.199020e+00,5.301790e+00,6.627380e+00,1.578050e+00,8.805760e-02,5.054100e-01,2.664400e-01,1.714800e-01
1.390000e-01,4.988156e+01,6.163253e+01,6.202470e-01,6.121120e+00,5.199500e+00,6.601350e+00,1.510070e+00,8.029980e-02,6.069120e-01,2.472020e-01,1.581920e-01
1.400000e-01,4.948915e+01,6.108576e+01,6.218620e-01,6.042280e+00,5.097480e+00,6.573400e+00,1.444580e+00,7.319280e-02,7.362000e-01,2.291530e-01,1.458720e-01
1.410000e-01,4.909870e+01,6.054524e+01,6.234540e-01,5.963340e+00,4.996420e+00,6.544420e+00,1.381690e+00,6.669350e-02,9.005790e-01,2.122260e-01,1.344700e-01
1.420000e-01,4.870909e+01,6.000812e+01,6.250260e-01,5.883940e+00,4.896000e+00,6.514060e+00,1.321190e+00,6.074260e-02,1.100170e+00,1.963220e-01,1.239040e-01
1.430000e-01,4.832257e+01,5.947439e+01,6.265780e-01,5.803900e+00,4.796050e+00,6.482010e+00,1.262940e+00,5.529470e-02,1.334590e+00,1.813680e-01,1.141140e-01
1.440000e-01,4.793691e+01,5.894405e+01,6.281070e-01,5.724010e+00,4.697350e+00,6.449200e+00,1.207130e+00,5.032440e-02,1.606430e+00,1.673410e-01,1.050740e-01
1.450000e-01,4.755323e+01,5.841979e+01,6.296160e-01,5.642870e+00,4.598580e+00,6.413970e+00,1.153260e+00,4.577000e-02,1.911710e+00,1.541210e-01,9.668850e-02
1.460000e-01,4.717262e+01,5.789886e+01,6.311030e-01,5.562360e+00,4.501410e+00,6.378410e+00,1.101740e+00,4.162080e-02,2.250480e+00,1.417280e-01,8.895770e-02
1.470000e-01,4.679290e+01,5.738125e+01,6.325690e-01,5.481310e+00,4.404840e+00,6.341140e+00,1.052210e+00,3.783120e-02,2.615040e+00,1.300840e-01,8.180970e-02
1.480000e-01,4.641304e+01,5.686696e+01,6.340170e-01,5.400800e+00,4.309700e+00,6.303530e+00,1.004770e+00,3.437450e-02,3.003190e+00,1.191580e-01,7.521170e-02
1.490000e-01,4.603732e+01,5.635728e+01,6.354410e-01,5.320910e+00,4.216110e+00,6.265490e+00,9.594130e-01,3.122960e-02,3.404370e+00,1.089470e-01,6.913670e-02
1.500000e-01,4.566358e+01,5.585088e+01,6.368480e-01,5.238340e+00,4.121360e+00,6.223270e+00,9.154040e-01,2.834430e-02,3.816420e+00,9.931700e-02,6.349090e-02
1.510000e-01,4.529080e+01,5.534903e+01,6.382320e-01,5.159000e+00,4.030240e+00,6.183660e+00,8.738180e-01,2.573630e-02,4.227840e+00,9.040010e-02,5.832940e-02
1.520000e-01,4.491899e+01,5.485043e+01,6.395980e-01,5.077190e+00,3.938120e+00,6.139990e+00,8.334740e-01,2.334480e-02,4.631990e+00,8.202670e-02,5.353530e-02
1.530000e-01,4.454921e+01,5.435506e+01,6.409430e-01,4.997140e+00,3.848410e+00,6.097230e+00,7.951220e-01,2.117750e-02,5.024720e+00,7.427200e-02,4.913960e-02
1.540000e-01,4.418247e+01,5.386541e+01,6.422690e-01,4.916650e+00,3.759350e+00,6.052740e+00,7.582830e-01,1.920220e-02,5.396420e+00,6.706740e-02,4.508320e-02
1.550000e-01,4.381673e+01,5.337772e+01,6.435760e-01,4.837130e+00,3.672010e+00,6.008300e+00,7.231160e-01,1.740800e-02,5.740930e+00,6.041580e-02,4.135410e-02
1.560000e-01,4.345302e+01,5.289444e+01,6.448610e-01,4.757430e+00,3.585500e+00,5.962350e+00,6.893930e-01,1.577560e-02,6.053640e+00,5.427850e-02,3.791960e-02
1.570000e-01,4.309134e+01,5.241553e+01,6.461290e-01,4.677700e+00,3.499940e+00,5.915150e+00,6.570700e-01,1.429060e-02,6.329440e+00,4.863530e-02,3.475640e-02
1.580000e-01,4.273070e+01,5.193857e+01,6.473780e-01,4.599610e+00,3.416550e+00,5.868830e+00,6.263060e-01,1.294430e-02,6.568030e+00,4.347690e-02,3.185470e-02
1.590000e-01,4.237210e+01,5.146477e+01,6.486050e-01,4.521120e+00,3.333830e+00,5.820660e+00,5.967960e-01,1.172050e-02,6.763390e+00,3.876780e-02,2.918400e-02
1.600000e-01,4.201554e+01,5.099528e+01,6.498150e-01,4.441610e+00,3.251290e+00,5.769990e+00,5.683770e-01,1.060510e-02,6.913890e+00,3.447250e-02,2.671920e-02
1.610000e-01,4.166103e+01,5.053008e+01,6.510030e-01,4.363570e+00,3.170800e+00,5.719800e+00,5.413620e-01,9.596310e-03,7.022690e+00,3.059400e-02,2.446310e-02
1.620000e-01,4.130855e+01,5.006797e+01,6.521750e-01,4.287990e+00,3.092980e+00,5.671640e+00,5.157540e-01,8.684240e-03,7.092730e+00,2.710370e-02,2.239960e-02
1.630000e-01,4.095718e+01,4.960780e+01,6.533270e-01,4.210070e+00,3.014370e+00,5.619010e+00,4.909600e-01,7.851710e-03,7.117070e+00,2.394930e-02,2.049150e-02
1.640000e-01,4.060785e+01,4.915300e+01,6.544590e-01,4.135160e+00,2.938840e+00,5.569030e+00,4.675640e-01,7.101880e-03,7.106720e+00,2.113890e-02,1.875300e-02
1.650000e-01,4.026243e+01,4.870236e+01,6.555730e-01,4.059330e+00,2.863550e+00,5.516510e+00,4.450490e-01,6.419430e-03,7.057610e+00,1.862190e-02,1.715070e-02
1.660000e-01,3.991627e+01,4.825363e+01,6.566680e-01,3.983250e+00,2.788960e+00,5.462350e+00,4.234570e-01,5.799730e-03,6.973880e+00,1.637840e-02,1.567760e-02
1.670000e-01,3.957309e+01,4.780794e+01,6.577450e-01,3.910200e+00,2.717340e+00,5.410970e+00,4.030860e-01,5.241500e-03,6.864260e+00,1.439770e-02,1.433550e-02
1.680000e-01,3.923286e+01,4.736636e+01,6.588030e-01,3.835990e+00,2.645780e+00,5.356660e+00,3.834650e-01,4.733820e-03,6.724910e+00,1.264000e-02,1.309930e-02
1.690000e-01,3.889287e+01,4.692778e+01,6.598410e-01,3.762330e+00,2.575440e+00,5.301630e+00,3.647320e-01,4.274220e-03,6.562140e+00,1.109060e-02,1.196650e-02
1.700000e-01,3.855494e+01,4.649219e+01,6.608620e-01,3.691300e+00,2.507770e+00,5.249030e+00,3.470490e-01,3.860500e-03,6.382670e+00,9.734590e-03,1.093500e-02
1.710000e-01,3.822082e+01,4.606170e+01,6.618650e-01,3.618880e+00,2.439970e+00,5.193050e+00,3.299860e-01,3.483980e-03,6.183110e+00,8.539310e-03,9.984150e-03
1.720000e-01,3.788785e+01,4.563310e+01,6.628510e-01,3.548810e+00,2.374530e+00,5.139080e+00,3.138500e-01,3.144710e-03,5.972950e+00,7.495610e-03,9.117430e-03
1.730000e-01,3.755519e+01,4.520641e+01,6.638180e-01,3.478750e+00,2.309930e+00,5.083740e+00,2.984070e-01,2.837420e-03,5.751360e+00,6.581950e-03,8.322730e-03
1.740000e-01,3.722631e+01,4.478577e+01,6.647690e-01,3.409950e+00,2.246930e+00,5.028890e+00,2.837170e-01,2.559780e-03,5.522870e+00,5.784680e-03,7.596160e-03
1.750000e-01,3.689776e+01,4.436597e+01,6.657000e-01,3.342040e+00,2.185290e+00,4.973920e+00,2.697340e-01,2.309130e-03,5.289620e+00,5.090170e-03,6.932280e-03
1.760000e-01,3.657379e+01,4.395113e+01,6.666160e-01,3.274530e+00,2.124670e+00,4.918170e+00,2.563710e-01,2.082240e-03,5.052810e+00,4.484060e-03,6.324010e-03
1.770000e-01,3.625017e+01,4.353916e+01,6.675140e-01,3.206620e+00,2.064550e+00,4.860420e+00,2.435500e-01,1.876640e-03,4.813540e+00,3.954670e-03,5.765830e-03
1.780000e-01,3.592858e+01,4.313005e+01,6.683950e-01,3.141130e+00,2.006730e+00,4.804980e+00,2.314510e-01,1.691750e-03,4.577700e+00,3.495060e-03,5.258210e-03
1.790000e-01,3.560820e+01,4.272381e+01,6.692610e-01,3.076680e+00,1.950280e+00,4.749750e+00,2.199380e-01,1.524810e-03,4.344700e+00,3.094400e-03,4.794390e-03
1.800000e-01,3.529068e+01,4.232042e+01,6.701100e-01,3.012450e+00,1.894680e+00,4.693430e+00,2.089380e-01,1.373960e-03,4.115060e+00,2.744440e-03,4.370140e-03
1.810000e-01,3.497438e+01,4.192084e+01,6.709430e-01,2.949280e+00,1.840450e+00,4.637430e+00,1.984720e-01,1.237780e-03,3.890610e+00,2.438790e-03,3.982560e-03
1.820000e-01,3.466091e+01,4.152408e+01,6.717600e-01,2.886330e+00,1.787040e+00,4.580390e+00,1.884680e-01,1.114680e-03,3.671210e+00,2.171470e-03,3.627890e-03
1.830000e-01,3.434947e+01,4.113107e+01,6.725630e-01,2.824690e+00,1.735120e+00,4.524040e+00,1.789720e-01,1.003760e-03,3.459370e+00,1.937180e-03,3.304590e-03
1.840000e-01,3.403847e+01,4.073990e+01,6.733490e-01,2.763070e+00,1.683870e+00,4.466330e+00,1.698810e-01,9.034110e-04,3.253950e+00,1.730870e-03,3.008510e-03
1.850000e-01,3.373106e+01,4.035246e+01,6.741200e-01,2.703730e+00,1.634670e+00,4.410930e+00,1.613170e-01,8.134000e-04,3.057940e+00,1.550580e-03,2.739900e-03
1.860000e-01,3.342489e+01,3.996778e+01,6.748770e-01,2.645010e+00,1.586460e+00,4.355160e+00,1.531520e-01,7.321430e-04,2.869690e+00,1.391430e-03,2.494500e-03
1.870000e-01,3.312074e+01,3.958585e+01,6.756190e-01,2.586450e+00,1.538980e+00,4.298270e+00,1.453460e-01,6.587360e-04,2.689050e+00,1.250550e-03,2.270100e-03
1.880000e-01,3.281860e+01,3.920848e+01,6.763470e-01,2.530050e+00,1.493400e+00,4.243680e+00,1.379890e-01,5.928520e-04,2.518080e+00,1.126300e-03,2.066440e-03
1.890000e-01,3.251771e+01,3.883202e+01,6.770600e-01,2.473590e+00,1.448370e+00,4.187550e+00,1.309430e-01,5.332990e-04,2.354540e+00,1.015730e-03,1.880070e-03
1.900000e-01,3.221959e+01,3.845918e+01,6.777600e-01,2.417860e+00,1.404360e+00,4.131370e+00,1.242340e-01,4.795990e-04,2.199190e+00,9.172520e-04,1.710010e-03
1.910000e-01,3.192199e+01,3.808904e+01,6.784460e-01,2.363130e+00,1.361500e+00,4.075560e+00,1.178600e-01,4.312370e-04,2.052190e+00,8.294280e-04,1.555070e-03
1.920000e-01,3.162787e+01,3.772246e+01,6.791190e-01,2.309540e+00,1.319860e+00,4.020350e+00,1.118130e-01,3.877450e-04,1.913540e+00,7.510250e-04,1.414110e-03
1.930000e-01,3.133574e+01,3.735855e+01,6.797790e-01,2.256950e+00,1.279350e+00,3.965570e+00,1.060710e-01,3.485930e-04,1.782830e+00,6.808010e-04,1.285740e-03
1.940000e-01,3.104488e+01,3.699730e+01,6.804260e-01,2.205380e+00,1.239940e+00,3.911260e+00,1.006190e-01,3.133640e-04,1.659830e+00,6.177940e-04,1.168880e-03
1.950000e-01,3.075530e+01,3.663870e+01,6.810590e-01,2.154780e+00,1.201610e+00,3.857370e+00,9.544350e-02,2.816710e-04,1.544310e+00,5.611230e-04,1.062530e-03
1.960000e-01,3.046842e+01,3.628357e+01,6.816790e-01,2.104920e+00,1.164200e+00,3.803480e+00,9.051890e-02,2.531290e-04,1.435730e+00,5.100240e-04,9.656250e-04
1.970000e-01,3.018283e+01,3.593106e+01,6.822880e-01,2.055360e+00,1.127460e+00,3.748810e+00,8.581800e-02,2.273930e-04,1.333520e+00,4.638130e-04,8.771980e-04
1.980000e-01,2.989992e+01,3.558033e+01,6.828850e-01,2.006590e+00,1.091650e+00,3.694310e+00,8.134980e-02,2.042360e-04,1.237720e+00,4.220380e-04,7.966920e-04
1.990000e-01,2.961829e+01,3.523384e+01,6.834700e-01,1.959550e+00,1.057260e+00,3.641730e+00,7.713910e-02,1.834850e-04,1.148620e+00,3.843760e-04,7.237490e-04
2.000000e-01,2.933932e+01,3.488992e+01,6.840430e-01,1.912660e+00,1.023420e+00,3.588130e+00,7.311390e-02,1.647620e-04,1.064970e+00,3.501110e-04,6.571570e-04
2.010000e-01,2.906163e+01,3.454777e+01,6.846060e-01,1.867530e+00,9.909700e-01,3.536590e+00,6.932320e-02,1.479900e-04,9.873240e-01,3.191580e-04,5.968390e-04
2.020000e-01,2.878591e+01,3.420897e+01,6.851550e-01,1.822250e+00,9.589000e-01,3.483520e+00,6.569020e-02,1.328470e-04,9.144420e-01,2.909010e-04,5.417220e-04
2.030000e-01,2.851215e+01,3.387349e+01,6.856940e-01,1.778510e+00,9.280730e-01,3.432150e+00,6.226560e-02,1.192830e-04,8.468620e-01,2.653190e-04,4.917980e-04
2.040000e-01,2.824035e+01,3.353976e+01,6.862220e-01,1.735560e+00,8.980800e-01,3.381050e+00,5.901340e-02,1.070880e-04,7.839260e-01,2.420360e-04,4.464050e-04
2.050000e-01,2.797049e+01,3.320932e+01,6.867400e-01,1.693190e+00,8.687960e-01,3.329880e+00,5.591720e-02,9.610920e-05,7.252370e-01,2.207940e-04,4.050640e-04
2.060000e-01,2.770257e+01,3.288062e+01,6.872470e-01,1.651840e+00,8.404380e-01,3.279500e+00,5.298540e-02,8.625590e-05,6.707560e-01,2.014720e-04,3.675400e-04
2.070000e-01,2.743595e+01,3.255517e+01,6.877430e-01,1.610750e+00,8.126160e-01,3.228450e+00,5.018690e-02,7.738070e-05,6.199320e-01,1.838070e-04,3.333410e-04
2.080000e-01,2.717190e+01,3.223295e+01,6.882300e-01,1.570870e+00,7.857880e-01,3.178590e+00,4.754410e-02,6.942800e-05,5.728910e-01,1.677460e-04,3.023540e-04
2.090000e-01,2.690977e+01,3.191317e+01,6.887070e-01,1.531940e+00,7.598170e-01,3.129490e+00,4.504250e-02,6.229460e-05,5.293130e-01,1.531190e-04,2.742470e-04
2.100000e-01,2.664894e+01,3.159512e+01,6.891740e-01,1.493340e+00,7.343630e-01,3.079910e+00,4.265450e-02,5.586580e-05,4.887200e-01,1.397200e-04,2.486240e-04
2.110000e-01,2.639064e+01,3.128095e+01,6.896310e-01,1.456160e+00,7.099750e-01,3.032080e+00,4.040900e-02,5.012100e-05,4.513200e-01,1.275600e-04,2.254780e-04
2.120000e-01,2.613425e+01,3.096849e+01,6.900780e-01,1.419760e+00,6.863020e-01,2.984730e+00,3.827890e-02,4.496200e-05,4.166600e-01,1.164570e-04,2.044580e-04
2.130000e-01,2.587855e+01,3.065844e+01,6.905170e-01,1.383700e+00,6.631320e-01,2.937010e+00,3.624770e-02,4.031630e-05,3.844350e-01,1.062860e-04,1.853120e-04
2.140000e-01,2.562595e+01,3.035149e+01,6.909450e-01,1.348220e+00,6.405750e-01,2.889330e+00,3.431840e-02,3.614590e-05,3.545820e-01,9.699410e-05,1.679280e-04
2.150000e-01,2.537523e+01,3.004692e+01,6.913650e-01,1.313740e+00,6.188140e-01,2.842710e+00,3.249540e-02,3.240880e-05,3.270230e-01,8.852630e-05,1.521800e-04
2.160000e-01,2.512638e+01,2.974541e+01,6.917760e-01,1.280270e+00,5.978340e-01,2.797180e+00,3.077320e-02,2.906020e-05,3.015930e-01,8.080910e-05,1.379170e-04
2.170000e-01,2.487883e+01,2.944557e+01,6.921780e-01,1.247450e+00,5.774600e-01,2.752000e+00,2.913900e-02,2.605420e-05,2.780660e-01,7.375790e-05,1.249700e-04
2.180000e-01,2.463259e+01,2.914808e+01,6.925720e-01,1.215160e+00,5.576220e-01,2.706900e+00,2.758590e-02,2.335370e-05,2.562780e-01,6.730780e-05,1.132080e-04
2.190000e-01,2.438934e+01,2.885360e+01,6.929580e-01,1.183480e+00,5.383580e-01,2.662130e+00,2.611240e-02,2.093050e-05,2.361300e-01,6.141410e-05,1.025340e-04
2.200000e-01,2.414794e+01,2.856209e+01,6.933370e-01,1.152480e+00,5.196780e-01,2.617820e+00,2.471590e-02,1.875710e-05,2.175180e-01,5.603170e-05,9.285310e-05
2.210000e-01,2.390782e+01,2.827223e+01,6.937070e-01,1.122170e+00,5.015830e-01,2.574040e+00,2.339290e-02,1.680820e-05,2.003370e-01,5.111770e-05,8.407760e-05
2.220000e-01,2.367009e+01,2.798530e+01,6.940690e-01,1.092790e+00,4.841660e-01,2.531370e+00,2.214430e-02,1.506370e-05,1.845200e-01,4.664120e-05,7.613900e-05
2.230000e-01,2.343419e+01,2.770065e+01,6.944230e-01,1.064200e+00,4.673520e-01,2.489520e+00,2.096410e-02,1.350140e-05,1.699460e-01,4.255960e-05,6.895270e-05
2.240000e-01,2.319957e+01,2.741827e+01,6.947700e-01,1.036030e+00,4.509730e-01,2.447680e+00,1.984210e-02,1.209820e-05,1.564670e-01,3.882480e-05,6.242630e-05
2.250000e-01,2.296677e+01,2.713876e+01,6.951090e-01,1.008420e+00,4.350770e-01,2.406170e+00,1.877750e-02,1.083900e-05,1.440200e-01,3.541150e-05,5.650590e-05
2.260000e-01,2.273579e+01,2.686087e+01,6.954400e-01,9.815180e-01,4.197200e-01,2.365350e+00,1.777040e-02,9.710660e-06,1.325530e-01,3.229770e-05,5.114480e-05
2.270000e-01,2.250712e+01,2.658582e+01,6.957650e-01,9.552630e-01,4.048670e-01,2.325140e+00,1.681720e-02,8.699760e-06,1.219850e-01,2.945660e-05,4.628980e-05
2.280000e-01,2.228025e+01,2.631298e+01,6.960820e-01,9.295950e-01,3.904820e-01,2.285430e+00,1.591410e-02,7.793360e-06,1.122380e-01,2.686200e-05,4.188930e-05
2.290000e-01,2.205566e+01,2.604294e+01,6.963920e-01,9.045160e-01,3.765590e-01,2.246250e+00,1.505890e-02,6.981050e-06,1.032540e-01,2.449360e-05,3.790280e-05
2.300000e-01,2.183182e+01,2.577508e+01,6.966960e-01,8.800510e-01,3.631000e-01,2.207660e+00,1.424960e-02,6.253330e-06,9.497990e-02,2.233290e-05,3.429350e-05
2.310000e-01,2.161026e+01,2.550939e+01,6.969930e-01,8.562040e-01,3.500960e-01,2.169720e+00,1.348420e-02,5.601620e-06,8.736290e-02,2.036250e-05,3.102700e-05
2.320000e-01,2.139045e+01,2.524643e+01,6.972830e-01,8.329640e-01,3.375360e-01,2.132420e+00,1.276020e-02,5.017990e-06,8.035140e-02,1.856550e-05,2.807090e-05
2.330000e-01,2.117240e+01,2.498561e+01,6.975670e-01,8.102970e-01,3.253970e-01,2.095700e+00,1.207520e-02,4.495100e-06,7.389540e-02,1.692620e-05,2.539470e-05
2.340000e-01,2.095656e+01,2.472692e+01,6.978450e-01,7.881300e-01,3.136420e-01,2.059410e+00,1.142610e-02,4.026450e-06,6.794700e-02,1.542970e-05,2.297060e-05
2.350000e-01,2.074245e+01,2.447034e+01,6.981170e-01,7.664170e-01,3.022450e-01,2.023460e+00,1.081040e-02,3.606020e-06,6.246250e-02,1.406250e-05,2.077320e-05
2.360000e-01,2.053005e+01,2.421642e+01,6.983820e-01,7.452000e-01,2.912160e-01,1.987990e+00,1.022730e-02,3.229250e-06,5.741120e-02,1.281470e-05,1.878320e-05
2.370000e-01,2.031889e+01,2.396459e+01,6.986430e-01,7.245370e-01,2.805720e-01,1.953170e+00,9.676090e-03,2.891970e-06,5.276520e-02,1.167730e-05,1.698330e-05
2.380000e-01,2.010990e+01,2.371483e+01,6.988970e-01,7.044280e-01,2.703050e-01,1.919020e+00,9.155240e-03,2.590140e-06,4.849390e-02,1.064080e-05,1.535590e-05
2.390000e-01,1.990261e+01,2.346713e+01,6.991460e-01,6.848360e-01,2.603920e-01,1.885470e+00,8.662690e-03,2.319880e-06,4.456550e-02,9.696010e-06,1.388380e-05
2.400000e-01,1.969700e+01,2.322202e+01,6.993880e-01,6.657360e-01,2.508170e-01,1.852460e+00,8.196640e-03,2.077820e-06,4.095190e-02,8.834540e-06,1.255190e-05
2.410000e-01,1.949351e+01,2.297947e+01,6.996240e-01,6.471110e-01,2.415690e-01,1.819950e+00,7.755500e-03,1.860920e-06,3.762770e-02,8.048950e-06,1.134680e-05
2.420000e-01,1.929123e+01,2.273841e+01,6.998550e-01,6.289560e-01,2.326390e-01,1.787960e+00,7.338070e-03,1.666680e-06,3.457070e-02,7.332820e-06,1.025690e-05
2.430000e-01,1.909062e+01,2.249987e+01,7.000810e-01,6.112690e-01,2.240210e-01,1.756540e+00,6.943370e-03,1.492810e-06,3.176040e-02,6.680180e-06,9.271410e-06
2.440000e-01,1.889209e+01,2.226332e+01,7.003030e-01,5.940500e-01,2.157080e-01,1.725700e+00,6.570250e-03,1.337140e-06,2.917670e-02,6.085360e-06,8.380130e-06
2.450000e-01,1.869563e+01,2.202926e+01,7.005200e-01,5.772910e-01,2.076900e-01,1.695420e+00,6.217310e-03,1.197720e-06,2.680170e-02,5.543280e-06,7.574200e-06
2.460000e-01,1.850035e+01,2.179767e+01,7.007310e-01,5.609550e-01,1.999490e-01,1.665570e+00,5.883090e-03,1.072790e-06,2.461780e-02,5.049090e-06,6.845240e-06
2.470000e-01,1.830712e+01,2.156751e+01,7.009380e-01,5.449980e-01,1.924620e-01,1.636040e+00,5.566220e-03,9.607630e-07,2.260810e-02,4.598250e-06,6.185450e-06
2.480000e-01,1.811549e+01,2.133929e+01,7.011390e-01,5.294440e-01,1.852350e-01,1.606890e+00,5.266130e-03,8.604020e-07,2.076090e-02,4.187390e-06,5.588880e-06
2.490000e-01,1.792503e+01,2.111397e+01,7.013360e-01,5.143240e-01,1.782740e-01,1.578210e+00,4.982280e-03,7.705640e-07,1.906490e-02,3.813370e-06,5.050050e-06
2.500000e-01,1.773658e+01,2.089008e+01,7.015280e-01,4.995880e-01,1.715550e-01,1.549840e+00,4.713250e-03,6.900440e-07,1.750630e-02,3.472550e-06,4.562890e-06
2.510000e-01,1.754971e+01,2.066855e+01,7.017140e-01,4.851930e-01,1.650590e-01,1.521640e+00,4.457790e-03,6.177700e-07,1.607200e-02,3.161600e-06,4.121910e-06
2.520000e-01,1.736481e+01,2.044890e+01,7.018960e-01,4.711720e-01,1.587910e-01,1.493680e+00,4.215450e-03,5.529770e-07,1.475390e-02,2.878270e-06,3.723270e-06
2.530000e-01,1.718146e+01,2.023159e+01,7.020740e-01,4.575640e-01,1.527620e-01,1.466050e+00,3.985910e-03,4.949470e-07,1.354430e-02,2.620440e-06,3.363330e-06
2.540000e-01,1.700004e+01,2.001612e+01,7.022480e-01,4.443730e-01,1.469690e-01,1.438740e+00,3.768520e-03,4.429740e-07,1.243500e-02,2.385920e-06,3.038460e-06
2.550000e-01,1.682016e+01,1.980295e+01,7.024190e-01,4.315580e-01,1.413910e-01,1.411570e+00,3.562170e-03,3.963790e-07,1.141650e-02,2.172420e-06,2.745020e-06
2.560000e-01,1.664141e+01,1.959160e+01,7.025860e-01,4.190750e-01,1.360100e-01,1.384390e+00,3.365870e-03,3.545420e-07,1.048030e-02,1.977820e-06,2.479640e-06
2.570000e-01,1.646456e+01,1.938206e+01,7.027480e-01,4.068980e-01,1.308130e-01,1.357090e+00,3.178920e-03,3.169740e-07,9.619620e-03,1.800430e-06,2.239640e-06
2.580000e-01,1.628921e+01,1.917476e+01,7.029060e-01,3.950070e-01,1.257920e-01,1.329560e+00,3.000750e-03,2.832290e-07,8.828320e-03,1.638700e-06,2.022550e-06
2.590000e-01,1.611573e+01,1.896924e+01,7.030590e-01,3.834140e-01,1.209470e-01,1.301840e+00,2.831000e-03,2.529480e-07,8.101370e-03,1.491380e-06,1.826380e-06
2.600000e-01,1.594373e+01,1.876549e+01,7.032080e-01,3.721380e-01,1.162790e-01,1.273940e+00,2.669360e-03,2.257890e-07,7.434060e-03,1.357290e-06,1.649220e-06
2.610000e-01,1.577321e+01,1.856436e+01,7.033530e-01,3.611940e-01,1.117890e-01,1.245890e+00,2.515490e-03,2.014180e-07,6.821680e-03,1.235230e-06,1.489210e-06
2.620000e-01,1.560451e+01,1.836496e+01,7.034960e-01,3.505750e-01,1.074730e-01,1.217630e+00,2.368970e-03,1.795590e-07,6.259920e-03,1.124180e-06,1.344760e-06
2.630000e-01,1.543761e+01,1.816728e+01,7.036350e-01,3.402630e-01,1.033200e-01,1.189060e+00,2.229290e-03,1.599670e-07,5.744640e-03,1.023180e-06,1.214410e-06
2.640000e-01,1.527214e+01,1.797173e+01,7.037720e-01,3.302390e-01,9.932170e-02,1.160070e+00,2.095940e-03,1.423970e-07,5.271720e-03,9.312580e-07,1.096720e-06
2.650000e-01,1.510811e+01,1.777788e+01,7.039080e-01,3.204850e-01,9.546870e-02,1.130570e+00,1.968480e-03,1.266140e-07,4.837170e-03,8.474880e-07,9.902970e-07
2.660000e-01,1.494548e+01,1.758612e+01,7.040410e-01,3.109890e-01,9.175430e-02,1.100540e+00,1.846620e-03,1.124440e-07,4.437920e-03,7.711600e-07,8.940800e-07
2.670000e-01,1.478461e+01,1.739562e+01,7.041730e-01,3.017380e-01,8.817300e-02,1.069960e+00,1.730210e-03,9.974280e-08,4.071280e-03,7.016530e-07,8.071570e-07
2.680000e-01,1.462514e+01,1.720719e+01,7.043020e-01,2.927260e-01,8.472020e-02,1.038870e+00,1.619090e-03,8.836670e-08,3.734630e-03,6.383650e-07,7.286370e-07
2.690000e-01,1.446738e+01,1.702080e+01,7.044300e-01,2.839760e-01,8.139910e-02,1.007400e+00,1.513230e-03,7.819390e-08,3.425820e-03,5.807880e-07,6.577660e-07
2.700000e-01,1.431133e+01,1.683604e+01,7.045560e-01,2.755110e-01,7.821390e-02,9.757140e-01,1.412610e-03,6.910980e-08,3.142800e-03,5.284490e-07,5.938330e-07
2.710000e-01,1.415663e+01,1.665329e+01,7.046800e-01,2.673130e-01,7.515610e-02,9.438220e-01,1.317060e-03,6.100630e-08,2.883350e-03,4.808590e-07,5.361490e-07
2.720000e-01,1.400361e+01,1.647252e+01,7.048020e-01,2.593350e-01,7.221040e-02,9.116680e-01,1.226270e-03,5.377940e-08,2.645170e-03,4.375300e-07,4.840400e-07
2.730000e-01,1.385224e+01,1.629334e+01,7.049220e-01,2.515580e-01,6.936900e-02,8.792780e-01,1.140070e-03,4.734000e-08,2.426380e-03,3.980600e-07,4.369490e-07
2.740000e-01,1.370187e+01,1.611610e+01,7.050410e-01,2.439870e-01,6.663140e-02,8.467650e-01,1.058370e-03,4.161370e-08,2.225540e-03,3.621320e-07,3.944250e-07
2.750000e-01,1.355345e+01,1.594043e+01,7.051570e-01,2.366310e-01,6.399710e-02,8.142430e-01,9.810970e-04,3.652670e-08,2.041250e-03,3.294340e-07,3.560240e-07
2.760000e-01,1.340633e+01,1.576631e+01,7.052720e-01,2.294940e-01,6.146510e-02,7.818180e-01,9.081620e-04,3.201060e-08,1.872130e-03,2.996700e-07,3.213350e-07
2.770000e-01,1.326050e+01,1.559409e+01,7.053860e-01,2.225680e-01,5.903160e-02,7.495690e-01,8.394300e-04,2.801250e-08,1.717050e-03,2.726000e-07,2.900310e-07
2.780000e-01,1.311626e+01,1.542340e+01,7.054990e-01,2.158440e-01,5.669200e-02,7.175680e-01,7.747590e-04,2.448220e-08,1.574900e-03,2.479940e-07,2.618040e-07
2.790000e-01,1.297358e+01,1.525457e+01,7.056110e-01,2.093140e-01,5.444220e-02,6.858900e-01,7.140100e-04,2.136980e-08,1.444550e-03,2.256230e-07,2.363460e-07
2.800000e-01,1.283246e+01,1.508725e+01,7.057250e-01,2.029690e-01,5.227780e-02,6.546080e-01,6.570420e-04,1.862540e-08,1.324910e-03,2.052560e-07,2.133490e-07
2.810000e-01,1.269258e+01,1.492176e+01,7.058390e-01,1.968040e-01,5.019540e-02,6.238080e-01,6.037250e-04,1.620720e-08,1.215050e-03,1.867050e-07,1.925610e-07
2.820000e-01,1.255394e+01,1.475808e+01,7.059530e-01,1.908150e-01,4.819260e-02,5.935880e-01,5.539380e-04,1.408270e-08,1.114240e-03,1.698200e-07,1.737880e-07
2.830000e-01,1.241709e+01,1.459587e+01,7.060650e-01,1.850000e-01,4.626700e-02,5.640480e-01,5.075650e-04,1.221950e-08,1.021770e-03,1.544580e-07,1.568400e-07
2.840000e-01,1.228146e+01,1.443544e+01,7.061760e-01,1.793560e-01,4.441630e-02,5.352770e-01,4.644800e-04,1.058700e-08,9.369370e-04,1.404780e-07,1.415340e-07
2.850000e-01,1.214731e+01,1.427644e+01,7.062850e-01,1.738780e-01,4.263790e-02,5.073290e-01,4.245310e-04,9.161260e-09,8.591660e-04,1.277680e-07,1.277260e-07
2.860000e-01,1.201434e+01,1.411952e+01,7.063930e-01,1.685630e-01,4.092920e-02,4.802440e-01,3.875590e-04,7.920440e-09,7.879090e-04,1.162190e-07,1.152820e-07
2.870000e-01,1.188311e+01,1.396368e+01,7.065010e-01,1.634070e-01,3.928760e-02,4.540640e-01,3.534040e-04,6.842720e-09,7.226160e-04,1.057260e-07,1.040660e-07
2.880000e-01,1.175303e+01,1.380988e+01,7.066090e-01,1.584040e-01,3.771040e-02,4.288290e-01,3.219070e-04,5.906270e-09,6.627380e-04,9.618320e-08,9.394550e-08
2.890000e-01,1.162412e+01,1.365715e+01,7.067170e-01,1.535500e-01,3.619500e-02,4.045750e-01,2.929080e-04,5.090890e-09,6.077630e-04,8.749030e-08,8.479530e-08
2.900000e-01,1.149662e+01,1.350641e+01,7.068250e-01,1.488390e-01,3.473870e-02,3.813060e-01,2.662560e-04,4.382870e-09,5.573100e-04,7.957630e-08,7.652810e-08
2.910000e-01,1.137051e+01,1.335703e+01,7.069330e-01,1.442650e-01,3.333890e-02,3.590230e-01,2.418030e-04,3.770090e-09,5.110320e-04,7.237670e-08,6.906590e-08
2.920000e-01,1.124579e+01,1.320931e+01,7.070410e-01,1.398210e-01,3.199300e-02,3.377250e-01,2.193980e-04,3.240410e-09,4.685830e-04,6.582710e-08,6.233060e-08
2.930000e-01,1.112218e+01,1.306291e+01,7.071470e-01,1.355020e-01,3.069850e-02,3.174110e-01,1.988960e-04,2.782420e-09,4.296320e-04,5.986620e-08,5.624800e-08
2.940000e-01,1.099993e+01,1.291814e+01,7.072520e-01,1.313100e-01,2.945450e-02,2.980760e-01,1.801700e-04,2.387490e-09,3.939150e-04,5.444490e-08,5.075940e-08
2.950000e-01,1.087878e+01,1.277497e+01,7.073560e-01,1.272460e-01,2.826030e-02,2.797170e-01,1.630960e-04,2.047680e-09,3.611810e-04,4.951730e-08,4.580970e-08
2.960000e-01,1.075895e+01,1.263310e+01,7.074600e-01,1.233120e-01,2.711520e-02,2.623270e-01,1.475510e-04,1.755150e-09,3.311820e-04,4.503780e-08,4.134460e-08
2.970000e-01,1.064045e+01,1.249281e+01,7.075640e-01,1.195030e-01,2.601710e-02,2.458770e-01,1.334150e-04,1.503490e-09,3.036900e-04,4.096540e-08,3.731640e-08
2.980000e-01,1.052325e+01,1.235407e+01,7.076650e-01,1.158110e-01,2.496310e-02,2.303230e-01,1.205660e-04,1.287220e-09,2.784890e-04,3.726250e-08,3.368180e-08
2.990000e-01,1.040711e+01,1.221659e+01,7.077640e-01,1.122280e-01,2.395050e-02,2.156210e-01,1.088850e-04,1.101040e-09,2.553680e-04,3.389240e-08,3.039890e-08
3.000000e-01,1.029224e+01,1.208092e+01,7.078600e-01,1.087490e-01,2.297740e-02,2.017390e-01,9.827860e-05,9.410740e-10,2.341580e-04,3.082590e-08,2.743480e-08
3.010000e-01,1.017865e+01,1.194648e+01,7.079550e-01,1.053720e-01,2.204240e-02,1.886480e-01,8.866440e-05,8.042400e-10,2.147160e-04,2.803830e-08,2.476170e-08
3.020000e-01,1.006630e+01,1.181354e+01,7.080480e-01,1.020940e-01,2.114410e-02,1.763220e-01,7.996050e-05,6.874500e-10,1.968970e-04,2.550470e-08,2.235160e-08
3.030000e-01,9.955154e+00,1.168208e+01,7.081410e-01,9.891260e-02,2.028130e-02,1.647320e-01,7.208520e-05,5.876190e-10,1.805560e-04,2.320050e-08,2.017690e-08
3.040000e-01,9.845120e+00,1.155181e+01,7.082340e-01,9.582630e-02,1.945270e-02,1.538510e-01,6.495970e-05,5.018830e-10,1.655580e-04,2.110220e-08,1.821140e-08
3.050000e-01,9.736212e+00,1.142326e+01,7.083270e-01,9.283450e-02,1.865740e-02,1.436460e-01,5.852040e-05,4.283940e-10,1.517990e-04,1.919270e-08,1.643610e-08
3.060000e-01,9.628442e+00,1.129588e+01,7.084190e-01,8.993710e-02,1.789470e-02,1.340840e-01,5.270790e-05,3.655970e-10,1.391880e-04,1.745660e-08,1.483460e-08
3.070000e-01,9.521777e+00,1.116966e+01,7.085100e-01,8.713430e-02,1.716380e-02,1.251300e-01,4.746280e-05,3.119450e-10,1.276340e-04,1.587870e-08,1.339000e-08
3.080000e-01,9.416250e+00,1.104511e+01,7.085990e-01,8.442220e-02,1.646340e-02,1.167500e-01,4.273090e-05,2.661080e-10,1.170480e-04,1.444450e-08,1.208710e-08
3.090000e-01,9.311829e+00,1.092169e+01,7.086870e-01,8.179230e-02,1.579110e-02,1.089050e-01,3.846390e-05,2.270230e-10,1.073450e-04,1.314070e-08,1.091190e-08
3.100000e-01,9.208523e+00,1.079966e+01,7.087740e-01,7.923610e-02,1.514460e-02,1.015570e-01,3.461420e-05,1.936470e-10,9.844040e-05,1.195400e-08,9.850560e-09
3.110000e-01,9.106343e+00,1.067899e+01,7.088600e-01,7.674960e-02,1.452260e-02,9.467620e-02,3.114020e-05,1.651010e-10,9.026400e-05,1.087320e-08,8.891280e-09
3.120000e-01,9.005234e+00,1.055966e+01,7.089440e-01,7.433620e-02,1.392510e-02,8.824080e-02,2.800920e-05,1.407460e-10,8.276360e-05,9.889730e-09,8.025230e-09
3.130000e-01,8.905207e+00,1.044167e+01,7.090260e-01,7.199980e-02,1.335230e-02,8.223080e-02,2.518960e-05,1.199670e-10,7.588920e-05,8.995560e-09,7.243800e-09
3.140000e-01,8.806250e+00,1.032476e+01,7.091060e-01,6.974160e-02,1.280380e-02,7.662400e-02,2.265150e-05,1.022200e-10,6.959140e-05,8.182860e-09,6.538880e-09
3.150000e-01,8.708332e+00,1.020939e+01,7.091850e-01,6.755670e-02,1.227840e-02,7.139460e-02,2.036900e-05,8.711270e-11,6.382320e-05,7.444490e-09,5.903380e-09
3.160000e-01,8.611464e+00,1.009509e+01,7.092620e-01,6.543990e-02,1.177440e-02,6.651630e-02,1.831670e-05,7.427110e-11,5.853750e-05,6.773430e-09,5.330320e-09
3.170000e-01,8.515693e+00,9.982056e+00,7.093390e-01,6.338580e-02,1.129040e-02,6.196290e-02,1.646940e-05,6.332220e-11,5.368770e-05,6.162670e-09,4.812760e-09
3.180000e-01,8.420948e+00,9.870337e+00,7.094160e-01,6.139100e-02,1.082530e-02,5.771160e-02,1.480530e-05,5.395990e-11,4.923420e-05,5.606260e-09,4.344830e-09
3.190000e-01,8.327258e+00,9.759847e+00,7.094930e-01,5.945540e-02,1.037870e-02,5.374540e-02,1.330780e-05,4.597530e-11,4.514810e-05,5.099850e-09,3.922200e-09
3.200000e-01,8.234571e+00,9.650571e+00,7.095680e-01,5.757900e-02,9.950140e-03,5.004730e-02,1.196090e-05,3.916830e-11,4.140130e-05,4.639220e-09,3.540710e-09
3.210000e-01,8.142898e+00,9.542496e+00,7.096410e-01,5.576120e-02,9.539180e-03,4.660080e-02,1.075000e-05,3.336840e-11,3.796700e-05,4.220410e-09,3.196520e-09
3.220000e-01,8.052190e+00,9.435610e+00,7.097130e-01,5.400080e-02,9.145160e-03,4.338960e-02,9.661950e-06,2.843570e-11,3.482010e-05,3.839740e-09,2.886090e-09
3.230000e-01,7.962492e+00,9.329900e+00,7.097830e-01,5.229630e-02,8.767450e-03,4.039760e-02,8.683630e-06,2.423180e-11,3.193510e-05,3.493540e-09,2.605900e-09
3.240000e-01,7.873739e+00,9.225374e+00,7.098500e-01,5.064620e-02,8.405410e-03,3.760960e-02,7.803360e-06,2.063780e-11,2.928900e-05,3.178480e-09,2.352820e-09
3.250000e-01,7.785975e+00,9.121978e+00,7.099160e-01,4.904860e-02,8.058340e-03,3.501300e-02,7.012360e-06,1.757730e-11,2.686340e-05,2.891990e-09,2.124430e-09
3.260000e-01,7.699154e+00,9.019760e+00,7.099820e-01,4.750110e-02,7.725560e-03,3.259570e-02,6.302230e-06,1.497900e-11,2.464030e-05,2.631570e-09,1.918460e-09
3.270000e-01,7.613301e+00,8.918648e+00,7.100480e-01,4.600160e-02,7.406370e-03,3.034530e-02,5.664560e-06,1.277210e-11,2.260210e-05,2.394730e-09,1.732590e-09
3.280000e-01,7.528371e+00,8.818648e+00,7.101160e-01,4.454780e-02,7.100090e-03,2.824990e-02,5.091130e-06,1.088760e-11,2.073120e-05,2.179040e-09,1.564590e-09
3.290000e-01,7.444388e+00,8.719749e+00,7.101830e-01,4.313740e-02,6.806050e-03,2.629740e-02,4.575200e-06,9.276430e-12,1.901370e-05,1.982600e-09,1.412720e-09
3.300000e-01,7.361342e+00,8.622000e+00,7.102470e-01,4.176820e-02,6.523640e-03,2.447710e-02,4.110970e-06,7.900310e-12,1.743760e-05,1.803760e-09,1.275510e-09
3.310000e-01,7.279189e+00,8.525326e+00,7.103090e-01,4.044000e-02,6.252590e-03,2.278080e-02,3.693720e-06,6.728920e-12,1.599220e-05,1.641090e-09,1.151670e-09
3.320000e-01,7.197953e+00,8.429756e+00,7.103690e-01,3.915370e-02,5.992720e-03,2.120200e-02,3.319170e-06,5.734720e-12,1.466780e-05,1.493250e-09,1.039990e-09
3.330000e-01,7.117623e+00,8.335238e+00,7.104290e-01,3.790990e-02,5.743880e-03,1.973370e-02,2.983010e-06,4.890200e-12,1.345430e-05,1.358880e-09,9.392700e-10
3.340000e-01,7.038174e+00,8.241780e+00,7.104900e-01,3.670880e-02,5.505840e-03,1.836910e-02,2.681040e-06,4.169140e-12,1.234190e-05,1.236650e-09,8.483220e-10
3.350000e-01,6.959612e+00,8.149351e+00,7.105510e-01,3.554770e-02,5.277940e-03,1.710040e-02,2.409780e-06,3.553600e-12,1.132200e-05,1.125450e-09,7.661970e-10
3.360000e-01,6.881910e+00,8.057958e+00,7.106110e-01,3.442250e-02,5.059340e-03,1.591910e-02,2.165990e-06,3.028790e-12,1.038640e-05,1.024250e-09,6.920230e-10
3.370000e-01,6.805061e+00,7.967572e+00,7.106690e-01,3.333020e-02,4.849400e-03,1.481820e-02,1.946670e-06,2.581080e-12,9.527490e-06,9.321030e-10,6.249930e-10
3.380000e-01,6.729069e+00,7.878218e+00,7.107270e-01,3.227060e-02,4.647870e-03,1.379270e-02,1.749570e-06,2.200100e-12,8.739540e-06,8.482440e-10,5.644660e-10
3.390000e-01,6.653911e+00,7.789866e+00,7.107840e-01,3.124390e-02,4.454610e-03,1.283830e-02,1.572540e-06,1.876000e-12,8.016940e-06,7.719590e-10,5.098280e-10
3.400000e-01,6.579623e+00,7.702523e+00,7.108400e-01,3.025000e-02,4.269400e-03,1.195050e-02,1.413490e-06,1.599560e-12,7.354250e-06,7.025460e-10,4.604860e-10
3.410000e-01,6.506164e+00,7.616177e+00,7.108960e-01,2.928720e-02,4.091840e-03,1.112430e-02,1.270560e-06,1.363730e-12,6.746430e-06,6.393820e-10,4.159230e-10
3.420000e-01,6.433540e+00,7.530833e+00,7.109500e-01,2.835360e-02,3.921480e-03,1.035460e-02,1.141960e-06,1.162140e-12,6.188600e-06,5.818660e-10,3.756460e-10
3.430000e-01,6.361741e+00,7.446462e+00,7.110020e-01,2.744860e-02,3.758040e-03,9.637760e-03,1.026300e-06,9.900620e-13,5.676790e-06,5.295140e-10,3.392600e-10
3.440000e-01,6.290744e+00,7.363054e+00,7.110520e-01,2.657200e-02,3.601350e-03,8.970570e-03,9.224590e-07,8.438600e-13,5.207610e-06,4.819110e-10,3.064300e-10
3.450000e-01,6.220539e+00,7.280580e+00,7.111020e-01,2.572370e-02,3.451240e-03,8.350040e-03,8.292850e-07,7.199060e-13,4.777680e-06,4.386460e-10,2.768250e-10
3.460000e-01,6.151117e+00,7.199030e+00,7.111520e-01,2.490370e-02,3.307530e-03,7.773150e-03,7.456510e-07,6.145730e-13,4.383610e-06,3.993060e-10,2.501120e-10
3.470000e-01,6.082456e+00,7.118377e+00,7.112030e-01,2.411170e-02,3.170040e-03,7.236860e-03,6.704620e-07,5.244410e-13,4.022120e-06,3.634930e-10,2.259700e-10
3.480000e-01,6.014562e+00,7.038628e+00,7.112540e-01,2.334600e-02,3.038400e-03,6.738190e-03,6.028740e-07,4.473390e-13,3.690510e-06,3.308930e-10,2.041540e-10
3.490000e-01,5.947425e+00,6.959772e+00,7.113040e-01,2.260430e-02,2.912210e-03,6.274170e-03,5.421330e-07,3.815590e-13,3.386290e-06,3.012220e-10,1.844480e-10
3.500000e-01,5.881052e+00,6.881831e+00,7.113540e-01,2.188450e-02,2.791060e-03,5.841850e-03,4.874900e-07,3.254070e-13,3.107020e-06,2.741980e-10,1.666370e-10
3.510000e-01,5.815432e+00,6.804794e+00,7.114030e-01,2.118570e-02,2.674700e-03,5.438910e-03,4.383240e-07,2.774900e-13,2.850590e-06,2.495840e-10,1.505360e-10
3.520000e-01,5.750571e+00,6.728635e+00,7.114510e-01,2.050780e-02,2.563030e-03,5.063660e-03,3.941390e-07,2.367310e-13,2.615330e-06,2.271830e-10,1.359970e-10
3.530000e-01,5.686447e+00,6.653344e+00,7.114980e-01,1.985130e-02,2.455970e-03,4.714450e-03,3.544470e-07,2.020650e-13,2.399560e-06,2.068040e-10,1.228700e-10
3.540000e-01,5.623051e+00,6.578911e+00,7.115460e-01,1.921600e-02,2.353430e-03,4.389620e-03,3.187670e-07,1.724590e-13,2.201630e-06,1.882550e-10,1.110110e-10
3.550000e-01,5.560361e+00,6.505340e+00,7.115930e-01,1.860180e-02,2.255260e-03,4.087530e-03,2.866990e-07,1.471670e-13,2.020110e-06,1.713760e-10,1.002990e-10
3.560000e-01,5.498396e+00,6.432592e+00,7.116400e-01,1.800790e-02,2.161270e-03,3.806570e-03,2.578840e-07,1.255960e-13,1.853670e-06,1.560200e-10,9.062770e-11
3.570000e-01,5.437121e+00,6.360687e+00,7.116860e-01,1.743370e-02,2.071290e-03,3.545150e-03,2.319770e-07,1.071800e-13,1.701040e-06,1.420470e-10,8.189180e-11
3.580000e-01,5.376541e+00,6.289585e+00,7.117320e-01,1.687830e-02,1.985100e-03,3.301890e-03,2.086920e-07,9.148200e-14,1.561060e-06,1.293340e-10,7.400350e-11
3.590000e-01,5.316637e+00,6.219307e+00,7.117760e-01,1.634040e-02,1.902500e-03,3.075500e-03,1.877680e-07,7.811800e-14,1.432670e-06,1.177660e-10,6.688070e-11
3.600000e-01,5.257424e+00,6.149828e+00,7.118210e-01,1.581920e-02,1.823280e-03,2.864710e-03,1.689480e-07,6.670910e-14,1.314810e-06,1.072310e-10,6.044210e-11
3.610000e-01,5.198871e+00,6.081126e+00,7.118660e-01,1.531400e-02,1.747290e-03,2.668380e-03,1.520130e-07,5.695680e-14,1.206590e-06,9.763320e-11,5.462030e-11
3.620000e-01,5.140981e+00,6.013219e+00,7.119100e-01,1.482460e-02,1.674430e-03,2.485540e-03,1.367740e-07,4.862400e-14,1.107270e-06,8.889260e-11,4.935790e-11
3.630000e-01,5.083760e+00,5.946097e+00,7.119530e-01,1.435060e-02,1.604580e-03,2.315240e-03,1.230630e-07,4.150410e-14,1.016110e-06,8.093430e-11,4.460210e-11
3.640000e-01,5.027198e+00,5.879738e+00,7.119950e-01,1.389150e-02,1.537630e-03,2.156690e-03,1.107370e-07,3.543940e-14,9.325040e-07,7.369260e-11,4.030760e-11
3.650000e-01,4.971277e+00,5.814147e+00,7.120370e-01,1.344670e-02,1.473440e-03,2.009090e-03,9.965890e-08,3.027690e-14,8.558080e-07,6.710280e-11,3.642960e-11
3.660000e-01,4.916001e+00,5.749327e+00,7.120790e-01,1.301580e-02,1.411890e-03,1.871670e-03,8.969280e-08,2.586610e-14,7.854040e-07,6.110110e-11,3.292400e-11
3.670000e-01,4.861374e+00,5.685243e+00,7.121210e-01,1.259860e-02,1.352900e-03,1.743740e-03,8.072550e-08,2.209360e-14,7.207790e-07,5.563470e-11,2.975450e-11
3.680000e-01,4.807364e+00,5.621898e+00,7.121640e-01,1.219490e-02,1.296400e-03,1.624680e-03,7.266160e-08,1.887310e-14,6.614940e-07,5.065920e-11,2.689120e-11
3.690000e-01,4.753943e+00,5.559273e+00,7.122050e-01,1.180490e-02,1.242330e-03,1.513900e-03,6.540860e-08,1.612210e-14,6.071210e-07,4.613120e-11,2.430470e-11
3.700000e-01,4.701138e+00,5.497358e+00,7.122460e-01,1.142770e-02,1.190560e-03,1.410790e-03,5.888630e-08,1.377520e-14,5.572550e-07,4.201100e-11,2.196880e-11
3.710000e-01,4.648941e+00,5.436157e+00,7.122850e-01,1.106240e-02,1.140930e-03,1.314770e-03,5.301930e-08,1.177330e-14,5.115020e-07,3.826060e-11,1.985850e-11
3.720000e-01,4.597344e+00,5.375663e+00,7.123240e-01,1.070810e-02,1.093320e-03,1.225260e-03,4.773400e-08,1.005920e-14,4.694790e-07,3.484270e-11,1.794950e-11
3.730000e-01,4.546341e+00,5.315890e+00,7.123620e-01,1.036460e-02,1.047630e-03,1.141830e-03,4.297480e-08,8.592960e-15,4.308910e-07,3.172860e-11,1.622320e-11
3.740000e-01,4.495935e+00,5.256795e+00,7.123990e-01,1.003190e-02,1.003850e-03,1.064150e-03,3.869520e-08,7.343450e-15,3.954870e-07,2.889430e-11,1.466400e-11
3.750000e-01,4.446098e+00,5.198380e+00,7.124370e-01,9.710210e-03,9.619190e-04,9.918540e-04,3.484880e-08,6.279710e-15,3.630200e-07,2.631580e-11,1.325620e-11
3.760000e-01,4.396823e+00,5.140626e+00,7.124760e-01,9.399460e-03,9.218070e-04,9.246100e-04,3.138940e-08,5.371010e-15,3.332410e-07,2.396890e-11,1.198430e-11
3.770000e-01,4.348115e+00,5.083537e+00,7.125150e-01,9.099320e-03,8.834340e-04,8.620510e-04,2.827610e-08,4.592880e-15,3.059200e-07,2.183220e-11,1.083470e-11
3.780000e-01,4.299956e+00,5.027094e+00,7.125540e-01,8.808970e-03,8.466830e-04,8.038020e-04,2.547390e-08,3.927310e-15,2.808500e-07,1.988670e-11,9.795730e-12
3.790000e-01,4.252360e+00,4.971312e+00,7.125910e-01,8.527640e-03,8.114410e-04,7.494960e-04,2.294870e-08,3.357130e-15,2.578280e-07,1.811380e-11,8.855920e-12
3.800000e-01,4.205320e+00,4.916194e+00,7.126280e-01,8.254930e-03,7.776340e-04,6.988630e-04,2.067400e-08,2.869600e-15,2.366900e-07,1.649890e-11,8.006230e-12
3.810000e-01,4.158819e+00,4.861698e+00,7.126630e-01,7.990650e-03,7.452130e-04,6.516760e-04,1.862740e-08,2.454240e-15,2.172940e-07,1.502900e-11,7.238740e-12
3.820000e-01,4.112851e+00,4.807840e+00,7.126990e-01,7.734600e-03,7.141270e-04,6.077120e-04,1.678630e-08,2.100620e-15,1.994970e-07,1.369100e-11,6.545540e-12
3.830000e-01,4.067410e+00,4.754600e+00,7.127340e-01,7.486610e-03,6.843260e-04,5.667480e-04,1.512820e-08,1.798300e-15,1.831560e-07,1.247210e-11,5.918710e-12
3.840000e-01,4.022490e+00,4.701972e+00,7.127700e-01,7.246480e-03,6.557630e-04,5.285750e-04,1.363360e-08,1.538700e-15,1.681460e-07,1.136090e-11,5.351380e-12
3.850000e-01,3.978084e+00,4.649947e+00,7.128060e-01,7.014050e-03,6.283950e-04,4.930160e-04,1.228770e-08,1.316470e-15,1.543660e-07,1.034870e-11,4.838400e-12
3.860000e-01,3.934187e+00,4.598519e+00,7.128420e-01,6.789150e-03,6.021790e-04,4.598940e-04,1.107610e-08,1.126590e-15,1.417210e-07,9.427130e-12,4.374840e-12
3.870000e-01,3.890801e+00,4.547692e+00,7.128770e-01,6.571630e-03,5.770720e-04,4.290360e-04,9.984790e-09,9.640710e-16,1.301160e-07,8.587870e-12,3.955790e-12
3.880000e-01,3.847911e+00,4.497457e+00,7.129120e-01,6.361260e-03,5.530320e-04,4.002830e-04,9.001460e-09,8.248700e-16,1.194650e-07,7.823520e-12,3.576930e-12
3.890000e-01,3.805520e+00,4.447797e+00,7.129460e-01,6.157800e-03,5.300100e-04,3.735000e-04,8.116400e-09,7.060630e-16,1.096950e-07,7.127880e-12,3.234730e-12
3.900000e-01,3.763613e+00,4.398717e+00,7.129810e-01,5.960960e-03,5.079610e-04,3.485540e-04,7.320010e-09,6.047940e-16,1.007330e-07,6.494840e-12,2.925680e-12
3.910000e-01,3.722185e+00,4.350198e+00,7.130150e-01,5.770500e-03,4.868390e-04,3.253110e-04,6.602700e-09,5.182090e-16,9.250630e-08,5.918260e-12,2.646280e-12
3.920000e-01,3.681239e+00,4.302234e+00,7.130500e-01,5.586170e-03,4.665990e-04,3.036450e-04,5.955860e-09,4.438730e-16,8.494920e-08,5.392630e-12,2.393410e-12
3.930000e-01,3.640751e+00,4.254818e+00,7.130850e-01,5.407740e-03,4.472040e-04,2.834500e-04,5.372870e-09,3.801850e-16,7.800980e-08,4.913710e-12,2.164690e-12
3.940000e-01,3.600734e+00,4.207944e+00,7.131200e-01,5.235020e-03,4.286170e-04,2.646200e-04,4.847390e-09,3.256540e-16,7.163850e-08,4.477390e-12,1.957870e-12
3.950000e-01,3.561172e+00,4.161626e+00,7.131540e-01,5.067760e-03,4.108020e-04,2.470600e-04,4.373680e-09,2.789810e-16,6.578880e-08,4.079900e-12,1.770860e-12
3.960000e-01,3.522070e+00,4.115826e+00,7.131880e-01,4.905760e-03,3.937220e-04,2.306810e-04,3.946740e-09,2.390800e-16,6.041820e-08,3.717840e-12,1.601800e-12
3.970000e-01,3.483413e+00,4.070568e+00,7.132210e-01,4.748760e-03,3.773410e-04,2.153970e-04,3.561580e-09,2.048770e-16,5.548480e-08,3.387810e-12,1.448830e-12
3.980000e-01,3.445204e+00,4.025835e+00,7.132530e-01,4.596630e-03,3.616300e-04,2.011330e-04,3.213980e-09,1.755090e-16,5.095200e-08,3.086910e-12,1.310370e-12
3.990000e-01,3.407438e+00,3.981613e+00,7.132850e-01,4.449310e-03,3.465700e-04,1.878290e-04,2.900660e-09,1.503860e-16,4.679060e-08,2.812840e-12,1.185200e-12
4.000000e-01,3.370109e+00,3.937912e+00,7.133170e-01,4.306750e-03,3.321430e-04,1.754240e-04,2.618420e-09,1.289390e-16,4.297200e-08,2.563320e-12,1.072100e-12
4.010000e-01,3.333212e+00,3.894709e+00,7.133490e-01,4.168910e-03,3.183290e-04,1.638610e-04,2.364070e-09,1.105990e-16,3.946750e-08,2.336110e-12,9.698850e-13
4.020000e-01,3.296735e+00,3.852015e+00,7.133800e-01,4.035720e-03,3.051090e-04,1.530820e-04,2.134560e-09,9.483580e-17,3.624950e-08,2.129040e-12,8.773920e-13
4.030000e-01,3.260686e+00,3.809807e+00,7.134120e-01,3.906990e-03,2.924550e-04,1.430340e-04,1.927580e-09,8.131050e-17,3.329580e-08,1.940420e-12,7.937490e-13
4.040000e-01,3.225054e+00,3.768096e+00,7.134430e-01,3.782480e-03,2.803380e-04,1.336660e-04,1.741040e-09,6.974290e-17,3.058530e-08,1.768680e-12,7.181630e-13
4.050000e-01,3.189826e+00,3.726859e+00,7.134740e-01,3.661970e-03,2.687270e-04,1.249280e-04,1.572880e-09,5.985290e-17,2.809740e-08,1.612280e-12,6.498430e-13
4.060000e-01,3.155005e+00,3.686099e+00,7.135050e-01,3.545230e-03,2.575930e-04,1.167690e-04,1.421030e-09,5.136150e-17,2.581110e-08,1.469660e-12,5.879970e-13
4.070000e-01,3.120585e+00,3.645818e+00,7.135350e-01,3.432080e-03,2.469130e-04,1.091460e-04,1.283740e-09,4.404730e-17,2.370900e-08,1.339510e-12,5.319630e-13
4.080000e-01,3.086562e+00,3.605994e+00,7.135650e-01,3.322450e-03,2.366690e-04,1.020290e-04,1.159810e-09,3.777470e-17,2.177780e-08,1.220870e-12,4.812650e-13
4.090000e-01,3.052931e+00,3.566630e+00,7.135940e-01,3.216270e-03,2.268490e-04,9.538520e-05,1.048050e-09,3.241540e-17,2.000480e-08,1.112830e-12,4.354410e-13
4.100000e-01,3.019687e+00,3.527719e+00,7.136240e-01,3.113470e-03,2.174360e-04,8.918520e-05,9.472850e-10,2.784080e-17,1.837740e-08,1.014440e-12,3.940330e-13
4.110000e-01,2.986827e+00,3.489265e+00,7.136530e-01,3.013980e-03,2.084170e-04,8.339810e-05,8.563410e-10,2.392240e-17,1.688290e-08,9.247810e-13,3.565790e-13
4.120000e-01,2.954344e+00,3.451255e+00,7.136830e-01,2.917720e-03,1.997760e-04,7.799440e-05,7.741140e-10,2.054310e-17,1.550920e-08,8.429830e-13,3.226490e-13
4.130000e-01,2.922234e+00,3.413674e+00,7.137130e-01,2.824580e-03,1.914970e-04,7.294980e-05,6.998280e-10,1.763470e-17,1.424720e-08,7.684040e-13,2.919350e-13
4.140000e-01,2.890494e+00,3.376533e+00,7.137430e-01,2.734430e-03,1.835650e-04,6.824140e-05,6.327910e-10,1.514180e-17,1.308850e-08,7.004650e-13,2.641630e-13
4.150000e-01,2.859117e+00,3.339812e+00,7.137730e-01,2.647170e-03,1.759630e-04,6.384640e-05,5.723120e-10,1.300920e-17,1.202480e-08,6.385880e-13,2.390610e-13
4.160000e-01,2.828095e+00,3.303513e+00,7.138030e-01,2.562660e-03,1.686760e-04,5.974170e-05,5.177010e-10,1.118170e-17,1.104780e-08,5.821940e-13,2.163530e-13
4.170000e-01,2.797435e+00,3.267631e+00,7.138340e-01,2.480800e-03,1.616870e-04,5.590590e-05,4.683120e-10,9.608400e-18,1.014960e-08,5.307410e-13,1.957840e-13
4.180000e-01,2.767114e+00,3.232154e+00,7.138650e-01,2.401530e-03,1.549870e-04,5.232180e-05,4.236690e-10,8.256200e-18,9.324140e-09,4.838220e-13,1.771630e-13
4.190000e-01,2.737146e+00,3.197084e+00,7.138950e-01,2.324800e-03,1.485660e-04,4.897360e-05,3.833390e-10,7.096080e-18,8.565990e-09,4.410610e-13,1.603180e-13
4.200000e-01,2.707522e+00,3.162416e+00,7.139250e-01,2.250550e-03,1.424140e-04,4.584570e-05,3.468890e-10,6.099280e-18,7.869640e-09,4.020850e-13,1.450770e-13
4.210000e-01,2.678237e+00,3.128153e+00,7.139550e-01,2.178720e-03,1.365210e-04,4.292350e-05,3.139450e-10,5.242560e-18,7.230130e-09,3.665640e-13,1.312880e-13
4.220000e-01,2.649287e+00,3.094283e+00,7.139850e-01,2.109240e-03,1.308750e-04,4.019370e-05,2.841880e-10,4.508020e-18,6.643040e-09,3.342080e-13,1.188210e-13
4.230000e-01,2.620674e+00,3.060800e+00,7.140150e-01,2.042000e-03,1.254670e-04,3.764320e-05,2.573020e-10,3.878020e-18,6.103980e-09,3.047290e-13,1.075470e-13
4.240000e-01,2.592388e+00,3.027708e+00,7.140430e-01,1.976950e-03,1.202850e-04,3.525890e-05,2.329760e-10,3.335410e-18,5.608640e-09,2.778450e-13,9.733870e-14
4.250000e-01,2.564431e+00,2.995008e+00,7.140720e-01,1.914000e-03,1.153190e-04,3.303010e-05,2.109710e-10,2.868210e-18,5.153530e-09,2.533320e-13,8.809810e-14
4.260000e-01,2.536799e+00,2.962682e+00,7.141000e-01,1.853090e-03,1.105620e-04,3.094710e-05,1.910850e-10,2.467440e-18,4.735660e-09,2.310000e-13,7.974220e-14
4.270000e-01,2.509482e+00,2.930725e+00,7.141290e-01,1.794150e-03,1.060030e-04,2.900040e-05,1.731180e-10,2.124130e-18,4.352020e-09,2.106580e-13,7.218820e-14
4.280000e-01,2.482476e+00,2.899139e+00,7.141570e-01,1.737120e-03,1.016360e-04,2.718040e-05,1.568710e-10,1.829330e-18,3.999610e-09,1.921170e-13,6.535360e-14
4.290000e-01,2.455789e+00,2.867920e+00,7.141850e-01,1.681930e-03,9.745040e-05,2.547800e-05,1.421550e-10,1.574900e-18,3.675630e-09,1.751980e-13,5.916130e-14
4.300000e-01,2.429400e+00,2.837050e+00,7.142140e-01,1.628500e-03,9.343840e-05,2.388570e-05,1.288360e-10,1.355750e-18,3.377870e-09,1.597670e-13,5.355460e-14
4.310000e-01,2.403317e+00,2.806532e+00,7.142420e-01,1.576750e-03,8.959150e-05,2.239610e-05,1.167860e-10,1.167500e-18,3.104310e-09,1.457010e-13,4.848160e-14
4.320000e-01,2.377524e+00,2.776368e+00,7.142710e-01,1.526610e-03,8.590140e-05,2.100200e-05,1.058810e-10,1.005750e-18,2.852910e-09,1.328740e-13,4.389020e-14
4.330000e-01,2.352025e+00,2.746540e+00,7.143000e-01,1.478010e-03,8.236040e-05,1.969650e-05,9.599990e-11,8.663280e-19,2.621710e-09,1.211680e-13,3.973060e-14
4.340000e-01,2.326816e+00,2.717052e+00,7.143290e-01,1.430930e-03,7.896440e-05,1.847440e-05,8.705050e-11,7.462860e-19,2.409190e-09,1.104910e-13,3.596420e-14
4.350000e-01,2.301892e+00,2.687899e+00,7.143580e-01,1.385380e-03,7.571070e-05,1.733100e-05,7.894990e-11,6.430630e-19,2.213990e-09,1.007590e-13,3.255630e-14
4.360000e-01,2.277257e+00,2.659090e+00,7.143860e-01,1.341370e-03,7.259620e-05,1.626150e-05,7.161580e-11,5.541540e-19,2.034710e-09,9.188930e-14,2.947280e-14
4.370000e-01,2.252906e+00,2.630607e+00,7.144140e-01,1.298840e-03,6.961470e-05,1.526120e-05,6.497660e-11,4.776090e-19,1.870100e-09,8.380660e-14,2.668330e-14
4.380000e-01,2.228835e+00,2.602454e+00,7.144430e-01,1.257680e-03,6.675800e-05,1.432510e-05,5.896700e-11,4.118220e-19,1.718930e-09,7.644130e-14,2.416020e-14
4.390000e-01,2.205038e+00,2.574625e+00,7.144710e-01,1.217810e-03,6.401810e-05,1.344830e-05,5.352210e-11,3.551950e-19,1.579980e-09,6.972390e-14,2.187600e-14
4.400000e-01,2.181509e+00,2.547106e+00,7.145000e-01,1.179150e-03,6.138840e-05,1.262650e-05,4.858370e-11,3.063410e-19,1.452170e-09,6.359230e-14,1.980630e-14
4.410000e-01,2.158251e+00,2.519910e+00,7.145280e-01,1.141670e-03,5.886500e-05,1.185610e-05,4.410500e-11,2.642130e-19,1.334650e-09,5.799730e-14,1.793140e-14
4.420000e-01,2.135261e+00,2.493027e+00,7.145550e-01,1.105360e-03,5.644430e-05,1.113380e-05,4.004130e-11,2.278300e-19,1.226580e-09,5.289160e-14,1.623290e-14
4.430000e-01,2.112535e+00,2.466448e+00,7.145820e-01,1.070190e-03,5.412260e-05,1.045680e-05,3.635640e-11,1.964650e-19,1.127260e-09,4.823540e-14,1.469520e-14
4.440000e-01,2.090071e+00,2.440181e+00,7.146080e-01,1.036140e-03,5.189680e-05,9.822520e-06,3.301820e-11,1.695100e-19,1.036040e-09,4.399240e-14,1.330460e-14
4.450000e-01,2.067859e+00,2.414210e+00,7.146340e-01,1.003180e-03,4.976350e-05,9.228360e-06,2.999440e-11,1.463600e-19,9.522710e-10,4.012620e-14,1.204690e-14
4.460000e-01,2.045898e+00,2.388532e+00,7.146620e-01,9.712840e-04,4.771930e-05,8.671780e-06,2.725290e-11,1.264100e-19,8.752900e-10,3.660060e-14,1.090840e-14
4.470000e-01,2.024184e+00,2.363138e+00,7.146900e-01,9.404390e-04,4.576090e-05,8.150330e-06,2.476510e-11,1.091540e-19,8.045200e-10,3.338360e-14,9.876940e-15
4.480000e-01,2.002719e+00,2.338040e+00,7.147180e-01,9.106190e-04,4.388540e-05,7.661790e-06,2.250830e-11,9.425130e-20,7.394890e-10,3.044970e-14,8.942980e-15
4.490000e-01,1.981500e+00,2.313231e+00,7.147450e-01,8.818040e-04,4.208980e-05,7.203950e-06,2.046030e-11,8.137620e-20,6.797420e-10,2.777440e-14,8.097420e-15
4.500000e-01,1.960519e+00,2.288706e+00,7.147720e-01,8.539520e-04,4.037040e-05,6.774760e-06,1.860160e-11,7.025700e-20,6.248550e-10,2.533530e-14,7.332060e-15
4.510000e-01,1.939782e+00,2.264462e+00,7.147980e-01,8.270020e-04,3.872280e-05,6.372330e-06,1.691580e-11,6.068650e-20,5.744480e-10,2.311280e-14,6.639860e-15
4.520000e-01,1.919279e+00,2.240495e+00,7.148230e-01,8.008900e-04,3.714230e-05,5.994790e-06,1.538700e-11,5.246180e-20,5.281440e-10,2.108730e-14,6.013830e-15
4.530000e-01,1.899005e+00,2.216797e+00,7.148490e-01,7.755530e-04,3.562440e-05,5.640280e-06,1.399900e-11,4.537970e-20,4.855660e-10,1.923950e-14,5.447020e-15
4.540000e-01,1.878958e+00,2.193360e+00,7.148760e-01,7.509320e-04,3.416480e-05,5.306990e-06,1.273610e-11,3.924420e-20,4.463490e-10,1.755050e-14,4.932660e-15
4.550000e-01,1.859131e+00,2.170186e+00,7.149030e-01,7.270340e-04,3.276250e-05,4.993730e-06,1.158710e-11,3.392390e-20,4.102370e-10,1.600700e-14,4.465950e-15
4.560000e-01,1.839531e+00,2.147277e+00,7.149300e-01,7.038980e-04,3.141780e-05,4.699670e-06,1.054300e-11,2.932220e-20,3.770320e-10,1.459850e-14,4.043150e-15
4.570000e-01,1.820158e+00,2.124633e+00,7.149570e-01,6.815550e-04,3.013120e-05,4.423930e-06,9.594770e-12,2.534430e-20,3.465390e-10,1.331470e-14,3.660530e-15
4.580000e-01,1.801005e+00,2.102248e+00,7.149830e-01,6.599910e-04,2.890050e-05,4.165450e-06,8.734230e-12,2.191240e-20,3.185540e-10,1.214550e-14,3.314600e-15
4.590000e-01,1.782071e+00,2.080118e+00,7.150090e-01,6.391570e-04,2.772260e-05,3.923050e-06,7.953480e-12,1.895860e-20,2.928740e-10,1.108090e-14,3.001970e-15
4.600000e-01,1.763352e+00,2.058245e+00,7.150340e-01,6.190050e-04,2.659410e-05,3.695550e-06,7.244630e-12,1.641510e-20,2.692940e-10,1.011090e-14,2.719280e-15
4.610000e-01,1.744846e+00,2.036620e+00,7.150590e-01,5.994900e-04,2.551180e-05,3.481760e-06,6.599820e-12,1.421420e-20,2.476090e-10,9.225730e-15,2.463140e-15
4.620000e-01,1.726549e+00,2.015236e+00,7.150840e-01,5.805750e-04,2.447300e-05,3.280700e-06,6.012440e-12,1.230180e-20,2.276470e-10,8.416890e-15,2.230740e-15
4.630000e-01,1.708457e+00,1.994096e+00,7.151090e-01,5.622460e-04,2.347620e-05,3.091650e-06,5.477960e-12,1.064600e-20,2.092860e-10,7.678610e-15,2.020160e-15
4.640000e-01,1.690573e+00,1.973190e+00,7.151340e-01,5.444900e-04,2.252000e-05,2.913970e-06,4.992050e-12,9.216990e-21,1.924100e-10,7.005340e-15,1.829550e-15
4.650000e-01,1.672889e+00,1.952527e+00,7.151590e-01,5.272930e-04,2.160290e-05,2.746980e-06,4.550340e-12,7.984880e-21,1.769020e-10,6.391520e-15,1.657080e-15
4.660000e-01,1.655404e+00,1.932093e+00,7.151840e-01,5.106430e-04,2.072340e-05,2.590020e-06,4.148520e-12,6.919820e-21,1.626460e-10,5.831580e-15,1.500900e-15
4.670000e-01,1.638114e+00,1.911890e+00,7.152100e-01,4.945250e-04,1.988020e-05,2.442430e-06,3.782560e-12,5.995330e-21,1.495340e-10,5.320390e-15,1.359330e-15
4.680000e-01,1.621022e+00,1.891912e+00,7.152360e-01,4.789200e-04,1.907150e-05,2.303660e-06,3.449410e-12,5.194330e-21,1.374770e-10,4.853940e-15,1.231090e-15
4.690000e-01,1.604121e+00,1.872164e+00,7.152620e-01,4.638080e-04,1.829600e-05,2.173130e-06,3.146170e-12,4.501380e-21,1.263940e-10,4.428450e-15,1.114970e-15
4.700000e-01,1.587406e+00,1.852631e+00,7.152870e-01,4.491690e-04,1.755200e-05,2.050280e-06,2.869930e-12,3.901070e-21,1.162020e-10,4.040140e-15,1.009770e-15
4.710000e-01,1.570880e+00,1.833319e+00,7.153130e-01,4.349860e-04,1.683810e-05,1.934630e-06,2.618180e-12,3.380480e-21,1.068270e-10,3.685660e-15,9.144220e-16
4.720000e-01,1.554540e+00,1.814224e+00,7.153380e-01,4.212460e-04,1.615310e-05,1.825760e-06,2.388910e-12,2.930250e-21,9.820860e-11,3.362330e-15,8.281000e-16
4.730000e-01,1.538381e+00,1.795341e+00,7.153630e-01,4.079360e-04,1.549610e-05,1.723300e-06,2.180170e-12,2.541310e-21,9.028770e-11,3.067480e-15,7.499730e-16
4.740000e-01,1.522408e+00,1.776671e+00,7.153890e-01,3.950430e-04,1.486580e-05,1.626840e-06,1.990000e-12,2.204580e-21,8.300510e-11,2.798490e-15,6.792180e-16
4.750000e-01,1.506614e+00,1.758211e+00,7.154150e-01,3.825570e-04,1.426120e-05,1.536030e-06,1.816640e-12,1.912310e-21,7.630730e-11,2.552970e-15,6.150980e-16
4.760000e-01,1.490998e+00,1.739963e+00,7.154410e-01,3.704700e-04,1.368150e-05,1.450520e-06,1.658630e-12,1.658880e-21,7.014970e-11,2.328960e-15,5.570230e-16
4.770000e-01,1.475560e+00,1.721920e+00,7.154660e-01,3.587740e-04,1.312580e-05,1.370010e-06,1.514560e-12,1.438920e-21,6.448890e-11,2.124590e-15,5.044150e-16
4.780000e-01,1.460296e+00,1.704084e+00,7.154910e-01,3.474590e-04,1.259330e-05,1.294190e-06,1.383210e-12,1.248100e-21,5.928630e-11,1.938170e-15,4.567780e-16
4.790000e-01,1.445200e+00,1.686448e+00,7.155150e-01,3.365140e-04,1.208290e-05,1.222800e-06,1.263550e-12,1.083050e-21,5.450740e-11,1.768260e-15,4.136840e-16
4.800000e-01,1.430276e+00,1.669006e+00,7.155400e-01,3.259260e-04,1.159370e-05,1.155580e-06,1.154540e-12,9.404510e-22,5.011790e-11,1.613420e-15,3.747060e-16
4.810000e-01,1.415513e+00,1.651756e+00,7.155650e-01,3.156820e-04,1.112480e-05,1.092260e-06,1.055160e-12,8.169690e-22,4.608370e-11,1.472210e-15,3.394200e-16
4.820000e-01,1.400916e+00,1.634696e+00,7.155900e-01,3.057690e-04,1.067520e-05,1.032600e-06,9.644470e-13,7.095570e-22,4.237220e-11,1.343270e-15,3.074290e-16
4.830000e-01,1.386478e+00,1.617827e+00,7.156160e-01,2.961670e-04,1.024390e-05,9.763510e-07,8.816290e-13,6.161920e-22,3.895800e-11,1.225550e-15,2.784310e-16
4.840000e-01,1.372205e+00,1.601146e+00,7.156410e-01,2.868540e-04,9.829710e-06,9.232640e-07,8.059980e-13,5.350940e-22,3.581710e-11,1.118080e-15,2.521520e-16
4.850000e-01,1.358095e+00,1.584656e+00,7.156660e-01,2.778160e-04,9.431760e-06,8.731330e-07,7.369010e-13,4.646460e-22,3.292720e-11,1.019960e-15,2.283350e-16
4.860000e-01,1.344142e+00,1.568354e+00,7.156900e-01,2.690520e-04,9.049630e-06,8.258090e-07,6.738180e-13,4.035970e-22,3.027000e-11,9.304490e-16,2.067700e-16
4.870000e-01,1.330344e+00,1.552233e+00,7.157150e-01,2.605600e-04,8.682940e-06,7.811540e-07,6.162420e-13,3.507470e-22,2.782780e-11,8.488230e-16,1.872530e-16
4.880000e-01,1.316700e+00,1.536293e+00,7.157390e-01,2.523420e-04,8.331330e-06,7.390290e-07,5.636720e-13,3.048980e-22,2.558280e-11,7.743650e-16,1.695800e-16
4.890000e-01,1.303209e+00,1.520530e+00,7.157620e-01,2.443940e-04,7.994400e-06,6.992960e-07,5.156290e-13,2.649460e-22,2.351810e-11,7.063900e-16,1.535590e-16
4.900000e-01,1.289864e+00,1.504939e+00,7.157860e-01,2.367090e-04,7.671520e-06,6.618220e-07,4.717500e-13,2.302020e-22,2.162030e-11,6.443810e-16,1.390480e-16
4.910000e-01,1.276668e+00,1.489522e+00,7.158090e-01,2.292740e-04,7.362040e-06,6.264740e-07,4.317010e-13,2.000840e-22,1.987680e-11,5.878580e-16,1.259190e-16
4.920000e-01,1.263616e+00,1.474273e+00,7.158320e-01,2.220770e-04,7.065290e-06,5.931210e-07,3.951480e-13,1.740110e-22,1.827530e-11,5.363470e-16,1.140440e-16
4.930000e-01,1.250711e+00,1.459197e+00,7.158560e-01,2.151070e-04,6.780600e-06,5.616290e-07,3.617580e-13,1.514040e-22,1.680330e-11,4.893680e-16,1.032960e-16
4.940000e-01,1.237949e+00,1.444285e+00,7.158800e-01,2.083520e-04,6.507330e-06,5.318690e-07,3.312050e-13,1.316980e-22,1.544860e-11,4.464580e-16,9.354770e-17
4.950000e-01,1.225328e+00,1.429542e+00,7.159040e-01,2.018060e-04,6.244990e-06,5.037400e-07,3.032440e-13,1.145150e-22,1.420180e-11,4.072640e-16,8.470780e-17
4.960000e-01,1.212848e+00,1.414959e+00,7.159280e-01,1.954630e-04,5.993210e-06,4.771590e-07,2.776770e-13,9.958200e-23,1.305530e-11,3.715010e-16,7.670120e-17
4.970000e-01,1.200505e+00,1.400542e+00,7.159530e-01,1.893190e-04,5.751610e-06,4.520430e-07,2.543070e-13,8.662730e-23,1.200150e-11,3.388850e-16,6.945400e-17
4.980000e-01,1.188299e+00,1.386280e+00,7.159770e-01,1.833680e-04,5.519800e-06,4.283090e-07,2.329370e-13,7.538000e-23,1.103270e-11,3.091320e-16,6.289180e-17
4.990000e-01,1.176227e+00,1.372177e+00,7.160020e-01,1.776040e-04,5.297410e-06,4.058750e-07,2.133830e-13,6.559360e-23,1.014170e-11,2.819780e-16,5.694580e-17
5.000000e-01,1.164289e+00,1.358229e+00,7.160270e-01,1.720220e-04,5.084030e-06,3.846680e-07,1.954940e-13,5.708700e-23,9.322530e-12,2.572040e-16,5.156080e-17
