# B23 standard solar model (Herrera & Serenelli 2023, doi:10.5281/zenodo.10174170, CC-BY-4.0), composition AAG21
# r [R_sun], n_e [N_A/cm^3], rho [g/cm^3], X (H mass fraction), production distributions dN/dr (normalised per R_sun) per component
r,ne,rho,X,pp,pep,hep,be7,b8,n13,o15,f17
0.000000e+00,1.008161e+02,1.484875e+02,3.596240e-01,0.000000e+00,0.000000e+00,0.000000e+00,0.000000e+00,0.000000e+00,0.000000e+00,0.000000e+00,0.000000e+00
1.000000e-03,1.008068e+02,1.484704e+02,3.596690e-01,2.060120e-03,3.228220e-03,8.725620e-04,1.014070e-02,2.525030e-02,1.502000e-02,2.118340e-02,2.321410e-02
2.000000e-03,1.007929e+02,1.484431e+02,3.597340e-01,8.203270e-03,1.285290e-02,3.475540e-03,4.035980e-02,1.004110e-01,5.977920e-02,8.430860e-02,9.241060e-02
3.000000e-03,1.007674e+02,1.483884e+02,3.598730e-01,1.845100e-02,2.890240e-02,7.821440e-03,9.068610e-02,2.253620e-01,1.342120e-01,1.892850e-01,2.074680e-01
4.000000e-03,1.007303e+02,1.483133e+02,3.600730e-01,3.278560e-02,5.133990e-02,1.390840e-02,1.609090e-01,3.992410e-01,2.378180e-01,3.354040e-01,3.675920e-01
5.000000e-03,1.006839e+02,1.482143e+02,3.603330e-01,5.119590e-02,8.013520e-02,2.173960e-02,2.507990e-01,6.210190e-01,3.700020e-01,5.218250e-01,5.718320e-01
6.000000e-03,1.006283e+02,1.480983e+02,3.606510e-01,7.366450e-02,1.152450e-01,3.131750e-02,3.600490e-01,8.893440e-01,5.299840e-01,7.474550e-01,8.189450e-01
7.000000e-03,1.005588e+02,1.479551e+02,3.610270e-01,1.001770e-01,1.566270e-01,4.264860e-02,4.883240e-01,1.202680e+00,7.168800e-01,1.011040e+00,1.107530e+00
8.000000e-03,1.004778e+02,1.477883e+02,3.614620e-01,1.307070e-01,2.042160e-01,5.573530e-02,6.351740e-01,1.559100e+00,9.295860e-01,1.311030e+00,1.435820e+00
9.000000e-03,1.003876e+02,1.476046e+02,3.619530e-01,1.652240e-01,2.579380e-01,7.058170e-02,8.000970e-01,1.956450e+00,1.166860e+00,1.645670e+00,1.801850e+00
1.000000e-02,1.002882e+02,1.473975e+02,3.625020e-01,2.037100e-01,3.177370e-01,8.719850e-02,9.826010e-01,2.392510e+00,1.427450e+00,2.013190e+00,2.203600e+00
1.100000e-02,1.001798e+02,1.471736e+02,3.631070e-01,2.461320e-01,3.835260e-01,1.055920e-01,1.182090e+00,2.864720e+00,1.709890e+00,2.411520e+00,2.638740e+00
1.200000e-02,1.000599e+02,1.469231e+02,3.637680e-01,2.924430e-01,4.551990e-01,1.257640e-01,1.397850e+00,3.370190e+00,2.012510e+00,2.838310e+00,3.104620e+00
1.300000e-02,9.992865e+01,1.466561e+02,3.644860e-01,3.426080e-01,5.326600e-01,1.477230e-01,1.629200e+00,3.906020e+00,2.333690e+00,3.291290e+00,3.598630e+00
1.400000e-02,9.979068e+01,1.463693e+02,3.652590e-01,3.965910e-01,6.158120e-01,1.714820e-01,1.875430e+00,4.469230e+00,2.671710e+00,3.768010e+00,4.118060e+00
1.500000e-02,9.964144e+01,1.460562e+02,3.660870e-01,4.543250e-01,7.045090e-01,1.970380e-01,2.135620e+00,5.056330e+00,3.024610e+00,4.265720e+00,4.659730e+00
1.600000e-02,9.948097e+01,1.457303e+02,3.669700e-01,5.157750e-01,7.986440e-01,2.244040e-01,2.409010e+00,5.664140e+00,3.390560e+00,4.781830e+00,5.220800e+00
1.700000e-02,9.931389e+01,1.453851e+02,3.679080e-01,5.808820e-01,8.980870e-01,2.535880e-01,2.694710e+00,6.289210e+00,3.767640e+00,5.313640e+00,5.798110e+00
1.800000e-02,9.913340e+01,1.450174e+02,3.688980e-01,6.495780e-01,1.002670e+00,2.845910e-01,2.991730e+00,6.927870e+00,4.153760e+00,5.858210e+00,6.388400e+00
1.900000e-02,9.894640e+01,1.446305e+02,3.699430e-01,7.218170e-01,1.112280e+00,3.174250e-01,3.299190e+00,7.576770e+00,4.547050e+00,6.412880e+00,6.988610e+00
2.000000e-02,9.875066e+01,1.442281e+02,3.710400e-01,7.975160e-01,1.226730e+00,3.520900e-01,3.616030e+00,8.232160e+00,4.945350e+00,6.974630e+00,7.595410e+00
2.100000e-02,9.854396e+01,1.438037e+02,3.721880e-01,8.766240e-01,1.345880e+00,3.885990e-01,3.941300e+00,8.890650e+00,5.346840e+00,7.540840e+00,8.205710e+00
2.200000e-02,9.832863e+01,1.433640e+02,3.733880e-01,9.590400e-01,1.469520e+00,4.269430e-01,4.273860e+00,9.548440e+00,5.749290e+00,8.108440e+00,8.816150e+00
2.300000e-02,9.810474e+01,1.429058e+02,3.746400e-01,1.044680e+00,1.597460e+00,4.671250e-01,4.612630e+00,1.020200e+01,6.150770e+00,8.674600e+00,9.423590e+00
2.400000e-02,9.787235e+01,1.424295e+02,3.759400e-01,1.133520e+00,1.729620e+00,5.091720e-01,4.956820e+00,1.084850e+01,6.549660e+00,9.237250e+00,1.002540e+01
2.500000e-02,9.762926e+01,1.419384e+02,3.772910e-01,1.225410e+00,1.865700e+00,5.530500e-01,5.305010e+00,1.148380e+01,6.943750e+00,9.792970e+00,1.061810e+01
2.600000e-02,9.738229e+01,1.414328e+02,3.786900e-01,1.320290e+00,2.005520e+00,5.987780e-01,5.656280e+00,1.210520e+01,7.331320e+00,1.033970e+01,1.119910e+01
2.700000e-02,9.712253e+01,1.409094e+02,3.801370e-01,1.418000e+00,2.148840e+00,6.463250e-01,6.009260e+00,1.270900e+01,7.710440e+00,1.087430e+01,1.176520e+01
2.800000e-02,9.685677e+01,1.403686e+02,3.816310e-01,1.518580e+00,2.295590e+00,6.957410e-01,6.363410e+00,1.329340e+01,8.080060e+00,1.139560e+01,1.231480e+01
2.900000e-02,9.658285e+01,1.398138e+02,3.831720e-01,1.621820e+00,2.445440e+00,7.469810e-01,6.717340e+00,1.385490e+01,8.438180e+00,1.190070e+01,1.284460e+01
3.000000e-02,9.630304e+01,1.392483e+02,3.847580e-01,1.727650e+00,2.598200e+00,8.000420e-01,7.069920e+00,1.439110e+01,8.783380e+00,1.238760e+01,1.335280e+01
3.100000e-02,9.601078e+01,1.386660e+02,3.863880e-01,1.835950e+00,2.753620e+00,8.549140e-01,7.420200e+00,1.489950e+01,9.114250e+00,1.285430e+01,1.383690e+01
3.200000e-02,9.571500e+01,1.380670e+02,3.880630e-01,1.946520e+00,2.911390e+00,9.115450e-01,7.766750e+00,1.537730e+01,9.429320e+00,1.329850e+01,1.429450e+01
3.300000e-02,9.541134e+01,1.374612e+02,3.897810e-01,2.059460e+00,3.071550e+00,9.700230e-01,8.109450e+00,1.582430e+01,9.728330e+00,1.372030e+01,1.472550e+01
3.400000e-02,9.510208e+01,1.368390e+02,3.915400e-01,2.174430e+00,3.233540e+00,1.030220e+00,8.446380e+00,1.623700e+01,1.000920e+01,1.411640e+01,1.512680e+01
3.500000e-02,9.478072e+01,1.362009e+02,3.933400e-01,2.291380e+00,3.397270e+00,1.092160e+00,8.776990e+00,1.661470e+01,1.027150e+01,1.448640e+01,1.549760e+01
3.600000e-02,9.445827e+01,1.355564e+02,3.951810e-01,2.410270e+00,3.562560e+00,1.155850e+00,9.100580e+00,1.695650e+01,1.051460e+01,1.482920e+01,1.583690e+01
3.700000e-02,9.412609e+01,1.348963e+02,3.970620e-01,2.530880e+00,3.729100e+00,1.221230e+00,9.416030e+00,1.726100e+01,1.073780e+01,1.514400e+01,1.614390e+01
3.800000e-02,9.379075e+01,1.342301e+02,3.989800e-01,2.653110e+00,3.896690e+00,1.288290e+00,9.722570e+00,1.752750e+01,1.094040e+01,1.542970e+01,1.641750e+01
3.900000e-02,9.344369e+01,1.335488e+02,4.009360e-01,2.776690e+00,4.064730e+00,1.356930e+00,1.001880e+01,1.775440e+01,1.112140e+01,1.568510e+01,1.665650e+01
4.000000e-02,9.309364e+01,1.328587e+02,4.029290e-01,2.901740e+00,4.233580e+00,1.427230e+00,1.030520e+01,1.794350e+01,1.128180e+01,1.591120e+01,1.686230e+01
4.100000e-02,9.273635e+01,1.321569e+02,4.049560e-01,3.027770e+00,4.402320e+00,1.499010e+00,1.057960e+01,1.809220e+01,1.141980e+01,1.610600e+01,1.703260e+01
4.200000e-02,9.237405e+01,1.314468e+02,4.070180e-01,3.154850e+00,4.571060e+00,1.572310e+00,1.084210e+01,1.820230e+01,1.153650e+01,1.627050e+01,1.716890e+01
4.300000e-02,9.200682e+01,1.307284e+02,4.091140e-01,3.283040e+00,4.739840e+00,1.647200e+00,1.109290e+01,1.827490e+01,1.163220e+01,1.640550e+01,1.727190e+01
4.400000e-02,9.163049e+01,1.299990e+02,4.112420e-01,3.411700e+00,4.907730e+00,1.723390e+00,1.132960e+01,1.830810e+01,1.170560e+01,1.650910e+01,1.734000e+01
4.500000e-02,9.125360e+01,1.292617e+02,4.134000e-01,3.541060e+00,5.075000e+00,1.801010e+00,1.155330e+01,1.830460e+01,1.175820e+01,1.658330e+01,1.737570e+01
4.600000e-02,9.086780e+01,1.285168e+02,4.155890e-01,3.670980e+00,5.241470e+00,1.880030e+00,1.176340e+01,1.826550e+01,1.179030e+01,1.662860e+01,1.737940e+01
4.700000e-02,9.047946e+01,1.277674e+02,4.178070e-01,3.801200e+00,5.406710e+00,1.960320e+00,1.195900e+01,1.819090e+01,1.180180e+01,1.664490e+01,1.735120e+01
4.800000e-02,9.008656e+01,1.270106e+02,4.200540e-01,3.931600e+00,5.570520e+00,2.041860e+00,1.214010e+01,1.808250e+01,1.179350e+01,1.663330e+01,1.729270e+01
4.900000e-02,8.968917e+01,1.262496e+02,4.223280e-01,4.061990e+00,5.732630e+00,2.124560e+00,1.230620e+01,1.794130e+01,1.176570e+01,1.659420e+01,1.720450e+01
5.000000e-02,8.928942e+01,1.254816e+02,4.246290e-01,4.192220e+00,5.892830e+00,2.208370e+00,1.245710e+01,1.776880e+01,1.171890e+01,1.652810e+01,1.708740e+01
5.100000e-02,8.888327e+01,1.247039e+02,4.269540e-01,4.322160e+00,6.050900e+00,2.293220e+00,1.259270e+01,1.756700e+01,1.165430e+01,1.643700e+01,1.694380e+01
5.200000e-02,8.847285e+01,1.239253e+02,4.293040e-01,4.451730e+00,6.206700e+00,2.379090e+00,1.271310e+01,1.733740e+01,1.157240e+01,1.632160e+01,1.677440e+01
5.300000e-02,8.806027e+01,1.231431e+02,4.316770e-01,4.580890e+00,6.360250e+00,2.465980e+00,1.281850e+01,1.708210e+01,1.147420e+01,1.618320e+01,1.658090e+01
5.400000e-02,8.764356e+01,1.223545e+02,4.340720e-01,4.709120e+00,6.510790e+00,2.553600e+00,1.290800e+01,1.680200e+01,1.136000e+01,1.602220e+01,1.636420e+01
5.500000e-02,8.722280e+01,1.215626e+02,4.364880e-01,4.836660e+00,6.658620e+00,2.642110e+00,1.298250e+01,1.649980e+01,1.123110e+01,1.584060e+01,1.612630e+01
5.600000e-02,8.680205e+01,1.207675e+02,4.389250e-01,4.963260e+00,6.803460e+00,2.731370e+00,1.304200e+01,1.617750e+01,1.108850e+01,1.563940e+01,1.586890e+01
5.700000e-02,8.637340e+01,1.199665e+02,4.413790e-01,5.088590e+00,6.944780e+00,2.821200e+00,1.308590e+01,1.583590e+01,1.093250e+01,1.541960e+01,1.559280e+01
5.800000e-02,8.594488e+01,1.191681e+02,4.438530e-01,5.212680e+00,7.082770e+00,2.911620e+00,1.311520e+01,1.547770e+01,1.076450e+01,1.518270e+01,1.530010e+01
5.900000e-02,8.551061e+01,1.183614e+02,4.463430e-01,5.335250e+00,7.216920e+00,3.002470e+00,1.312940e+01,1.510440e+01,1.058500e+01,1.492960e+01,1.499160e+01
6.000000e-02,8.507658e+01,1.175574e+02,4.488500e-01,5.456510e+00,7.347640e+00,3.093870e+00,1.312980e+01,1.471870e+01,1.039570e+01,1.466270e+01,1.467040e+01
6.100000e-02,8.463890e+01,1.167481e+02,4.513710e-01,5.575980e+00,7.474320e+00,3.185550e+00,1.311590e+01,1.432150e+01,1.019680e+01,1.438230e+01,1.433670e+01
6.200000e-02,8.420153e+01,1.159391e+02,4.539060e-01,5.693870e+00,7.597180e+00,3.277610e+00,1.308870e+01,1.391550e+01,9.989800e+00,1.409050e+01,1.399290e+01
6.300000e-02,8.375871e+01,1.151304e+02,4.564550e-01,5.809690e+00,7.715700e+00,3.369760e+00,1.304770e+01,1.350150e+01,9.774990e+00,1.378760e+01,1.363960e+01
6.400000e-02,8.331439e+01,1.143168e+02,4.590160e-01,5.923370e+00,7.829750e+00,3.461980e+00,1.299360e+01,1.308140e+01,9.553410e+00,1.347520e+01,1.327840e+01
6.500000e-02,8.286860e+01,1.135037e+02,4.615880e-01,6.035120e+00,7.939680e+00,3.554330e+00,1.292730e+01,1.265740e+01,9.326400e+00,1.315520e+01,1.291140e+01
6.600000e-02,8.242140e+01,1.126938e+02,4.641720e-01,6.144710e+00,8.045190e+00,3.646700e+00,1.284910e+01,1.223090e+01,9.094650e+00,1.282840e+01,1.253970e+01
6.700000e-02,8.197284e+01,1.118794e+02,4.667620e-01,6.251690e+00,8.145830e+00,3.738790e+00,1.275890e+01,1.180270e+01,8.858530e+00,1.249550e+01,1.216390e+01
6.800000e-02,8.152109e+01,1.110683e+02,4.693640e-01,6.356520e+00,8.242110e+00,3.830870e+00,1.265810e+01,1.137510e+01,8.619440e+00,1.215840e+01,1.178610e+01
6.900000e-02,8.106810e+01,1.102554e+02,4.719720e-01,6.458390e+00,8.333190e+00,3.922410e+00,1.254600e+01,1.094840e+01,8.377420e+00,1.181720e+01,1.140650e+01
7.000000e-02,8.061391e+01,1.094435e+02,4.745860e-01,6.557800e+00,8.419620e+00,4.013700e+00,1.242410e+01,1.052470e+01,8.133880e+00,1.147390e+01,1.102720e+01
7.100000e-02,8.016042e+01,1.086326e+02,4.772070e-01,6.654620e+00,8.501360e+00,4.104660e+00,1.229300e+01,1.010520e+01,7.889470e+00,1.112930e+01,1.064900e+01
7.200000e-02,7.970398e+01,1.078226e+02,4.798320e-01,6.748470e+00,8.578000e+00,4.194990e+00,1.215250e+01,9.690280e+00,7.644530e+00,1.078390e+01,1.027250e+01
7.300000e-02,7.924648e+01,1.070139e+02,4.824610e-01,6.839380e+00,8.649560e+00,4.284710e+00,1.200350e+01,9.281210e+00,7.399750e+00,1.043890e+01,9.898820e+00
7.400000e-02,7.879161e+01,1.062087e+02,4.850930e-01,6.927600e+00,8.716520e+00,4.373950e+00,1.184700e+01,8.879330e+00,7.156220e+00,1.009550e+01,9.529280e+00
7.500000e-02,7.833214e+01,1.054023e+02,4.877280e-01,7.012460e+00,8.778030e+00,4.462230e+00,1.168260e+01,8.484510e+00,6.913690e+00,9.753600e+00,9.163640e+00
7.600000e-02,7.787176e+01,1.045972e+02,4.903640e-01,7.094380e+00,8.834710e+00,4.549830e+00,1.151170e+01,8.098300e+00,6.673360e+00,9.414710e+00,8.803580e+00
7.700000e-02,7.741231e+01,1.037982e+02,4.930000e-01,7.173030e+00,8.886230e+00,4.636460e+00,1.133430e+01,7.720760e+00,6.435270e+00,9.079090e+00,8.449150e+00
7.800000e-02,7.695556e+01,1.030007e+02,4.956340e-01,7.248430e+00,8.932610e+00,4.722110e+00,1.115100e+01,7.352700e+00,6.200080e+00,8.747510e+00,8.101200e+00
7.900000e-02,7.649270e+01,1.022021e+02,4.982680e-01,7.320490e+00,8.973920e+00,4.806700e+00,1.096250e+01,6.994460e+00,5.968100e+00,8.420460e+00,7.760080e+00
8.000000e-02,7.603263e+01,1.014098e+02,5.009000e-01,7.389310e+00,9.010320e+00,4.890250e+00,1.076930e+01,6.646620e+00,5.739790e+00,8.098550e+00,7.426490e+00
8.100000e-02,7.557184e+01,1.006190e+02,5.035290e-01,7.454770e+00,9.041620e+00,4.972620e+00,1.057200e+01,6.309400e+00,5.515360e+00,7.782190e+00,7.100660e+00
8.200000e-02,7.511039e+01,9.982975e+01,5.061540e-01,7.516670e+00,9.067810e+00,5.053680e+00,1.037060e+01,5.982900e+00,5.295100e+00,7.471620e+00,6.782850e+00
8.300000e-02,7.464831e+01,9.904442e+01,5.087750e-01,7.575430e+00,9.089430e+00,5.133640e+00,1.016650e+01,5.667750e+00,5.079490e+00,7.167670e+00,6.473740e+00
8.400000e-02,7.418737e+01,9.826073e+01,5.113890e-01,7.630270e+00,9.105570e+00,5.211910e+00,9.959020e+00,5.363410e+00,4.868350e+00,6.869960e+00,6.172910e+00
8.500000e-02,7.372589e+01,9.748101e+01,5.139980e-01,7.681820e+00,9.117090e+00,5.288930e+00,9.749490e+00,5.070530e+00,4.662260e+00,6.579400e+00,5.881140e+00
8.600000e-02,7.326558e+01,9.670747e+01,5.166010e-01,7.730430e+00,9.124400e+00,5.364860e+00,9.538750e+00,4.789230e+00,4.461610e+00,6.296530e+00,5.598750e+00
8.700000e-02,7.280647e+01,9.593344e+01,5.191950e-01,7.774700e+00,9.126100e+00,5.438680e+00,9.325620e+00,4.518750e+00,4.265790e+00,6.020470e+00,5.324900e+00
8.800000e-02,7.234525e+01,9.516560e+01,5.217810e-01,7.815920e+00,9.123610e+00,5.511260e+00,9.111980e+00,4.259730e+00,4.075650e+00,5.752380e+00,5.060500e+00
8.900000e-02,7.188529e+01,9.440174e+01,5.243580e-01,7.853320e+00,9.116240e+00,5.582000e+00,8.897420e+00,4.011660e+00,3.890900e+00,5.491920e+00,4.805220e+00
9.000000e-02,7.142496e+01,9.363970e+01,5.269250e-01,7.887260e+00,9.104330e+00,5.651110e+00,8.682660e+00,3.774550e+00,3.711740e+00,5.239330e+00,4.559110e+00
9.100000e-02,7.096758e+01,9.288381e+01,5.294820e-01,7.917960e+00,9.088320e+00,5.718700e+00,8.468330e+00,3.548410e+00,3.538350e+00,4.994880e+00,4.322410e+00
9.200000e-02,7.050988e+01,9.212977e+01,5.320290e-01,7.944720e+00,9.067500e+00,5.784200e+00,8.253930e+00,3.332580e+00,3.370370e+00,4.758040e+00,4.094480e+00
9.300000e-02,7.005191e+01,9.138186e+01,5.345620e-01,7.968360e+00,9.042800e+00,5.848170e+00,8.040690e+00,3.127330e+00,3.208200e+00,4.529410e+00,3.875850e+00
9.400000e-02,6.959371e+01,9.063376e+01,5.370850e-01,7.988060e+00,9.013490e+00,5.909950e+00,7.828110e+00,2.931950e+00,3.051480e+00,4.308450e+00,3.665900e+00
9.500000e-02,6.913851e+01,8.989592e+01,5.395950e-01,8.004620e+00,8.980390e+00,5.970070e+00,7.617170e+00,2.746580e+00,2.900480e+00,4.095550e+00,3.464890e+00
9.600000e-02,6.868312e+01,8.915793e+01,5.420910e-01,8.017800e+00,8.943370e+00,6.028310e+00,7.407920e+00,2.570760e+00,2.755050e+00,3.890510e+00,3.272510e+00
9.700000e-02,6.822759e+01,8.842397e+01,5.445730e-01,8.027180e+00,8.902000e+00,6.084320e+00,7.200170e+00,2.404060e+00,2.614970e+00,3.693020e+00,3.088410e+00
9.800000e-02,6.777507e+01,8.769604e+01,5.470430e-01,8.033650e+00,8.857460e+00,6.138690e+00,6.994950e+00,2.246480e+00,2.480490e+00,3.503420e+00,2.912780e+00
9.900000e-02,6.732091e+01,8.697211e+01,5.494960e-01,8.036780e+00,8.809200e+00,6.191030e+00,6.792020e+00,2.097510e+00,2.351340e+00,3.321330e+00,2.745180e+00
1.000000e-01,6.687134e+01,8.625415e+01,5.519350e-01,8.036320e+00,8.757120e+00,6.241100e+00,6.591440e+00,1.956860e+00,2.227420e+00,3.146620e+00,2.585410e+00
1.010000e-01,6.642017e+01,8.554015e+01,5.543580e-01,8.032810e+00,8.701750e+00,6.289300e+00,6.393570e+00,1.824130e+00,2.108610e+00,2.979100e+00,2.433190e+00
1.020000e-01,6.597053e+01,8.482815e+01,5.567650e-01,8.025910e+00,8.642940e+00,6.335240e+00,6.198630e+00,1.699180e+00,1.994930e+00,2.818830e+00,2.288500e+00
1.030000e-01,6.552243e+01,8.412208e+01,5.591570e-01,8.016140e+00,8.581190e+00,6.379390e+00,6.006720e+00,1.581510e+00,1.886130e+00,2.665420e+00,2.150890e+00
1.040000e-01,6.507587e+01,8.342189e+01,5.615300e-01,8.003220e+00,8.516360e+00,6.421320e+00,5.818120e+00,1.470990e+00,1.782250e+00,2.518960e+00,2.020350e+00
1.050000e-01,6.462789e+01,8.272371e+01,5.638870e-01,7.986930e+00,8.448230e+00,6.460880e+00,5.632580e+00,1.367120e+00,1.682990e+00,2.379000e+00,1.896430e+00
1.060000e-01,6.418300e+01,8.203138e+01,5.662270e-01,7.967820e+00,8.377410e+00,6.498480e+00,5.450440e+00,1.269630e+00,1.588250e+00,2.245430e+00,1.778940e+00
1.070000e-01,6.373970e+01,8.134297e+01,5.685480e-01,7.945870e+00,8.303990e+00,6.533980e+00,5.271960e+00,1.178300e+00,1.498000e+00,2.118180e+00,1.667750e+00
1.080000e-01,6.329654e+01,8.066033e+01,5.708530e-01,7.921190e+00,8.228110e+00,6.567530e+00,5.097040e+00,1.092730e+00,1.411990e+00,1.996900e+00,1.562500e+00
1.090000e-01,6.285502e+01,7.998158e+01,5.731360e-01,7.893510e+00,8.149600e+00,6.598710e+00,4.925770e+00,1.012720e+00,1.330160e+00,1.881520e+00,1.463050e+00
1.100000e-01,6.241658e+01,7.930672e+01,5.754020e-01,7.863130e+00,8.068770e+00,6.627780e+00,4.758250e+00,9.379060e-01,1.252310e+00,1.771760e+00,1.369080e+00
1.110000e-01,6.197692e+01,7.863755e+01,5.776500e-01,7.830030e+00,7.985640e+00,6.654690e+00,4.594350e+00,8.680070e-01,1.178310e+00,1.667410e+00,1.280360e+00
1.120000e-01,6.153752e+01,7.797044e+01,5.798770e-01,7.794560e+00,7.900640e+00,6.679630e+00,4.434480e+00,8.028190e-01,1.108090e+00,1.568410e+00,1.196730e+00
1.130000e-01,6.110405e+01,7.731255e+01,5.820850e-01,7.756210e+00,7.813320e+00,6.702150e+00,4.278230e+00,7.420200e-01,1.041450e+00,1.474440e+00,1.117880e+00
1.140000e-01,6.066944e+01,7.665668e+01,5.842720e-01,7.715500e+00,7.724280e+00,6.722590e+00,4.125970e+00,6.854150e-01,9.783220e-01,1.385420e+00,1.043670e+00
1.150000e-01,6.023515e+01,7.600462e+01,5.864400e-01,7.672740e+00,7.633720e+00,6.741280e+00,3.977560e+00,6.326870e-01,9.184910e-01,1.301060e+00,9.737870e-01
1.160000e-01,5.980259e+01,7.535811e+01,5.885870e-01,7.627220e+00,7.541180e+00,6.757400e+00,3.832950e+00,5.836780e-01,8.618680e-01,1.221230e+00,9.081020e-01
1.170000e-01,5.937450e+01,7.471538e+01,5.907130e-01,7.579810e+00,7.447420e+00,6.771750e+00,3.692290e+00,5.381380e-01,8.083190e-01,1.145720e+00,8.463910e-01
1.180000e-01,5.894405e+01,7.407813e+01,5.928170e-01,7.530040e+00,7.352130e+00,6.783810e+00,3.555520e+00,4.958690e-01,7.577040e-01,1.074350e+00,7.884770e-01
1.190000e-01,5.851672e+01,7.344462e+01,5.949020e-01,7.478130e+00,7.255470e+00,6.793780e+00,3.422440e+00,4.566210e-01,7.098510e-01,1.006870e+00,7.340910e-01
1.200000e-01,5.809115e+01,7.281486e+01,5.969660e-01,7.424270e+00,7.157670e+00,6.801780e+00,3.293170e+00,4.202290e-01,6.646700e-01,9.431470e-01,6.830890e-01
1.210000e-01,5.766735e+01,7.219215e+01,5.990070e-01,7.368530e+00,7.058900e+00,6.807770e+00,3.167750e+00,3.865370e-01,6.220790e-01,8.830590e-01,6.353300e-01
1.220000e-01,5.724400e+01,7.157148e+01,6.010290e-01,7.310700e+00,6.958900e+00,6.811580e+00,3.045860e+00,3.553040e-01,5.818990e-01,8.263270e-01,5.905510e-01
1.230000e-01,5.682246e+01,7.095614e+01,6.030270e-01,7.251450e+00,6.858420e+00,6.813680e+00,2.927890e+00,3.264500e-01,5.441570e-01,7.729420e-01,5.487090e-01
1.240000e-01,5.640271e+01,7.034610e+01,6.050040e-01,7.190100e+00,6.756780e+00,6.813450e+00,2.813400e+00,2.997580e-01,5.087300e-01,7.226280e-01,5.095510e-01
1.250000e-01,5.598478e+01,6.973808e+01,6.069580e-01,7.127280e+00,6.654620e+00,6.811450e+00,2.702540e+00,2.751000e-01,4.756560e-01,6.752790e-01,4.729540e-01
1.260000e-01,5.556739e+01,6.913692e+01,6.088920e-01,7.062550e+00,6.551590e+00,6.807200e+00,2.595070e+00,2.523210e-01,4.450100e-01,6.307030e-01,4.387470e-01
1.270000e-01,5.515438e+01,6.853935e+01,6.108030e-01,6.997100e+00,6.448790e+00,6.801750e+00,2.491370e+00,2.313340e-01,4.171540e-01,5.888680e-01,4.068670e-01
1.280000e-01,5.473940e+01,6.794539e+01,6.126900e-01,6.929480e+00,6.344960e+00,6.793700e+00,2.390840e+00,2.119670e-01,3.924200e-01,5.495140e-01,3.770940e-01
1.290000e-01,5.432753e+01,6.735658e+01,6.145570e-01,6.860870e+00,6.241130e+00,6.784160e+00,2.293720e+00,1.941220e-01,3.716010e-01,5.125600e-01,3.493380e-01
1.300000e-01,5.391753e+01,6.677133e+01,6.164020e-01,6.791050e+00,6.137150e+00,6.772880e+00,2.199890e+00,1.776890e-01,3.558320e-01,4.778680e-01,3.234730e-01
1.310000e-01,5.350816e+01,6.619116e+01,6.182240e-01,6.719800e+00,6.032860e+00,6.759530e+00,2.109240e+00,1.625670e-01,3.466450e-01,4.453150e-01,2.993870e-01
1.320000e-01,5.310312e+01,6.561604e+01,6.200250e-01,6.647750e+00,5.928830e+00,6.744790e+00,2.021790e+00,1.486600e-01,3.463510e-01,4.147810e-01,2.769710e-01
1.330000e-01,5.269750e+01,6.504292e+01,6.218020e-01,6.574210e+00,5.824490e+00,6.727850e+00,1.937320e+00,1.358760e-01,3.573230e-01,3.861330e-01,2.561140e-01
1.340000e-01,5.229378e+01,6.447628e+01,6.235560e-01,6.500170e+00,5.720680e+00,6.709660e+00,1.855980e+00,1.241410e-01,3.823080e-01,3.592970e-01,2.367400e-01
1.350000e-01,5.189195e+01,6.391312e+01,6.252900e-01,6.425070e+00,5.616930e+00,6.689720e+00,1.777480e+00,1.133560e-01,4.268400e-01,3.340990e-01,2.187180e-01
1.360000e-01,5.149321e+01,6.335341e+01,6.270000e-01,6.349030e+00,5.513370e+00,6.668010e+00,1.701850e+00,1.034650e-01,4.927360e-01,3.104760e-01,2.019880e-01
1.370000e-01,5.109519e+01,6.279861e+01,6.286870e-01,6.272640e+00,5.410570e+00,6.645150e+00,1.629120e+00,9.440380e-02,5.855770e-01,2.883390e-01,1.864750e-01
1.380000e-01,5.069674e+01,6.224723e+01,6.303550e-01,6.195090e+00,5.307710e+00,6.620290e+00,1.558900e+00,8.608220e-02,7.097800e-01,2.675170e-01,1.720540e-01
1.390000e-01,5.030371e+01,6.170069e+01,6.319990e-01,6.117220e+00,5.205670e+00,6.594220e+00,1.491460e+00,7.847150e-02,8.691280e-01,2.479970e-01,1.587030e-01
1.400000e-01,4.991028e+01,6.115754e+01,6.336210e-01,6.038580e+00,5.103970e+00,6.566460e+00,1.426500e+00,7.149730e-02,1.064670e+00,2.296460e-01,1.463180e-01
1.410000e-01,4.951879e+01,6.062057e+01,6.352230e-01,5.959600e+00,5.002980e+00,6.537450e+00,1.364050e+00,6.511520e-02,1.301150e+00,2.123990e-01,1.348460e-01
1.420000e-01,4.912923e+01,6.008554e+01,6.368020e-01,5.879930e+00,4.902470e+00,6.506760e+00,1.303980e+00,5.927760e-02,1.580950e+00,1.961730e-01,1.242220e-01
1.430000e-01,4.874162e+01,5.955524e+01,6.383590e-01,5.800330e+00,4.803040e+00,6.475210e+00,1.246340e+00,5.394480e-02,1.897820e+00,1.809360e-01,1.143990e-01
1.440000e-01,4.835596e+01,5.902826e+01,6.398960e-01,5.719490e+00,4.703630e+00,6.441290e+00,1.190780e+00,4.906500e-02,2.250770e+00,1.665840e-01,1.052950e-01
1.450000e-01,4.797224e+01,5.850595e+01,6.414110e-01,5.639600e+00,4.606020e+00,6.407440e+00,1.137680e+00,4.461900e-02,2.642310e+00,1.531170e-01,9.690050e-02
1.460000e-01,4.758937e+01,5.798691e+01,6.429060e-01,5.558910e+00,4.508760e+00,6.371740e+00,1.086550e+00,4.055290e-02,3.062340e+00,1.404410e-01,8.912730e-02
1.470000e-01,4.720957e+01,5.747249e+01,6.443790e-01,5.479100e+00,4.413240e+00,6.335930e+00,1.037710e+00,3.685310e-02,3.505270e+00,1.285750e-01,8.196810e-02
1.480000e-01,4.683063e+01,5.696131e+01,6.458300e-01,5.397140e+00,4.317000e+00,6.296600e+00,9.904630e-01,3.346460e-02,3.962620e+00,1.173960e-01,7.532610e-02
1.490000e-01,4.645260e+01,5.645339e+01,6.472630e-01,5.315860e+00,4.222330e+00,6.256990e+00,9.452810e-01,3.038010e-02,4.427830e+00,1.069470e-01,6.920540e-02
1.500000e-01,4.607655e+01,5.594870e+01,6.486750e-01,5.234980e+00,4.128980e+00,6.216720e+00,9.020270e-01,2.757190e-02,4.890650e+00,9.719690e-02,6.356460e-02
1.510000e-01,4.570356e+01,5.544980e+01,6.500660e-01,5.154390e+00,4.036870e+00,6.175680e+00,8.606180e-01,2.501600e-02,5.347160e+00,8.810720e-02,5.836650e-02
1.520000e-01,4.533149e+01,5.495409e+01,6.514350e-01,5.074560e+00,3.946350e+00,6.134380e+00,8.210660e-01,2.269330e-02,5.783970e+00,7.967560e-02,5.358430e-02
1.530000e-01,4.496142e+01,5.446155e+01,6.527870e-01,4.993840e+00,3.856110e+00,6.090890e+00,7.829930e-01,2.057360e-02,6.194860e+00,7.183760e-02,4.916480e-02
1.540000e-01,4.459231e+01,5.397218e+01,6.541170e-01,4.912760e+00,3.766600e+00,6.045720e+00,7.464640e-01,1.864460e-02,6.573970e+00,6.458890e-02,4.509160e-02
1.550000e-01,4.422522e+01,5.348599e+01,6.554280e-01,4.834260e+00,3.680020e+00,6.002560e+00,7.118350e-01,1.689840e-02,6.918830e+00,5.793940e-02,4.136100e-02
1.560000e-01,4.386115e+01,5.300539e+01,6.567170e-01,4.753990e+00,3.593080e+00,5.956030e+00,6.784120e-01,1.530520e-02,7.218640e+00,5.181520e-02,3.791260e-02
1.570000e-01,4.349807e+01,5.252790e+01,6.579880e-01,4.674630e+00,3.507760e+00,5.909340e+00,6.465080e-01,1.385930e-02,7.473190e+00,4.622110e-02,3.474460e-02
1.580000e-01,4.313701e+01,5.205231e+01,6.592390e-01,4.595850e+00,3.423830e+00,5.862140e+00,6.160220e-01,1.254680e-02,7.681080e+00,4.112620e-02,3.183310e-02
1.590000e-01,4.277697e+01,5.158103e+01,6.604710e-01,4.516660e+00,3.340560e+00,5.813210e+00,5.867660e-01,1.135310e-02,7.839710e+00,3.649450e-02,2.915120e-02
1.600000e-01,4.241896e+01,5.111402e+01,6.616820e-01,4.438550e+00,3.259020e+00,5.764330e+00,5.588880e-01,1.027200e-02,7.950540e+00,3.231520e-02,2.669260e-02
1.610000e-01,4.206298e+01,5.064890e+01,6.628750e-01,4.361090e+00,3.178870e+00,5.715050e+00,5.322570e-01,9.291050e-03,8.014440e+00,2.854990e-02,2.443390e-02
1.620000e-01,4.170998e+01,5.018917e+01,6.640470e-01,4.283300e+00,3.099410e+00,5.664020e+00,5.067210e-01,8.400390e-03,8.031130e+00,2.516930e-02,2.235700e-02
1.630000e-01,4.135709e+01,4.973132e+01,6.652020e-01,4.207330e+00,3.022160e+00,5.614100e+00,4.824720e-01,7.594950e-03,8.007260e+00,2.215340e-02,2.045620e-02
1.640000e-01,4.100719e+01,4.927765e+01,6.663350e-01,4.131420e+00,2.945830e+00,5.562870e+00,4.592580e-01,6.864320e-03,7.942350e+00,1.946590e-02,1.871030e-02
1.650000e-01,4.065931e+01,4.882700e+01,6.674500e-01,4.055820e+00,2.870640e+00,5.510780e+00,4.370680e-01,6.202120e-03,7.840560e+00,1.707950e-02,1.710800e-02
1.660000e-01,4.031252e+01,4.837935e+01,6.685480e-01,3.980840e+00,2.796720e+00,5.458240e+00,4.158730e-01,5.601880e-03,7.706090e+00,1.496600e-02,1.563760e-02
1.670000e-01,3.996870e+01,4.793691e+01,6.696250e-01,3.906290e+00,2.724000e+00,5.404890e+00,3.956340e-01,5.058580e-03,7.541710e+00,1.310480e-02,1.429000e-02
1.680000e-01,3.962598e+01,4.749632e+01,6.706830e-01,3.831700e+00,2.652120e+00,5.350150e+00,3.762590e-01,4.566120e-03,7.350660e+00,1.146750e-02,1.305300e-02
1.690000e-01,3.928620e+01,4.705979e+01,6.717230e-01,3.759990e+00,2.583050e+00,5.298030e+00,3.579760e-01,4.122750e-03,7.142790e+00,1.003570e-02,1.192640e-02
1.700000e-01,3.894664e+01,4.662512e+01,6.727450e-01,3.688050e+00,2.514650e+00,5.244240e+00,3.404520e-01,3.720700e-03,6.915420e+00,8.780860e-03,1.089190e-02
1.710000e-01,3.861002e+01,4.619341e+01,6.737500e-01,3.615080e+00,2.446360e+00,5.187650e+00,3.235810e-01,3.355390e-03,6.670410e+00,7.682000e-03,9.939580e-03
1.720000e-01,3.827542e+01,4.576674e+01,6.747360e-01,3.544830e+00,2.380720e+00,5.133540e+00,3.076660e-01,3.026840e-03,6.418190e+00,6.728200e-03,9.073120e-03
1.730000e-01,3.794285e+01,4.534297e+01,6.757030e-01,3.475820e+00,2.316730e+00,5.079840e+00,2.925460e-01,2.730460e-03,6.159170e+00,5.899530e-03,8.281980e-03
1.740000e-01,3.761058e+01,4.492106e+01,6.766550e-01,3.405970e+00,2.252910e+00,5.023590e+00,2.779880e-01,2.461140e-03,5.892100e+00,5.175570e-03,7.553780e-03
1.750000e-01,3.728207e+01,4.450410e+01,6.775880e-01,3.337380e+00,2.190740e+00,4.967760e+00,2.641640e-01,2.218390e-03,5.623570e+00,4.547860e-03,6.889490e-03
1.760000e-01,3.695473e+01,4.408999e+01,6.785030e-01,3.270110e+00,2.130190e+00,4.912530e+00,2.510350e-01,1.999510e-03,5.355810e+00,4.003230e-03,6.283230e-03
1.770000e-01,3.662942e+01,4.367772e+01,6.794030e-01,3.203690e+00,2.070910e+00,4.857200e+00,2.385230e-01,1.801710e-03,5.089770e+00,3.529400e-03,5.728700e-03
1.780000e-01,3.630613e+01,4.326931e+01,6.802860e-01,3.136910e+00,2.012150e+00,4.799940e+00,2.265200e-01,1.622530e-03,4.825210e+00,3.116500e-03,5.219940e-03
1.790000e-01,3.598488e+01,4.286373e+01,6.811510e-01,3.071800e+00,1.955190e+00,4.743820e+00,2.151550e-01,1.461370e-03,4.566920e+00,2.758590e-03,4.756870e-03
1.800000e-01,3.566482e+01,4.246196e+01,6.820010e-01,3.008030e+00,1.899780e+00,4.688410e+00,2.043670e-01,1.316120e-03,4.315460e+00,2.447040e-03,4.334520e-03
1.810000e-01,3.534842e+01,4.206298e+01,6.828350e-01,2.943720e+00,1.844720e+00,4.630760e+00,1.940000e-01,1.184450e-03,4.069070e+00,2.173990e-03,3.946770e-03
1.820000e-01,3.503241e+01,4.166679e+01,6.836540e-01,2.881970e+00,1.791940e+00,4.575740e+00,1.842450e-01,1.066410e-03,3.832970e+00,1.936760e-03,3.595130e-03
1.830000e-01,3.471762e+01,4.127338e+01,6.844550e-01,2.820550e+00,1.740050e+00,4.519880e+00,1.749320e-01,9.598060e-04,3.604660e+00,1.728840e-03,3.273660e-03
1.840000e-01,3.440725e+01,4.088368e+01,6.852430e-01,2.759180e+00,1.688850e+00,4.462720e+00,1.660170e-01,8.634100e-04,3.384200e+00,1.545860e-03,2.979330e-03
1.850000e-01,3.409652e+01,4.049673e+01,6.860140e-01,2.699020e+00,1.639040e+00,4.406120e+00,1.575560e-01,7.766560e-04,3.173490e+00,1.385170e-03,2.711240e-03
1.860000e-01,3.378858e+01,4.011252e+01,6.867720e-01,2.639880e+00,1.590460e+00,4.349840e+00,1.495150e-01,6.984820e-04,2.972360e+00,1.243480e-03,2.466790e-03
1.870000e-01,3.348189e+01,3.973105e+01,6.875150e-01,2.581770e+00,1.543140e+00,4.293850e+00,1.418760e-01,6.281210e-04,2.781080e+00,1.118280e-03,2.244120e-03
1.880000e-01,3.317722e+01,3.935229e+01,6.882440e-01,2.524650e+00,1.497010e+00,4.238170e+00,1.346180e-01,5.647620e-04,2.599390e+00,1.007410e-03,2.041190e-03
1.890000e-01,3.287456e+01,3.897714e+01,6.889580e-01,2.468920e+00,1.452310e+00,4.183440e+00,1.277440e-01,5.078370e-04,2.427620e+00,9.092230e-04,1.856710e-03
1.900000e-01,3.257467e+01,3.860557e+01,6.896570e-01,2.413070e+00,1.408110e+00,4.127190e+00,1.211580e-01,4.563660e-04,2.264060e+00,8.213960e-04,1.687820e-03
1.910000e-01,3.227602e+01,3.823578e+01,6.903450e-01,2.359030e+00,1.365550e+00,4.072680e+00,1.149430e-01,4.102040e-04,2.110480e+00,7.432890e-04,1.534610e-03
1.920000e-01,3.197864e+01,3.786867e+01,6.910170e-01,2.305480e+00,1.323820e+00,4.017670e+00,1.090190e-01,3.686030e-04,1.965400e+00,6.733050e-04,1.394850e-03
1.930000e-01,3.168400e+01,3.750507e+01,6.916770e-01,2.252030e+00,1.282700e+00,3.961520e+00,1.033510e-01,3.310360e-04,1.828140e+00,6.103210e-04,1.267090e-03
1.940000e-01,3.139063e+01,3.714326e+01,6.923240e-01,2.200780e+00,1.243380e+00,3.907880e+00,9.802710e-02,2.974400e-04,1.700240e+00,5.540980e-04,1.151540e-03
1.950000e-01,3.109997e+01,3.678578e+01,6.929580e-01,2.149470e+00,1.204530e+00,3.852800e+00,9.292780e-02,2.670960e-04,1.579620e+00,5.032050e-04,1.045910e-03
1.960000e-01,3.081130e+01,3.643007e+01,6.935790e-01,2.099320e+00,1.166860e+00,3.798540e+00,8.809410e-02,2.398250e-04,1.466690e+00,4.573650e-04,9.498600e-04
1.970000e-01,3.052320e+01,3.607697e+01,6.941880e-01,2.050660e+00,1.130510e+00,3.745650e+00,8.353030e-02,2.153810e-04,1.361330e+00,4.161460e-04,8.627550e-04
1.980000e-01,3.023779e+01,3.572728e+01,6.947840e-01,2.002080e+00,1.094690e+00,3.691620e+00,7.916470e-02,1.933270e-04,1.262360e+00,3.786910e-04,7.832110e-04
1.990000e-01,2.995505e+01,3.538018e+01,6.953690e-01,1.954450e+00,1.059870e+00,3.638050e+00,7.502240e-02,1.735080e-04,1.170020e+00,3.447620e-04,7.109040e-04
2.000000e-01,2.967290e+01,3.503564e+01,6.959420e-01,1.907850e+00,1.026080e+00,3.585090e+00,7.109610e-02,1.557140e-04,1.083970e+00,3.140290e-04,6.452250e-04
2.010000e-01,2.939274e+01,3.469445e+01,6.965030e-01,1.862180e+00,9.932460e-01,3.532620e+00,6.737250e-02,1.397350e-04,1.003790e+00,2.861570e-04,5.855490e-04
2.020000e-01,2.911521e+01,3.435500e+01,6.970530e-01,1.817360e+00,9.613100e-01,3.480480e+00,6.383850e-02,1.253810e-04,9.290830e-01,2.608420e-04,5.313060e-04
2.030000e-01,2.883899e+01,3.401888e+01,6.975920e-01,1.773530e+00,9.303280e-01,3.429030e+00,6.048830e-02,1.124880e-04,8.595970e-01,2.378310e-04,4.820250e-04
2.040000e-01,2.856472e+01,3.368449e+01,6.981200e-01,1.730360e+00,9.001160e-01,3.377630e+00,5.730310e-02,1.008980e-04,7.949020e-01,2.168670e-04,4.372030e-04
2.050000e-01,2.829307e+01,3.335416e+01,6.986370e-01,1.687640e+00,8.705620e-01,3.325870e+00,5.427050e-02,9.047610e-05,7.346510e-01,1.977470e-04,3.964200e-04
2.060000e-01,2.802270e+01,3.302555e+01,6.991430e-01,1.646500e+00,8.422270e-01,3.275950e+00,5.141810e-02,8.116140e-05,6.790370e-01,1.804230e-04,3.595630e-04
2.070000e-01,2.775364e+01,3.269942e+01,6.996380e-01,1.606070e+00,8.146440e-01,3.226260e+00,4.870810e-02,7.279030e-05,6.273780e-01,1.646160e-04,3.260610e-04
2.080000e-01,2.748717e+01,3.237651e+01,7.001230e-01,1.566070e+00,7.876620e-01,3.176280e+00,4.612560e-02,6.525630e-05,5.793100e-01,1.501620e-04,2.955570e-04
2.090000e-01,2.722262e+01,3.205605e+01,7.005990e-01,1.526750e+00,7.613930e-01,3.126450e+00,4.367280e-02,5.849020e-05,5.347050e-01,1.369710e-04,2.678430e-04
2.100000e-01,2.695939e+01,3.173803e+01,7.010640e-01,1.488290e+00,7.359220e-01,3.077190e+00,4.134950e-02,5.242360e-05,4.934000e-01,1.249490e-04,2.427060e-04
2.110000e-01,2.669869e+01,3.142317e+01,7.015200e-01,1.450840e+00,7.113070e-01,3.028890e+00,3.915300e-02,4.698880e-05,4.552140e-01,1.140000e-04,2.199290e-04
2.120000e-01,2.643991e+01,3.111000e+01,7.019680e-01,1.414350e+00,6.875120e-01,2.981460e+00,3.707570e-02,4.211890e-05,4.199290e-01,1.040230e-04,1.992900e-04
2.130000e-01,2.618243e+01,3.079924e+01,7.024050e-01,1.378250e+00,6.642400e-01,2.933650e+00,3.509710e-02,3.774090e-05,3.871850e-01,9.489420e-05,1.805210e-04
2.140000e-01,2.592686e+01,3.049158e+01,7.028330e-01,1.342860e+00,6.416420e-01,2.886250e+00,3.322050e-02,3.381290e-05,3.568850e-01,8.655870e-05,1.634890e-04
2.150000e-01,2.567438e+01,3.018700e+01,7.032520e-01,1.308780e+00,6.199860e-01,2.840570e+00,3.145560e-02,3.030420e-05,3.290210e-01,7.898630e-05,1.481090e-04
2.160000e-01,2.542260e+01,2.988478e+01,7.036610e-01,1.275140e+00,5.988520e-01,2.794710e+00,2.977620e-02,2.715150e-05,3.032090e-01,7.205820e-05,1.341340e-04
2.170000e-01,2.517271e+01,2.958421e+01,7.040610e-01,1.242060e+00,5.782800e-01,2.748960e+00,2.818060e-02,2.432080e-05,2.793200e-01,6.572400e-05,1.214440e-04
2.180000e-01,2.492528e+01,2.928667e+01,7.044540e-01,1.209810e+00,5.583890e-01,2.703990e+00,2.667130e-02,2.178480e-05,2.572780e-01,5.994670e-05,1.099480e-04
2.190000e-01,2.467914e+01,2.899145e+01,7.048380e-01,1.178380e+00,5.391620e-01,2.659800e+00,2.524380e-02,1.951380e-05,2.369480e-01,5.467880e-05,9.953770e-05
2.200000e-01,2.443431e+01,2.869855e+01,7.052140e-01,1.147650e+00,5.205330e-01,2.616180e+00,2.389180e-02,1.747820e-05,2.181820e-01,4.987000e-05,9.010140e-05
2.210000e-01,2.419190e+01,2.840796e+01,7.055830e-01,1.117370e+00,5.023780e-01,2.572520e+00,2.260650e-02,1.565100e-05,2.008260e-01,4.547210e-05,8.153530e-05
2.220000e-01,2.395135e+01,2.811966e+01,7.059440e-01,1.087650e+00,4.847440e-01,2.529120e+00,2.138710e-02,1.401250e-05,1.848010e-01,4.145480e-05,7.376840e-05
2.230000e-01,2.371319e+01,2.783492e+01,7.062960e-01,1.059070e+00,4.678680e-01,2.487330e+00,2.024120e-02,1.255010e-05,1.701000e-01,3.780540e-05,6.676200e-05
2.240000e-01,2.347686e+01,2.755180e+01,7.066410e-01,1.031140e+00,4.515270e-01,2.446080e+00,1.915620e-02,1.124000e-05,1.565450e-01,3.447540e-05,6.041610e-05
2.250000e-01,2.324181e+01,2.727093e+01,7.069780e-01,1.003530e+00,4.355640e-01,2.404630e+00,1.812280e-02,1.006230e-05,1.439980e-01,3.142500e-05,5.464810e-05
2.260000e-01,2.300859e+01,2.699293e+01,7.073080e-01,9.765450e-01,4.201090e-01,2.363680e+00,1.714410e-02,9.007360e-06,1.324370e-01,2.864190e-05,4.942520e-05
2.270000e-01,2.277718e+01,2.671714e+01,7.076300e-01,9.502400e-01,4.051750e-01,2.323390e+00,1.621870e-02,8.063380e-06,1.217960e-01,2.610540e-05,4.470100e-05
2.280000e-01,2.254810e+01,2.644356e+01,7.079450e-01,9.245760e-01,3.907360e-01,2.283730e+00,1.534340e-02,7.218260e-06,1.119980e-01,2.379210e-05,4.042530e-05
2.290000e-01,2.232030e+01,2.617219e+01,7.082530e-01,8.995290e-01,3.767710e-01,2.244650e+00,1.451510e-02,6.461620e-06,1.029760e-01,2.168250e-05,3.655580e-05
2.300000e-01,2.209480e+01,2.590359e+01,7.085550e-01,8.750770e-01,3.632630e-01,2.206120e+00,1.373120e-02,5.783950e-06,9.466800e-02,1.975820e-05,3.305320e-05
2.310000e-01,2.187107e+01,2.563717e+01,7.088490e-01,8.512110e-01,3.501990e-01,2.168150e+00,1.298930e-02,5.177210e-06,8.702030e-02,1.800340e-05,2.988360e-05
2.320000e-01,2.164861e+01,2.537348e+01,7.091370e-01,8.279220e-01,3.375670e-01,2.130770e+00,1.228730e-02,4.633980e-06,7.998010e-02,1.640290e-05,2.701520e-05
2.330000e-01,2.142841e+01,2.511135e+01,7.094190e-01,8.052140e-01,3.253610e-01,2.094020e+00,1.162330e-02,4.147660e-06,7.350120e-02,1.494350e-05,2.441990e-05
2.340000e-01,2.120997e+01,2.485135e+01,7.096940e-01,7.831020e-01,3.135800e-01,2.057940e+00,1.099590e-02,3.712580e-06,6.754370e-02,1.361370e-05,2.207330e-05
2.350000e-01,2.099327e+01,2.459405e+01,7.099630e-01,7.615630e-01,3.022060e-01,2.022510e+00,1.040280e-02,3.323300e-06,6.206660e-02,1.240210e-05,1.995200e-05
2.360000e-01,2.077830e+01,2.433941e+01,7.102260e-01,7.405090e-01,2.911980e-01,1.987500e+00,9.841150e-03,2.974760e-06,5.702580e-02,1.129720e-05,1.803260e-05
2.370000e-01,2.056553e+01,2.408685e+01,7.104820e-01,7.198850e-01,2.805250e-01,1.952810e+00,9.308630e-03,2.662330e-06,5.238180e-02,1.028850e-05,1.629410e-05
2.380000e-01,2.035401e+01,2.383636e+01,7.107340e-01,6.997790e-01,2.702150e-01,1.918710e+00,8.804890e-03,2.382670e-06,4.811040e-02,9.368910e-06,1.472160e-05
2.390000e-01,2.014420e+01,2.358740e+01,7.109790e-01,6.802900e-01,2.603000e-01,1.885490e+00,8.329820e-03,2.132680e-06,4.418980e-02,8.532170e-06,1.330180e-05
2.400000e-01,1.993609e+01,2.334103e+01,7.112180e-01,6.613570e-01,2.507500e-01,1.853000e+00,7.881350e-03,1.909200e-06,4.059030e-02,7.770660e-06,1.201970e-05
2.410000e-01,1.972968e+01,2.309724e+01,7.114510e-01,6.428420e-01,2.415060e-01,1.820840e+00,7.456430e-03,1.709020e-06,3.727870e-02,7.076240e-06,1.085970e-05
2.420000e-01,1.952540e+01,2.285546e+01,7.116780e-01,6.246960e-01,2.325420e-01,1.788890e+00,7.053250e-03,1.529530e-06,3.422920e-02,6.442430e-06,9.809500e-06
2.430000e-01,1.932280e+01,2.261622e+01,7.118990e-01,6.069830e-01,2.238770e-01,1.757370e+00,6.671440e-03,1.368840e-06,3.142490e-02,5.864740e-06,8.859900e-06
2.440000e-01,1.912229e+01,2.237897e+01,7.121160e-01,5.897730e-01,2.155310e-01,1.726510e+00,6.310720e-03,1.225110e-06,2.884970e-02,5.338810e-06,8.002130e-06
2.450000e-01,1.892344e+01,2.214369e+01,7.123290e-01,5.730650e-01,2.074970e-01,1.696300e+00,5.970070e-03,1.096540e-06,2.648580e-02,4.860140e-06,7.227460e-06
2.460000e-01,1.872578e+01,2.191089e+01,7.125360e-01,5.567640e-01,1.997360e-01,1.666460e+00,5.647440e-03,9.814230e-07,2.431320e-02,4.424010e-06,6.527230e-06
2.470000e-01,1.852977e+01,2.167954e+01,7.127380e-01,5.408080e-01,1.922190e-01,1.636770e+00,5.341160e-03,8.781910e-07,2.231380e-02,4.026150e-06,5.893570e-06
2.480000e-01,1.833581e+01,2.145063e+01,7.129360e-01,5.252440e-01,1.849590e-01,1.607370e+00,5.050810e-03,7.857220e-07,2.047630e-02,3.663650e-06,5.320830e-06
2.490000e-01,1.814304e+01,2.122365e+01,7.131290e-01,5.101300e-01,1.779710e-01,1.578430e+00,4.776120e-03,7.029720e-07,1.879020e-02,3.333830e-06,4.803770e-06
2.500000e-01,1.795230e+01,2.099907e+01,7.133180e-01,4.954500e-01,1.712440e-01,1.549860e+00,4.516090e-03,6.289060e-07,1.724290e-02,3.033750e-06,4.337010e-06
2.510000e-01,1.776356e+01,2.077686e+01,7.135020e-01,4.811610e-01,1.647570e-01,1.521510e+00,4.269430e-03,5.625320e-07,1.582190e-02,2.760470e-06,3.915300e-06
2.520000e-01,1.757640e+01,2.055607e+01,7.136810e-01,4.672360e-01,1.584960e-01,1.493280e+00,4.035280e-03,5.030350e-07,1.451650e-02,2.511590e-06,3.534290e-06
2.530000e-01,1.739082e+01,2.033761e+01,7.138550e-01,4.536610e-01,1.524530e-01,1.465120e+00,3.812890e-03,4.496960e-07,1.331770e-02,2.284950e-06,3.190060e-06
2.540000e-01,1.720680e+01,2.012148e+01,7.140250e-01,4.404500e-01,1.466280e-01,1.436990e+00,3.601630e-03,4.019120e-07,1.221740e-02,2.078730e-06,2.879340e-06
2.550000e-01,1.702472e+01,1.990673e+01,7.141910e-01,4.276180e-01,1.410220e-01,1.408880e+00,3.400890e-03,3.590920e-07,1.120800e-02,1.891120e-06,2.598910e-06
2.560000e-01,1.684380e+01,1.969428e+01,7.143530e-01,4.151660e-01,1.356300e-01,1.380750e+00,3.210030e-03,3.206870e-07,1.028180e-02,1.720410e-06,2.345700e-06
2.570000e-01,1.666480e+01,1.948408e+01,7.145120e-01,4.030510e-01,1.304330e-01,1.352470e+00,3.028360e-03,2.862460e-07,9.431630e-03,1.565030e-06,2.117070e-06
2.580000e-01,1.648770e+01,1.927569e+01,7.146660e-01,3.912290e-01,1.254150e-01,1.323900e+00,2.855200e-03,2.553370e-07,8.650670e-03,1.423510e-06,1.910460e-06
2.590000e-01,1.631210e+01,1.906953e+01,7.148160e-01,3.797030e-01,1.205720e-01,1.295010e+00,2.690090e-03,2.276110e-07,7.933510e-03,1.294650e-06,1.723850e-06
2.600000e-01,1.613801e+01,1.886470e+01,7.149630e-01,3.684980e-01,1.159070e-01,1.265790e+00,2.532670e-03,2.027640e-07,7.275660e-03,1.177460e-06,1.555490e-06
2.610000e-01,1.596541e+01,1.866251e+01,7.151070e-01,3.576390e-01,1.114260e-01,1.236220e+00,2.382580e-03,1.804900e-07,6.672620e-03,1.070920e-06,1.403640e-06
2.620000e-01,1.579465e+01,1.846163e+01,7.152500e-01,3.471140e-01,1.071220e-01,1.206240e+00,2.239400e-03,1.605140e-07,6.119740e-03,9.740490e-07,1.266630e-06
2.630000e-01,1.562536e+01,1.826333e+01,7.153900e-01,3.368580e-01,1.029690e-01,1.175680e+00,2.102550e-03,1.425970e-07,5.612100e-03,8.858520e-07,1.142880e-06
2.640000e-01,1.545788e+01,1.806633e+01,7.155280e-01,3.268330e-01,9.895440e-02,1.144480e+00,1.971660e-03,1.265260e-07,5.145460e-03,8.054690e-07,1.031010e-06
2.650000e-01,1.529185e+01,1.787146e+01,7.156620e-01,3.170740e-01,9.508420e-02,1.112800e+00,1.846790e-03,1.121360e-07,4.717140e-03,7.323060e-07,9.299840e-07
2.660000e-01,1.512725e+01,1.767828e+01,7.157940e-01,3.076130e-01,9.136600e-02,1.080820e+00,1.727990e-03,9.927300e-08,4.324570e-03,6.658010e-07,8.388690e-07
2.670000e-01,1.496442e+01,1.748719e+01,7.159220e-01,2.984360e-01,8.779260e-02,1.048500e+00,1.614970e-03,8.778880e-08,3.964880e-03,6.053730e-07,7.567340e-07
2.680000e-01,1.480301e+01,1.729777e+01,7.160490e-01,2.895140e-01,8.435280e-02,1.015750e+00,1.507330e-03,7.753810e-08,3.635080e-03,5.504350e-07,6.826600e-07
2.690000e-01,1.464334e+01,1.711000e+01,7.161760e-01,2.808240e-01,8.103640e-02,9.824940e-01,1.404750e-03,6.838040e-08,3.332300e-03,5.004200e-07,6.157550e-07
2.700000e-01,1.448538e+01,1.692466e+01,7.163010e-01,2.723630e-01,7.784030e-02,9.488420e-01,1.307120e-03,6.020990e-08,3.054360e-03,4.548930e-07,5.553370e-07
2.710000e-01,1.432881e+01,1.674095e+01,7.164240e-01,2.641410e-01,7.476410e-02,9.149800e-01,1.214490e-03,5.293680e-08,2.799450e-03,4.134860e-07,5.008200e-07
2.720000e-01,1.417359e+01,1.655884e+01,7.165450e-01,2.561610e-01,7.180710e-02,8.810720e-01,1.126860e-03,4.647390e-08,2.565760e-03,3.758360e-07,4.516340e-07
2.730000e-01,1.402006e+01,1.637872e+01,7.166640e-01,2.484210e-01,6.896550e-02,8.471960e-01,1.044090e-03,4.074460e-08,2.351660e-03,3.416280e-07,4.072990e-07
2.740000e-01,1.386820e+01,1.620019e+01,7.167830e-01,2.409120e-01,6.623490e-02,8.134040e-01,9.659970e-04,3.567560e-08,2.155540e-03,3.105590e-07,3.673540e-07
2.750000e-01,1.371797e+01,1.602360e+01,7.169010e-01,2.336280e-01,6.361090e-02,7.797500e-01,8.923900e-04,3.119330e-08,1.975820e-03,2.823240e-07,3.313430e-07
2.760000e-01,1.356907e+01,1.584857e+01,7.170200e-01,2.265600e-01,6.108880e-02,7.462980e-01,8.231020e-04,2.722920e-08,1.810980e-03,2.566390e-07,2.988350e-07
2.770000e-01,1.342147e+01,1.567509e+01,7.171380e-01,2.196960e-01,5.866330e-02,7.131540e-01,7.580150e-04,2.373120e-08,1.659820e-03,2.332790e-07,2.695010e-07
2.780000e-01,1.327578e+01,1.550351e+01,7.172550e-01,2.130230e-01,5.632890e-02,6.804330e-01,6.970210e-04,2.065050e-08,1.521180e-03,2.120310e-07,2.430300e-07
2.790000e-01,1.313107e+01,1.533381e+01,7.173710e-01,2.065310e-01,5.408110e-02,6.482410e-01,6.400020e-04,1.794150e-08,1.393990e-03,1.927000e-07,2.191340e-07
2.800000e-01,1.298793e+01,1.516561e+01,7.174850e-01,2.002210e-01,5.191810e-02,6.166700e-01,5.868130e-04,1.556720e-08,1.277400e-03,1.751280e-07,1.975880e-07
2.810000e-01,1.284636e+01,1.499892e+01,7.175980e-01,1.940940e-01,4.983840e-02,5.858090e-01,5.373050e-04,1.349180e-08,1.170580e-03,1.591660e-07,1.781750e-07
2.820000e-01,1.270633e+01,1.483440e+01,7.177120e-01,1.881520e-01,4.784060e-02,5.557450e-01,4.913270e-04,1.167950e-08,1.072710e-03,1.446630e-07,1.606750e-07
2.830000e-01,1.256753e+01,1.467101e+01,7.178270e-01,1.823930e-01,4.592270e-02,5.265570e-01,4.487270e-04,1.009660e-08,9.829980e-04,1.314750e-07,1.448850e-07
2.840000e-01,1.243025e+01,1.450975e+01,7.179410e-01,1.768070e-01,4.408050e-02,4.982810e-01,4.093230e-04,8.717160e-09,9.007750e-04,1.194870e-07,1.306430e-07
2.850000e-01,1.229419e+01,1.434961e+01,7.180550e-01,1.713830e-01,4.230960e-02,4.709430e-01,3.729320e-04,7.517190e-09,8.254080e-04,1.085900e-07,1.177970e-07
2.860000e-01,1.215962e+01,1.419156e+01,7.181670e-01,1.661110e-01,4.060580e-02,4.445690e-01,3.393750e-04,6.473630e-09,7.562880e-04,9.867770e-08,1.062050e-07
2.870000e-01,1.202652e+01,1.403492e+01,7.182770e-01,1.609890e-01,3.896690e-02,4.191900e-01,3.084920e-04,5.568870e-09,6.929290e-04,8.966750e-08,9.575020e-08
2.880000e-01,1.189460e+01,1.387970e+01,7.183860e-01,1.560140e-01,3.739150e-02,3.948350e-01,2.801320e-04,4.787060e-09,6.348860e-04,8.148320e-08,8.633100e-08
2.890000e-01,1.176441e+01,1.372619e+01,7.184960e-01,1.511890e-01,3.587830e-02,3.715350e-01,2.541430e-04,4.112370e-09,5.817150e-04,7.404870e-08,7.784320e-08
2.900000e-01,1.163510e+01,1.357438e+01,7.186060e-01,1.465110e-01,3.442560e-02,3.493140e-01,2.303720e-04,3.529400e-09,5.329800e-04,6.728980e-08,7.018610e-08
2.910000e-01,1.150747e+01,1.342425e+01,7.187150e-01,1.419780e-01,3.303130e-02,3.281610e-01,2.086630e-04,3.026260e-09,4.883200e-04,6.114590e-08,6.327930e-08
2.920000e-01,1.138099e+01,1.327547e+01,7.188240e-01,1.375840e-01,3.169300e-02,3.080470e-01,1.888560e-04,2.592680e-09,4.474050e-04,5.556310e-08,5.705190e-08
2.930000e-01,1.125563e+01,1.312804e+01,7.189300e-01,1.333250e-01,3.040820e-02,2.889440e-01,1.707970e-04,2.218960e-09,4.099160e-04,5.048930e-08,5.143580e-08
2.940000e-01,1.113192e+01,1.298255e+01,7.190340e-01,1.291940e-01,2.917450e-02,2.708260e-01,1.543560e-04,1.897920e-09,3.755810e-04,4.588090e-08,4.637520e-08
2.950000e-01,1.100931e+01,1.283837e+01,7.191360e-01,1.251850e-01,2.798940e-02,2.536660e-01,1.394120e-04,1.623000e-09,3.441400e-04,4.169670e-08,4.181770e-08
2.960000e-01,1.088805e+01,1.269580e+01,7.192370e-01,1.212930e-01,2.685040e-02,2.374380e-01,1.258410e-04,1.387660e-09,3.153350e-04,3.789550e-08,3.771060e-08
2.970000e-01,1.076787e+01,1.255452e+01,7.193380e-01,1.175110e-01,2.575520e-02,2.221180e-01,1.135220e-04,1.185520e-09,2.889110e-04,3.443680e-08,3.400240e-08
2.980000e-01,1.064903e+01,1.241481e+01,7.194390e-01,1.138370e-01,2.470230e-02,2.076730e-01,1.023520e-04,1.011960e-09,2.646710e-04,3.128970e-08,3.065420e-08
2.990000e-01,1.053149e+01,1.227665e+01,7.195380e-01,1.102720e-01,2.369090e-02,1.940710e-01,9.223900e-05,8.634460e-10,2.424540e-04,2.842910e-08,2.763460e-08
3.000000e-01,1.041502e+01,1.214004e+01,7.196350e-01,1.068150e-01,2.272010e-02,1.812780e-01,8.308980e-05,7.364780e-10,2.221030e-04,2.583010e-08,2.491270e-08
3.010000e-01,1.029983e+01,1.200494e+01,7.197300e-01,1.034680e-01,2.178890e-02,1.692590e-01,7.481450e-05,6.276770e-10,2.034590e-04,2.346830e-08,2.245790e-08
3.020000e-01,1.018615e+01,1.187107e+01,7.198240e-01,1.002260e-01,2.089610e-02,1.579790e-01,6.733890e-05,5.346510e-10,1.863890e-04,2.132330e-08,2.024590e-08
3.030000e-01,1.007326e+01,1.173870e+01,7.199150e-01,9.708670e-02,2.003980e-02,1.474050e-01,6.059640e-05,4.554730e-10,1.707680e-04,1.937690e-08,1.825460e-08
3.040000e-01,9.961758e+00,1.160753e+01,7.200070e-01,9.404560e-02,1.921860e-02,1.374990e-01,5.452050e-05,3.882180e-10,1.564720e-04,1.761060e-08,1.646220e-08
3.050000e-01,9.851356e+00,1.147810e+01,7.200970e-01,9.109890e-02,1.843070e-02,1.282280e-01,4.904470e-05,3.309630e-10,1.433780e-04,1.600600e-08,1.484670e-08
3.060000e-01,9.742064e+00,1.134985e+01,7.201880e-01,8.824270e-02,1.767450e-02,1.195540e-01,4.410560e-05,2.819380e-10,1.313670e-04,1.454600e-08,1.338790e-08
3.070000e-01,9.633919e+00,1.122277e+01,7.202790e-01,8.547280e-02,1.694860e-02,1.114430e-01,3.965390e-05,2.400280e-10,1.203550e-04,1.321810e-08,1.207110e-08
3.080000e-01,9.526909e+00,1.109737e+01,7.203680e-01,8.278480e-02,1.625150e-02,1.038570e-01,3.564360e-05,2.042890e-10,1.102630e-04,1.201100e-08,1.088350e-08
3.090000e-01,9.421065e+00,1.097312e+01,7.204560e-01,8.017560e-02,1.558180e-02,9.676210e-02,3.203140e-05,1.738350e-10,1.010150e-04,1.091410e-08,9.812760e-09
3.100000e-01,9.316354e+00,1.085026e+01,7.205420e-01,7.764460e-02,1.493880e-02,9.013150e-02,2.878060e-05,1.479380e-10,9.254390e-05,9.917680e-09,8.847850e-09
3.110000e-01,9.212765e+00,1.072877e+01,7.206250e-01,7.519190e-02,1.432200e-02,8.393950e-02,2.585560e-05,1.258990e-10,8.478520e-05,9.012500e-09,7.978120e-09
3.120000e-01,9.110286e+00,1.060865e+01,7.207070e-01,7.281690e-02,1.373060e-02,7.816070e-02,2.322300e-05,1.070790e-10,7.767630e-05,8.189720e-09,7.193540e-09
3.130000e-01,9.008926e+00,1.048987e+01,7.207860e-01,7.051670e-02,1.316340e-02,7.277080e-02,2.085630e-05,9.105870e-11,7.116580e-05,7.442320e-09,6.486350e-09
3.140000e-01,8.908632e+00,1.037242e+01,7.208650e-01,6.828790e-02,1.261950e-02,6.774560e-02,1.873090e-05,7.746500e-11,6.520480e-05,6.763680e-09,5.849310e-09
3.150000e-01,8.809414e+00,1.025628e+01,7.209440e-01,6.612710e-02,1.209750e-02,6.306110e-02,1.682180e-05,6.592620e-11,5.974450e-05,6.147190e-09,5.275170e-09
3.160000e-01,8.711240e+00,1.014122e+01,7.210220e-01,6.403120e-02,1.159650e-02,5.869370e-02,1.510510e-05,5.608770e-11,5.473790e-05,5.586460e-09,4.756980e-09
3.170000e-01,8.614102e+00,1.002744e+01,7.210990e-01,6.199870e-02,1.111550e-02,5.462280e-02,1.356190e-05,4.770250e-11,5.014810e-05,5.076570e-09,4.289400e-09
3.180000e-01,8.518027e+00,9.914892e+00,7.211750e-01,6.002880e-02,1.065420e-02,5.082910e-02,1.217500e-05,4.056300e-11,4.594260e-05,4.613140e-09,3.867690e-09
3.190000e-01,8.422984e+00,9.803632e+00,7.212480e-01,5.812050e-02,1.021180e-02,4.729370e-02,1.092810e-05,3.447130e-11,4.208910e-05,4.191900e-09,3.487270e-09
3.200000e-01,8.329003e+00,9.693620e+00,7.213190e-01,5.627260e-02,9.787620e-03,4.400080e-02,9.808320e-06,2.928910e-11,3.856070e-05,3.809310e-09,3.144430e-09
3.210000e-01,8.236032e+00,9.584821e+00,7.213880e-01,5.448370e-02,9.381120e-03,4.093600e-02,8.804100e-06,2.490080e-11,3.533190e-05,3.462130e-09,2.835790e-09
3.220000e-01,8.144079e+00,9.477243e+00,7.214560e-01,5.275250e-02,8.991620e-03,3.808480e-02,7.903990e-06,2.119070e-11,3.237740e-05,3.147090e-09,2.557970e-09
3.230000e-01,8.053135e+00,9.370829e+00,7.215240e-01,5.107750e-02,8.618470e-03,3.543260e-02,7.096510e-06,1.804320e-11,2.967190e-05,2.860950e-09,2.307610e-09
3.240000e-01,7.963170e+00,9.265588e+00,7.215920e-01,4.945690e-02,8.260940e-03,3.296530e-02,6.370850e-06,1.535270e-11,2.719120e-05,2.600640e-09,2.081520e-09
3.250000e-01,7.874174e+00,9.161467e+00,7.216610e-01,4.788690e-02,7.918090e-03,3.066930e-02,5.718990e-06,1.305650e-11,2.491690e-05,2.363870e-09,1.877440e-09
3.260000e-01,7.786136e+00,9.058515e+00,7.217290e-01,4.636340e-02,7.588890e-03,2.853160e-02,5.133660e-06,1.110290e-11,2.283180e-05,2.148570e-09,1.693300e-09
3.270000e-01,7.699048e+00,8.956658e+00,7.217960e-01,4.488220e-02,7.272370e-03,2.653910e-02,4.607710e-06,9.441060e-12,2.091910e-05,1.952700e-09,1.527080e-09
3.280000e-01,7.612898e+00,8.855947e+00,7.218620e-01,4.344340e-02,6.968220e-03,2.468260e-02,4.135230e-06,8.028460e-12,1.916520e-05,1.774560e-09,1.377100e-09
3.290000e-01,7.527712e+00,8.756368e+00,7.219270e-01,4.204970e-02,6.676590e-03,2.295500e-02,3.711110e-06,6.827930e-12,1.755840e-05,1.612690e-09,1.241870e-09
3.300000e-01,7.443462e+00,8.657889e+00,7.219890e-01,4.070280e-02,6.397480e-03,2.134900e-02,3.330510e-06,5.805310e-12,1.608730e-05,1.465670e-09,1.119980e-09
3.310000e-01,7.360139e+00,8.560537e+00,7.220500e-01,3.940140e-02,6.130420e-03,1.985680e-02,2.989300e-06,4.936710e-12,1.474130e-05,1.332230e-09,1.010180e-09
3.320000e-01,7.277765e+00,8.464280e+00,7.221100e-01,3.814360e-02,5.874810e-03,1.847050e-02,2.683550e-06,4.200480e-12,1.350970e-05,1.211120e-09,9.113230e-10
3.330000e-01,7.196312e+00,8.369124e+00,7.221700e-01,3.692740e-02,5.630080e-03,1.718200e-02,2.409330e-06,3.575030e-12,1.238200e-05,1.101120e-09,8.222110e-10
3.340000e-01,7.115772e+00,8.275038e+00,7.222290e-01,3.575060e-02,5.395620e-03,1.598390e-02,2.163080e-06,3.041740e-12,1.134840e-05,1.001090e-09,7.417900e-10
3.350000e-01,7.036116e+00,8.181991e+00,7.222890e-01,3.461040e-02,5.170790e-03,1.486940e-02,1.942050e-06,2.588110e-12,1.040110e-05,9.101550e-10,6.692400e-10
3.360000e-01,6.957336e+00,8.089972e+00,7.223470e-01,3.350400e-02,4.954940e-03,1.383210e-02,1.743610e-06,2.202370e-12,9.532500e-06,8.274560e-10,6.037760e-10
3.370000e-01,6.879407e+00,7.998987e+00,7.224040e-01,3.242930e-02,4.747540e-03,1.286570e-02,1.565250e-06,1.873650e-12,8.735570e-06,7.521930e-10,5.446550e-10
3.380000e-01,6.802335e+00,7.909008e+00,7.224600e-01,3.138640e-02,4.548430e-03,1.196600e-02,1.405090e-06,1.594090e-12,8.004820e-06,6.837450e-10,4.913040e-10
3.390000e-01,6.726126e+00,7.820040e+00,7.225140e-01,3.037600e-02,4.357500e-03,1.112890e-02,1.261320e-06,1.356500e-12,7.335170e-06,6.215270e-10,4.431850e-10
3.400000e-01,6.650771e+00,7.732092e+00,7.225670e-01,2.939890e-02,4.174680e-03,1.035040e-02,1.132180e-06,1.153810e-12,6.721570e-06,5.649630e-10,3.997630e-10
3.410000e-01,6.576276e+00,7.645150e+00,7.226180e-01,2.845450e-02,3.999700e-03,9.626800e-03,1.016230e-06,9.808670e-13,6.159570e-06,5.135600e-10,3.605970e-10
3.420000e-01,6.502614e+00,7.559203e+00,7.226690e-01,2.754150e-02,3.832230e-03,8.954500e-03,9.123050e-07,8.341120e-13,5.645240e-06,4.668970e-10,3.253180e-10
3.430000e-01,6.429793e+00,7.474222e+00,7.227180e-01,2.665850e-02,3.671890e-03,8.329990e-03,8.192360e-07,7.100290e-13,5.174650e-06,4.245560e-10,2.935620e-10
3.440000e-01,6.357787e+00,7.390214e+00,7.227670e-01,2.580430e-02,3.518320e-03,7.749750e-03,7.358580e-07,6.051030e-13,4.743870e-06,3.861170e-10,2.649610e-10
3.450000e-01,6.286574e+00,7.307150e+00,7.228170e-01,2.497730e-02,3.371160e-03,7.210240e-03,6.610100e-07,5.158250e-13,4.348990e-06,3.511630e-10,2.391510e-10
3.460000e-01,6.216172e+00,7.225019e+00,7.228670e-01,2.417640e-02,3.230080e-03,6.708280e-03,5.936860e-07,4.393200e-13,3.986560e-06,3.193290e-10,2.158150e-10
3.470000e-01,6.146544e+00,7.143795e+00,7.229170e-01,2.340040e-02,3.094790e-03,6.241320e-03,5.331950e-07,3.739880e-13,3.654130e-06,2.903610e-10,1.947400e-10
3.480000e-01,6.077696e+00,7.063501e+00,7.229680e-01,2.264820e-02,2.965030e-03,5.806930e-03,4.788840e-07,3.183750e-13,3.349350e-06,2.640160e-10,1.757210e-10
3.490000e-01,6.009620e+00,6.984109e+00,7.230180e-01,2.191870e-02,2.840520e-03,5.402670e-03,4.301070e-07,2.710430e-13,3.069900e-06,2.400560e-10,1.585560e-10
3.500000e-01,5.942306e+00,6.905609e+00,7.230670e-01,2.121170e-02,2.721110e-03,5.026480e-03,3.863030e-07,2.307850e-13,2.813740e-06,2.182690e-10,1.430690e-10
3.510000e-01,5.875759e+00,6.828008e+00,7.231150e-01,2.052750e-02,2.606700e-03,4.676590e-03,3.469840e-07,1.965690e-13,2.579040e-06,1.984680e-10,1.291010e-10
3.520000e-01,5.809958e+00,6.751294e+00,7.231610e-01,1.986620e-02,2.497220e-03,4.351250e-03,3.116630e-07,1.673820e-13,2.363990e-06,1.804680e-10,1.164980e-10
3.530000e-01,5.744907e+00,6.675472e+00,7.232050e-01,1.922750e-02,2.392490e-03,4.048800e-03,2.799360e-07,1.424570e-13,2.167010e-06,1.641070e-10,1.051270e-10
3.540000e-01,5.680610e+00,6.600518e+00,7.232480e-01,1.861010e-02,2.292250e-03,3.767720e-03,2.514800e-07,1.212780e-13,1.986660e-06,1.492480e-10,9.488000e-11
3.550000e-01,5.617033e+00,6.526435e+00,7.232910e-01,1.801260e-02,2.196250e-03,3.506480e-03,2.259740e-07,1.033400e-13,1.821550e-06,1.357570e-10,8.564910e-11
3.560000e-01,5.554181e+00,6.453183e+00,7.233340e-01,1.743390e-02,2.104220e-03,3.263560e-03,2.030980e-07,8.813780e-14,1.670280e-06,1.234980e-10,7.732730e-11
3.570000e-01,5.492044e+00,6.380783e+00,7.233780e-01,1.687250e-02,2.015910e-03,3.037430e-03,1.825330e-07,7.516980e-14,1.531450e-06,1.123370e-10,6.980800e-11
3.580000e-01,5.430615e+00,6.309196e+00,7.234220e-01,1.632790e-02,1.931140e-03,2.826870e-03,1.640240e-07,6.405870e-14,1.403950e-06,1.021660e-10,6.300620e-11
3.590000e-01,5.369873e+00,6.238411e+00,7.234670e-01,1.580050e-02,1.849880e-03,2.630950e-03,1.473900e-07,5.457640e-14,1.287000e-06,9.290950e-11,5.686300e-11
3.600000e-01,5.309810e+00,6.168421e+00,7.235110e-01,1.529040e-02,1.772070e-03,2.448800e-03,1.324550e-07,4.650390e-14,1.179830e-06,8.449540e-11,5.132100e-11
3.610000e-01,5.250407e+00,6.099216e+00,7.235550e-01,1.479760e-02,1.697640e-03,2.279480e-03,1.190490e-07,3.963430e-14,1.081670e-06,7.685060e-11,4.632390e-11
3.620000e-01,5.191681e+00,6.030787e+00,7.235980e-01,1.432100e-02,1.626370e-03,2.122040e-03,1.070110e-07,3.378850e-14,9.917560e-07,6.990290e-11,4.181700e-11
3.630000e-01,5.133623e+00,5.963167e+00,7.236400e-01,1.385950e-02,1.558070e-03,1.975500e-03,9.619030e-08,2.879960e-14,9.093100e-07,6.358290e-11,3.774800e-11
3.640000e-01,5.076262e+00,5.896347e+00,7.236810e-01,1.341250e-02,1.492590e-03,1.839130e-03,8.646790e-08,2.454860e-14,8.337270e-07,5.783520e-11,3.407560e-11
3.650000e-01,5.019552e+00,5.830315e+00,7.237210e-01,1.297940e-02,1.429830e-03,1.712220e-03,7.773690e-08,2.093390e-14,7.644540e-07,5.260970e-11,3.076270e-11
3.660000e-01,4.963511e+00,5.765049e+00,7.237600e-01,1.255990e-02,1.369660e-03,1.594110e-03,6.989060e-08,1.785390e-14,7.009340e-07,4.785650e-11,2.777220e-11
3.670000e-01,4.908118e+00,5.700527e+00,7.237990e-01,1.215360e-02,1.312000e-03,1.484150e-03,6.283290e-08,1.522040e-14,6.426630e-07,4.353010e-11,2.507020e-11
3.680000e-01,4.853343e+00,5.636766e+00,7.238380e-01,1.176040e-02,1.256750e-03,1.381850e-03,5.649210e-08,1.297640e-14,5.892450e-07,3.959560e-11,2.263170e-11
3.690000e-01,4.799202e+00,5.573718e+00,7.238770e-01,1.138000e-02,1.203840e-03,1.286720e-03,5.080000e-08,1.106920e-14,5.403000e-07,3.601950e-11,2.043250e-11
3.700000e-01,4.745664e+00,5.511375e+00,7.239160e-01,1.101230e-02,1.153200e-03,1.198270e-03,4.568850e-08,9.446200e-15,4.954480e-07,3.276860e-11,1.844840e-11
3.710000e-01,4.692724e+00,5.449730e+00,7.239550e-01,1.065700e-02,1.104750e-03,1.116020e-03,4.109330e-08,8.059440e-15,4.543280e-07,2.981130e-11,1.665680e-11
3.720000e-01,4.640385e+00,5.388799e+00,7.239950e-01,1.031330e-02,1.058350e-03,1.039490e-03,3.696300e-08,6.876010e-15,4.166300e-07,2.712130e-11,1.503940e-11
3.730000e-01,4.588661e+00,5.328574e+00,7.240330e-01,9.980340e-03,1.013870e-03,9.682440e-04,3.324880e-08,5.866140e-15,3.820560e-07,2.467380e-11,1.357890e-11
3.740000e-01,4.537535e+00,5.269070e+00,7.240710e-01,9.657520e-03,9.712060e-04,9.018660e-04,2.990720e-08,5.003740e-15,3.503380e-07,2.244630e-11,1.225970e-11
3.750000e-01,4.486999e+00,5.210255e+00,7.241080e-01,9.344830e-03,9.303070e-04,8.400700e-04,2.690410e-08,4.269610e-15,3.212600e-07,2.042070e-11,1.106930e-11
3.760000e-01,4.437057e+00,5.152108e+00,7.241440e-01,9.042330e-03,8.911400e-04,7.825780e-04,2.420670e-08,3.645260e-15,2.946120e-07,1.857930e-11,9.995470e-12
3.770000e-01,4.387681e+00,5.094646e+00,7.241820e-01,8.750030e-03,8.536630e-04,7.291100e-04,2.178230e-08,3.112490e-15,2.701870e-07,1.690460e-11,9.026160e-12
3.780000e-01,4.338864e+00,5.037836e+00,7.242190e-01,8.467590e-03,8.178040e-04,6.793790e-04,1.960250e-08,2.657220e-15,2.477970e-07,1.538140e-11,8.150980e-12
3.790000e-01,4.290610e+00,4.981671e+00,7.242560e-01,8.194350e-03,7.834630e-04,6.330920e-04,1.764220e-08,2.268530e-15,2.272670e-07,1.399560e-11,7.360790e-12
3.800000e-01,4.242912e+00,4.926166e+00,7.242920e-01,7.929710e-03,7.505460e-04,5.899650e-04,1.587730e-08,1.936000e-15,2.084310e-07,1.273420e-11,6.646770e-12
3.810000e-01,4.195754e+00,4.871290e+00,7.243260e-01,7.673410e-03,7.189950e-04,5.497880e-04,1.428940e-08,1.652180e-15,1.911550e-07,1.158640e-11,6.002030e-12
3.820000e-01,4.149149e+00,4.817059e+00,7.243600e-01,7.425310e-03,6.887660e-04,5.123830e-04,1.286250e-08,1.410820e-15,1.753220e-07,1.054290e-11,5.420420e-12
3.830000e-01,4.103080e+00,4.763465e+00,7.243930e-01,7.185290e-03,6.598160e-04,4.775710e-04,1.158040e-08,1.205690e-15,1.608120e-07,9.594400e-12,4.895830e-12
3.840000e-01,4.057542e+00,4.710489e+00,7.244270e-01,6.953200e-03,6.321020e-04,4.451710e-04,1.042730e-08,1.030550e-15,1.475070e-07,8.731480e-12,4.422140e-12
3.850000e-01,4.012537e+00,4.658124e+00,7.244610e-01,6.728830e-03,6.055740e-04,4.150150e-04,9.389260e-09,8.804380e-16,1.353020e-07,7.945950e-12,3.994060e-12
3.860000e-01,3.968049e+00,4.606372e+00,7.244960e-01,6.511810e-03,5.801730e-04,3.869470e-04,8.455570e-09,7.521870e-16,1.241120e-07,7.231340e-12,3.607530e-12
3.870000e-01,3.924081e+00,4.555216e+00,7.245300e-01,6.301790e-03,5.558410e-04,3.608120e-04,7.615790e-09,6.427820e-16,1.138500e-07,6.581280e-12,3.258590e-12
3.880000e-01,3.880601e+00,4.504649e+00,7.245640e-01,6.098390e-03,5.325180e-04,3.364560e-04,6.859570e-09,5.492340e-16,1.044350e-07,5.989490e-12,2.943300e-12
3.890000e-01,3.837629e+00,4.454654e+00,7.245980e-01,5.901380e-03,5.101600e-04,3.137520e-04,6.178340e-09,4.691900e-16,9.579480e-08,5.450650e-12,2.658350e-12
3.900000e-01,3.795150e+00,4.405244e+00,7.246310e-01,5.710660e-03,4.887360e-04,2.926020e-04,5.565470e-09,4.009610e-16,8.787150e-08,4.960480e-12,2.401120e-12
3.910000e-01,3.753168e+00,4.356413e+00,7.246640e-01,5.526120e-03,4.682150e-04,2.729080e-04,5.014410e-09,3.428870e-16,8.060870e-08,4.514780e-12,2.169030e-12
3.920000e-01,3.711675e+00,4.308152e+00,7.246970e-01,5.347670e-03,4.485700e-04,2.545720e-04,4.518610e-09,2.933130e-16,7.394930e-08,4.109320e-12,1.959480e-12
3.930000e-01,3.670667e+00,4.260455e+00,7.247310e-01,5.175140e-03,4.297640e-04,2.374990e-04,4.072150e-09,2.508350e-16,6.784080e-08,3.740260e-12,1.770130e-12
3.940000e-01,3.630129e+00,4.213316e+00,7.247650e-01,5.008250e-03,4.117550e-04,2.215970e-04,3.670250e-09,2.145120e-16,6.223860e-08,3.404430e-12,1.599120e-12
3.950000e-01,3.590054e+00,4.166698e+00,7.247980e-01,4.846710e-03,3.944980e-04,2.067760e-04,3.308270e-09,1.834560e-16,5.709900e-08,3.098750e-12,1.444620e-12
3.960000e-01,3.550422e+00,4.120615e+00,7.248320e-01,4.690260e-03,3.779570e-04,1.929570e-04,2.982160e-09,1.569090e-16,5.238300e-08,2.820480e-12,1.305040e-12
3.970000e-01,3.511252e+00,4.075060e+00,7.248640e-01,4.538750e-03,3.621010e-04,1.800730e-04,2.688460e-09,1.342450e-16,4.805680e-08,2.567240e-12,1.178980e-12
3.980000e-01,3.472530e+00,4.030037e+00,7.248970e-01,4.391970e-03,3.469010e-04,1.680570e-04,2.423770e-09,1.148490e-16,4.408680e-08,2.336680e-12,1.065060e-12
3.990000e-01,3.434267e+00,3.985538e+00,7.249280e-01,4.249810e-03,3.323300e-04,1.568510e-04,2.185170e-09,9.822400e-17,4.044350e-08,2.126720e-12,9.620850e-13
4.000000e-01,3.396448e+00,3.941568e+00,7.249590e-01,4.112220e-03,3.183710e-04,1.464070e-04,1.970340e-09,8.402860e-17,3.710260e-08,1.935730e-12,8.691220e-13
4.010000e-01,3.359070e+00,3.898118e+00,7.249900e-01,3.979120e-03,3.050040e-04,1.366740e-04,1.777030e-09,7.193270e-17,3.404020e-08,1.762060e-12,7.852410e-13
4.020000e-01,3.322125e+00,3.855165e+00,7.250200e-01,3.850480e-03,2.922100e-04,1.276070e-04,1.602970e-09,6.160600e-17,3.123260e-08,1.604090e-12,7.095150e-13
4.030000e-01,3.285602e+00,3.812703e+00,7.250510e-01,3.726210e-03,2.799700e-04,1.191570e-04,1.446030e-09,5.274050e-17,2.865670e-08,1.460250e-12,6.410630e-13
4.040000e-01,3.249503e+00,3.770744e+00,7.250810e-01,3.606130e-03,2.682570e-04,1.112830e-04,1.304580e-09,4.514220e-17,2.629420e-08,1.329340e-12,5.792220e-13
4.050000e-01,3.213823e+00,3.729263e+00,7.251110e-01,3.490000e-03,2.570430e-04,1.039460e-04,1.177230e-09,3.865440e-17,2.412830e-08,1.210280e-12,5.234030e-13
4.060000e-01,3.178557e+00,3.688264e+00,7.251420e-01,3.377600e-03,2.462990e-04,9.710570e-05,1.062560e-09,3.312040e-17,2.214230e-08,1.101980e-12,4.730170e-13
4.070000e-01,3.143692e+00,3.647733e+00,7.251720e-01,3.268710e-03,2.359970e-04,9.072330e-05,9.591510e-10,2.838360e-17,2.031930e-08,1.003360e-12,4.274750e-13
4.080000e-01,3.109231e+00,3.607672e+00,7.252030e-01,3.163170e-03,2.261160e-04,8.476450e-05,8.657880e-10,2.431500e-17,1.864490e-08,9.134670e-13,3.862710e-13
4.090000e-01,3.075169e+00,3.568075e+00,7.252340e-01,3.060940e-03,2.166430e-04,7.920360e-05,7.815820e-10,2.083100e-17,1.710800e-08,8.316110e-13,3.490300e-13
4.100000e-01,3.041494e+00,3.528938e+00,7.252640e-01,2.962010e-03,2.075670e-04,7.401620e-05,7.056750e-10,1.785230e-17,1.569810e-08,7.571140e-13,3.153930e-13
4.110000e-01,3.008216e+00,3.490254e+00,7.252940e-01,2.866330e-03,1.988760e-04,6.917740e-05,6.372160e-10,1.530030e-17,1.440480e-08,6.893020e-13,2.850020e-13
4.120000e-01,2.975315e+00,3.452018e+00,7.253240e-01,2.773840e-03,1.905570e-04,6.466450e-05,5.754690e-10,1.311250e-17,1.321850e-08,6.275830e-13,2.575450e-13
4.130000e-01,2.942795e+00,3.414224e+00,7.253540e-01,2.684430e-03,1.825930e-04,6.045600e-05,5.198180e-10,1.124200e-17,1.213080e-08,5.714420e-13,2.327580e-13
4.140000e-01,2.910650e+00,3.376860e+00,7.253840e-01,2.597980e-03,1.749700e-04,5.653070e-05,4.696490e-10,9.642850e-18,1.113340e-08,5.203650e-13,2.103770e-13
4.150000e-01,2.878870e+00,3.339935e+00,7.254140e-01,2.514390e-03,1.676700e-04,5.286760e-05,4.243670e-10,8.270550e-18,1.021810e-08,4.738550e-13,1.901470e-13
4.160000e-01,2.847462e+00,3.303429e+00,7.254440e-01,2.433520e-03,1.606770e-04,4.944850e-05,3.834990e-10,7.093630e-18,9.378260e-09,4.315080e-13,1.718630e-13
4.170000e-01,2.816411e+00,3.267345e+00,7.254730e-01,2.355250e-03,1.539770e-04,4.625630e-05,3.466240e-10,6.086150e-18,8.607670e-09,3.929600e-13,1.553450e-13
4.180000e-01,2.785723e+00,3.231685e+00,7.255020e-01,2.279430e-03,1.475530e-04,4.327410e-05,3.133210e-10,5.222180e-18,7.900290e-09,3.578510e-13,1.404120e-13
4.190000e-01,2.755396e+00,3.196443e+00,7.255290e-01,2.205940e-03,1.413920e-04,4.048580e-05,2.832030e-10,4.478230e-18,7.250400e-09,3.258410e-13,1.268950e-13
4.200000e-01,2.725417e+00,3.161615e+00,7.255560e-01,2.134750e-03,1.354830e-04,3.788000e-05,2.559950e-10,3.839720e-18,6.653780e-09,2.966850e-13,1.146760e-13
4.210000e-01,2.695783e+00,3.127181e+00,7.255830e-01,2.065820e-03,1.298200e-04,3.544620e-05,2.314500e-10,3.294110e-18,6.106520e-09,2.701560e-13,1.036430e-13
4.220000e-01,2.666490e+00,3.093150e+00,7.256100e-01,1.999100e-03,1.243950e-04,3.317410e-05,2.093200e-10,2.828910e-18,5.604740e-09,2.460280e-13,9.368640e-14
4.230000e-01,2.637528e+00,3.059497e+00,7.256380e-01,1.934570e-03,1.191980e-04,3.105310e-05,1.893580e-10,2.431600e-18,5.144540e-09,2.240760e-13,8.469740e-14
4.240000e-01,2.608897e+00,3.026230e+00,7.256670e-01,1.872180e-03,1.142230e-04,2.907280e-05,1.713210e-10,2.089920e-18,4.722060e-09,2.040780e-13,7.656740e-14
4.250000e-01,2.580590e+00,2.993340e+00,7.256960e-01,1.811870e-03,1.094600e-04,2.722350e-05,1.550130e-10,1.795320e-18,4.334150e-09,1.858520e-13,6.921130e-14
4.260000e-01,2.552607e+00,2.960827e+00,7.257260e-01,1.753550e-03,1.048990e-04,2.549600e-05,1.402750e-10,1.541930e-18,3.978130e-09,1.692540e-13,6.256030e-14
4.270000e-01,2.524957e+00,2.928694e+00,7.257540e-01,1.697120e-03,1.005300e-04,2.388100e-05,1.269470e-10,1.323960e-18,3.651330e-09,1.541340e-13,5.654630e-14
4.280000e-01,2.497629e+00,2.896950e+00,7.257810e-01,1.642510e-03,9.634290e-05,2.237060e-05,1.148910e-10,1.136420e-18,3.351360e-09,1.403630e-13,5.110820e-14
4.290000e-01,2.470620e+00,2.865576e+00,7.258060e-01,1.589660e-03,9.233220e-05,2.095870e-05,1.039990e-10,9.757970e-19,3.076240e-09,1.278320e-13,4.619770e-14
4.300000e-01,2.443920e+00,2.834569e+00,7.258320e-01,1.538550e-03,8.849090e-05,1.963940e-05,9.416960e-11,8.387010e-19,2.824030e-09,1.164380e-13,4.176730e-14
4.310000e-01,2.417525e+00,2.803910e+00,7.258580e-01,1.489120e-03,8.481270e-05,1.840690e-05,8.529910e-11,7.217500e-19,2.592820e-09,1.060760e-13,3.776990e-14
4.320000e-01,2.391432e+00,2.773595e+00,7.258850e-01,1.441330e-03,8.129090e-05,1.725540e-05,7.728490e-11,6.215600e-19,2.380670e-09,9.664430e-14,3.415830e-14
4.330000e-01,2.365620e+00,2.743614e+00,7.259140e-01,1.395140e-03,7.791890e-05,1.617900e-05,7.002810e-11,5.349650e-19,2.185740e-09,8.804160e-14,3.088740e-14
4.340000e-01,2.340109e+00,2.713976e+00,7.259430e-01,1.350440e-03,7.468790e-05,1.517220e-05,6.345560e-11,4.601120e-19,2.006620e-09,8.019620e-14,2.792550e-14
4.350000e-01,2.314893e+00,2.684683e+00,7.259720e-01,1.307120e-03,7.158870e-05,1.422950e-05,5.750380e-11,3.956440e-19,1.842110e-09,7.304640e-14,2.524610e-14
4.360000e-01,2.289976e+00,2.655743e+00,7.260000e-01,1.265120e-03,6.861480e-05,1.334640e-05,5.211640e-11,3.402950e-19,1.691090e-09,6.653470e-14,2.282430e-14
4.370000e-01,2.265354e+00,2.627139e+00,7.260270e-01,1.224420e-03,6.576250e-05,1.251950e-05,4.724330e-11,2.928850e-19,1.552500e-09,6.060730e-14,2.063680e-14
4.380000e-01,2.241006e+00,2.598855e+00,7.260540e-01,1.185010e-03,6.302810e-05,1.174560e-05,4.283480e-11,2.522370e-19,1.425310e-09,5.521040e-14,1.866030e-14
4.390000e-01,2.216930e+00,2.570893e+00,7.260810e-01,1.146870e-03,6.040800e-05,1.102130e-05,3.884240e-11,2.172160e-19,1.308490e-09,5.029200e-14,1.687210e-14
4.400000e-01,2.193123e+00,2.543244e+00,7.261090e-01,1.109990e-03,5.789820e-05,1.034350e-05,3.522670e-11,1.870250e-19,1.201230e-09,4.581010e-14,1.525440e-14
4.410000e-01,2.169592e+00,2.515915e+00,7.261360e-01,1.074320e-03,5.549470e-05,9.709060e-06,3.195240e-11,1.610270e-19,1.102780e-09,4.172790e-14,1.379180e-14
4.420000e-01,2.146332e+00,2.488903e+00,7.261630e-01,1.039830e-03,5.319340e-05,9.115090e-06,2.898620e-11,1.386270e-19,1.012430e-09,3.800990e-14,1.246940e-14
4.430000e-01,2.123347e+00,2.462209e+00,7.261900e-01,1.006490e-03,5.098950e-05,8.559010e-06,2.630100e-11,1.193810e-19,9.295340e-10,3.462600e-14,1.127480e-14
4.440000e-01,2.100622e+00,2.435819e+00,7.262160e-01,9.742300e-04,4.887830e-05,8.038350e-06,2.387110e-11,1.028820e-19,8.535070e-10,3.154700e-14,1.019610e-14
4.450000e-01,2.078160e+00,2.409739e+00,7.262410e-01,9.430050e-04,4.685510e-05,7.550620e-06,2.167070e-11,8.872150e-20,7.837420e-10,2.874400e-14,9.221570e-15
4.460000e-01,2.055957e+00,2.383949e+00,7.262670e-01,9.127660e-04,4.491510e-05,7.093380e-06,1.967470e-11,7.649890e-20,7.196420e-10,2.618820e-14,8.339460e-15
4.470000e-01,2.034005e+00,2.358463e+00,7.262920e-01,8.834760e-04,4.305470e-05,6.664600e-06,1.786290e-11,6.592680e-20,6.607310e-10,2.385710e-14,7.540660e-15
4.480000e-01,2.012301e+00,2.333259e+00,7.263170e-01,8.551180e-04,4.127130e-05,6.262700e-06,1.622070e-11,5.682050e-20,6.066390e-10,2.173340e-14,6.818330e-15
4.490000e-01,1.990848e+00,2.308352e+00,7.263430e-01,8.276720e-04,3.956210e-05,5.886090e-06,1.473300e-11,4.899880e-20,5.570030e-10,1.980000e-14,6.165750e-15
4.500000e-01,1.969636e+00,2.283721e+00,7.263680e-01,8.011190e-04,3.792470e-05,5.533170e-06,1.338530e-11,4.228060e-20,5.114560e-10,1.804000e-14,5.576180e-15
4.510000e-01,1.948664e+00,2.259373e+00,7.263930e-01,7.754390e-04,3.635620e-05,5.202380e-06,1.216270e-11,3.648610e-20,4.696350e-10,1.643640e-14,5.042920e-15
4.520000e-01,1.927933e+00,2.235306e+00,7.264190e-01,7.506070e-04,3.485410e-05,4.892270e-06,1.105300e-11,3.147650e-20,4.312260e-10,1.497470e-14,4.560360e-15
4.530000e-01,1.907436e+00,2.211510e+00,7.264450e-01,7.265910e-04,3.341510e-05,4.601560e-06,1.004660e-11,2.715960e-20,3.959730e-10,1.364360e-14,4.124130e-15
4.540000e-01,1.887170e+00,2.187988e+00,7.264710e-01,7.033550e-04,3.203650e-05,4.328980e-06,9.134050e-12,2.344580e-20,3.636220e-10,1.243160e-14,3.729950e-15
4.550000e-01,1.867136e+00,2.164731e+00,7.264970e-01,6.808680e-04,3.071520e-05,4.073250e-06,8.305940e-12,2.024560e-20,3.339180e-10,1.132750e-14,3.373520e-15
4.560000e-01,1.847328e+00,2.141736e+00,7.265240e-01,6.591000e-04,2.944860e-05,3.833220e-06,7.553730e-12,1.748050e-20,3.066310e-10,1.032100e-14,3.050960e-15
4.570000e-01,1.827742e+00,2.119000e+00,7.265500e-01,6.380320e-04,2.823470e-05,3.607970e-06,6.870860e-12,1.509610e-20,2.815770e-10,9.403970e-15,2.759270e-15
4.580000e-01,1.808381e+00,2.096525e+00,7.265770e-01,6.176510e-04,2.707150e-05,3.396590e-06,6.251050e-12,1.304160e-20,2.585790e-10,8.568790e-15,2.495600e-15
4.590000e-01,1.789242e+00,2.074307e+00,7.266030e-01,5.979350e-04,2.595700e-05,3.198200e-06,5.688160e-12,1.126770e-20,2.374620e-10,7.807880e-15,2.257140e-15
4.600000e-01,1.770321e+00,2.052343e+00,7.266290e-01,5.788500e-04,2.488880e-05,3.011910e-06,5.176850e-12,9.736620e-21,2.180730e-10,7.114620e-15,2.041480e-15
4.610000e-01,1.751612e+00,2.030631e+00,7.266550e-01,5.603550e-04,2.386390e-05,2.836840e-06,4.712110e-12,8.414280e-21,2.002610e-10,6.482730e-15,1.846380e-15
4.620000e-01,1.733121e+00,2.009162e+00,7.266810e-01,5.424230e-04,2.288020e-05,2.672220e-06,4.289420e-12,7.271020e-21,1.838920e-10,5.906560e-15,1.669790e-15
4.630000e-01,1.714838e+00,1.987939e+00,7.267060e-01,5.250480e-04,2.193660e-05,2.517480e-06,3.905260e-12,6.284910e-21,1.688600e-10,5.381590e-15,1.510100e-15
4.640000e-01,1.696762e+00,1.966962e+00,7.267310e-01,5.082280e-04,2.103200e-05,2.372060e-06,3.556160e-12,5.434880e-21,1.550590e-10,4.903420e-15,1.365740e-15
4.650000e-01,1.678893e+00,1.946220e+00,7.267560e-01,4.919590e-04,2.016530e-05,2.235420e-06,3.238710e-12,4.699900e-21,1.423860e-10,4.467660e-15,1.235150e-15
4.660000e-01,1.661227e+00,1.925719e+00,7.267790e-01,4.762330e-04,1.933530e-05,2.107030e-06,2.949870e-12,4.062560e-21,1.307450e-10,4.070410e-15,1.116940e-15
4.670000e-01,1.643762e+00,1.905452e+00,7.268030e-01,4.610260e-04,1.854030e-05,1.986410e-06,2.687310e-12,3.511930e-21,1.200610e-10,3.708620e-15,1.010090e-15
4.680000e-01,1.626492e+00,1.885411e+00,7.268260e-01,4.463140e-04,1.777860e-05,1.873080e-06,2.448820e-12,3.037800e-21,1.102590e-10,3.379360e-15,9.135770e-16
4.690000e-01,1.609422e+00,1.865598e+00,7.268500e-01,4.320710e-04,1.704840e-05,1.766550e-06,2.232150e-12,2.629930e-21,1.012660e-10,3.079680e-15,8.264170e-16
4.700000e-01,1.592539e+00,1.846006e+00,7.268740e-01,4.182730e-04,1.634790e-05,1.666350e-06,2.035060e-12,2.278100e-21,9.300680e-11,2.806640e-15,7.476040e-16
4.710000e-01,1.575847e+00,1.826628e+00,7.269000e-01,4.048990e-04,1.567570e-05,1.572010e-06,1.855450e-12,1.972720e-21,8.541100e-11,2.557430e-15,6.761890e-16
4.720000e-01,1.559341e+00,1.807470e+00,7.269260e-01,3.919470e-04,1.503090e-05,1.483220e-06,1.691780e-12,1.707750e-21,7.842850e-11,2.330090e-15,6.115080e-16
4.730000e-01,1.543022e+00,1.788529e+00,7.269520e-01,3.794200e-04,1.441320e-05,1.399690e-06,1.542770e-12,1.478300e-21,7.201600e-11,2.122900e-15,5.529930e-16
4.740000e-01,1.526887e+00,1.769803e+00,7.269770e-01,3.673200e-04,1.382190e-05,1.321150e-06,1.407130e-12,1.279620e-21,6.613030e-11,1.934190e-15,5.000810e-16
4.750000e-01,1.510939e+00,1.751290e+00,7.270010e-01,3.556310e-04,1.325600e-05,1.247290e-06,1.283700e-12,1.107870e-21,6.073090e-11,1.762400e-15,4.522720e-16
4.760000e-01,1.495171e+00,1.732990e+00,7.270250e-01,3.443270e-04,1.271390e-05,1.177810e-06,1.171420e-12,9.597910e-22,5.577840e-11,1.606090e-15,4.091000e-16
4.770000e-01,1.479582e+00,1.714897e+00,7.270490e-01,3.333830e-04,1.219420e-05,1.112400e-06,1.069250e-12,8.321250e-22,5.123350e-11,1.463790e-15,3.701010e-16
4.780000e-01,1.464168e+00,1.697008e+00,7.270730e-01,3.227720e-04,1.169530e-05,1.050740e-06,9.761070e-13,7.216100e-22,4.705710e-11,1.334050e-15,3.348080e-16
4.790000e-01,1.448929e+00,1.679322e+00,7.270970e-01,3.124770e-04,1.121600e-05,9.925680e-07,8.910710e-13,6.254780e-22,4.321460e-11,1.215590e-15,3.028170e-16
4.800000e-01,1.433861e+00,1.661832e+00,7.271220e-01,3.024970e-04,1.075600e-05,9.377190e-07,8.135000e-13,5.420630e-22,3.968250e-11,1.107540e-15,2.738500e-16
4.810000e-01,1.418960e+00,1.644538e+00,7.271470e-01,2.928350e-04,1.031490e-05,8.860330e-07,7.427930e-13,4.698480e-22,3.643840e-11,1.009080e-15,2.476510e-16
4.820000e-01,1.404226e+00,1.627436e+00,7.271720e-01,2.834930e-04,9.892380e-06,8.373540e-07,6.783520e-13,4.073210e-22,3.346020e-11,9.193870e-16,2.239620e-16
4.830000e-01,1.389655e+00,1.610527e+00,7.271960e-01,2.744650e-04,9.487770e-06,7.915130e-07,6.196120e-13,3.531420e-22,3.072650e-11,8.376910e-16,2.025430e-16
4.840000e-01,1.375245e+00,1.593804e+00,7.272210e-01,2.657320e-04,9.100060e-06,7.483210e-07,5.660770e-13,3.062800e-22,2.821760e-11,7.632990e-16,1.831840e-16
4.850000e-01,1.360996e+00,1.577270e+00,7.272450e-01,2.572730e-04,8.728160e-06,7.075880e-07,5.172550e-13,2.657350e-22,2.591380e-11,6.955270e-16,1.656810e-16
4.860000e-01,1.346908e+00,1.560921e+00,7.272700e-01,2.490690e-04,8.371060e-06,6.691330e-07,4.726740e-13,2.305500e-22,2.379620e-11,6.337150e-16,1.498360e-16
4.870000e-01,1.332978e+00,1.544753e+00,7.272950e-01,2.411170e-04,8.028280e-06,6.328300e-07,4.319690e-13,2.000260e-22,2.185010e-11,5.773530e-16,1.354950e-16
4.880000e-01,1.319204e+00,1.528766e+00,7.273190e-01,2.334170e-04,7.699560e-06,5.985760e-07,3.948180e-13,1.735690e-22,2.006260e-11,5.259900e-16,1.225230e-16
4.890000e-01,1.305585e+00,1.512965e+00,7.273430e-01,2.259720e-04,7.384630e-06,5.662680e-07,3.608990e-13,1.505860e-22,1.842110e-11,4.791780e-16,1.107860e-16
4.900000e-01,1.292120e+00,1.497342e+00,7.273660e-01,2.187770e-04,7.083050e-06,5.358020e-07,3.299330e-13,1.306050e-22,1.691390e-11,4.365220e-16,1.001680e-16
4.910000e-01,1.278807e+00,1.481894e+00,7.273880e-01,2.118220e-04,6.794210e-06,5.070730e-07,3.016880e-13,1.133010e-22,1.553120e-11,3.976950e-16,9.057590e-17
4.920000e-01,1.265642e+00,1.466618e+00,7.274110e-01,2.050950e-04,6.517440e-06,4.799750e-07,2.759370e-13,9.835660e-23,1.426300e-11,3.623720e-16,8.191660e-17
4.930000e-01,1.252623e+00,1.451513e+00,7.274330e-01,1.985830e-04,6.252120e-06,4.544050e-07,2.524520e-13,8.545650e-23,1.309960e-11,3.302290e-16,7.409840e-17
4.940000e-01,1.239748e+00,1.436574e+00,7.274560e-01,1.922770e-04,5.997600e-06,4.302560e-07,2.310050e-13,7.428410e-23,1.203120e-11,3.009440e-16,6.702890e-17
4.950000e-01,1.227014e+00,1.421798e+00,7.274800e-01,1.861650e-04,5.753280e-06,4.074300e-07,2.113800e-13,6.454570e-23,1.104850e-11,2.742100e-16,6.062150e-17
4.960000e-01,1.214422e+00,1.407188e+00,7.275040e-01,1.802420e-04,5.518770e-06,3.858530e-07,1.934260e-13,5.606200e-23,1.014480e-11,2.498150e-16,5.481670e-17
4.970000e-01,1.201969e+00,1.392737e+00,7.275290e-01,1.745050e-04,5.293780e-06,3.654610e-07,1.770110e-13,4.868920e-23,9.314460e-12,2.275730e-16,4.956330e-17
4.980000e-01,1.189656e+00,1.378450e+00,7.275530e-01,1.689500e-04,5.077990e-06,3.461880e-07,1.620030e-13,4.228370e-23,8.551740e-12,2.073000e-16,4.481040e-17
4.990000e-01,1.177482e+00,1.364326e+00,7.275760e-01,1.635730e-04,4.871080e-06,3.279710e-07,1.482780e-13,3.671220e-23,7.851130e-12,1.888210e-16,4.050960e-17
5.000000e-01,1.165444e+00,1.350358e+00,7.275990e-01,1.583690e-04,4.672710e-06,3.107560e-07,1.357340e-13,3.187980e-23,7.208030e-12,1.719930e-16,3.662230e-17
