# Solar electron density beyond 0.5 R_sun (where the B23 structure tables used here end), from the BS05(OP) model
# (Bahcall, Serenelli & Basu, ApJ 621, L85 (2005); http://www.sns.ias.edu/~jnb/SNdata/Export/BS2005/nele_bs05op.dat),
# scaled by 1.0135 to match B23 MB22-met at 0.5 R_sun. Used for the solar level-crossing probability.
# r [R_sun], n_e [N_A/cm^3]
r,ne
0.506889,1.085057e+00
0.513695,1.012588e+00
0.520246,9.477912e-01
0.526671,8.886253e-01
0.532985,8.343911e-01
0.539195,7.845682e-01
0.545302,7.387282e-01
0.551308,6.965025e-01
0.557211,6.575620e-01
0.563012,6.216124e-01
0.568711,5.883905e-01
0.574305,5.576641e-01
0.579793,5.292266e-01
0.585171,5.029001e-01
0.590433,4.785361e-01
0.595563,4.560292e-01
0.600529,4.353521e-01
0.605261,4.166081e-01
0.609637,4.000688e-01
0.613496,3.860910e-01
0.616925,3.741232e-01
0.619490,3.654413e-01
0.622094,3.568549e-01
0.625251,3.467494e-01
0.627472,3.398323e-01
0.629722,3.329804e-01
0.631943,3.263681e-01
0.634194,3.198178e-01
0.636382,3.135925e-01
0.638598,3.074254e-01
0.640743,3.015891e-01
0.642914,2.958072e-01
0.645012,2.903412e-01
0.647135,2.849257e-01
0.649184,2.798084e-01
0.652255,2.723370e-01
0.654266,2.675683e-01
0.657228,2.607214e-01
0.660137,2.541936e-01
0.662989,2.479806e-01
0.665219,2.432471e-01
0.668430,2.366179e-01
0.670940,2.315851e-01
0.673046,2.274598e-01
0.675258,2.232229e-01
0.677772,2.185197e-01
0.680333,2.138507e-01
0.682627,2.097716e-01
0.684658,2.062399e-01
0.686819,2.025642e-01
0.688863,1.991644e-01
0.690926,1.958068e-01
0.692991,1.925208e-01
0.695079,1.892717e-01
0.697284,1.859237e-01
0.699430,1.827430e-01
0.701597,1.796126e-01
0.703780,1.765390e-01
0.705989,1.735121e-01
0.708224,1.705347e-01
0.710458,1.676454e-01
0.712670,1.648681e-01
0.714814,1.622746e-01
0.717232,1.594067e-01
0.719394,1.568721e-01
0.721821,1.540582e-01
0.724200,1.513348e-01
0.726260,1.490036e-01
0.728572,1.464150e-01
0.730893,1.438476e-01
0.733300,1.412163e-01
0.736183,1.381076e-01
0.739003,1.351107e-01
0.741317,1.326843e-01
0.743659,1.302578e-01
0.746416,1.274385e-01
0.749192,1.246398e-01
0.751357,1.224863e-01
0.754206,1.196875e-01
0.756325,1.176339e-01
0.758446,1.156002e-01
0.761344,1.128581e-01
0.763393,1.109437e-01
0.765650,1.088591e-01
0.768707,1.060754e-01
0.770877,1.041264e-01
0.773076,1.021745e-01
0.775953,9.965491e-02
0.778780,9.721688e-02
0.781561,9.485423e-02
0.784295,9.256625e-02
0.786985,9.034720e-02
0.789631,8.819697e-02
0.792236,8.610922e-02
0.794800,8.408406e-02
0.798536,8.118348e-02
0.801016,7.929151e-02
0.803380,7.751195e-02
0.805785,7.572594e-02
0.808078,7.404465e-02
0.810411,7.235685e-02
0.812637,7.076698e-02
0.814902,6.917046e-02
0.817064,6.766572e-02
0.819262,6.615439e-02
0.821362,6.472897e-02
0.823498,6.329693e-02
0.825539,6.194535e-02
0.827614,6.058731e-02
0.831615,5.801625e-02
0.835505,5.557464e-02
0.839288,5.325455e-02
0.842968,5.104882e-02
0.846551,4.894898e-02
0.850002,4.697045e-02
0.853362,4.508506e-02
0.856634,4.328732e-02
0.859821,4.157246e-02
0.862927,3.993583e-02
0.865953,3.837308e-02
0.868901,3.688040e-02
0.871776,3.545395e-02
0.874578,3.409005e-02
0.877310,3.278557e-02
0.879974,3.153746e-02
0.882573,3.034217e-02
0.885082,2.920981e-02
0.887529,2.812482e-02
0.889918,2.708480e-02
0.892249,2.608757e-02
0.894524,2.513123e-02
0.896744,2.421373e-02
0.898912,2.333333e-02
0.901028,2.248835e-02
0.903094,2.167712e-02
0.905112,2.089814e-02
0.908035,1.979232e-02
0.910926,1.872482e-02
0.913621,1.775365e-02
0.916330,1.680040e-02
0.918968,1.589438e-02
0.921489,1.504911e-02
0.923944,1.424465e-02
0.926267,1.350087e-02
0.928531,1.279245e-02
0.930697,1.212994e-02
0.932807,1.149843e-02
0.934827,1.090729e-02
0.937424,1.016578e-02
0.939905,9.477628e-03
0.942257,8.843327e-03
0.944498,8.255411e-03
0.946640,7.708585e-03
0.948688,7.199671e-03
0.951129,6.611252e-03
0.953420,6.076628e-03
0.955581,5.588197e-03
0.958017,5.056682e-03
0.960299,4.577229e-03
0.962437,4.144247e-03
0.964548,3.732439e-03
0.967081,3.259258e-03
0.969393,2.847978e-03
0.971516,2.488122e-03
0.973919,2.102547e-03
0.976058,1.779978e-03
0.978366,1.456165e-03
0.980415,1.191916e-03
0.982515,9.462997e-04
0.984660,7.226495e-04
0.986662,5.376847e-04
0.988817,3.623303e-04
0.990904,2.181824e-04
0.992991,1.080355e-04
0.995034,4.025767e-05
0.997047,9.329335e-06
0.999050,8.869777e-07
1.000000,1.531947e-07
1.000000,1.542594e-07
