# 17F spectrum, Bahcall, http://www.sns.ias.edu/~jnb/SNdata/Export/CNOspectra/f17.dat
# neutrino energy [MeV], spectral shape (arbitrary normalisation)
E,pdf
0.000000e+00,0.000000e+00
3.480000e-03,4.064000e-05
6.960000e-03,1.620400e-04
1.044000e-02,3.634200e-04
1.392000e-02,6.440200e-04
1.740000e-02,1.003100e-03
2.088000e-02,1.439800e-03
2.436000e-02,1.953400e-03
2.784000e-02,2.543100e-03
3.132000e-02,3.208300e-03
3.480000e-02,3.948000e-03
3.828000e-02,4.761600e-03
4.176000e-02,5.648300e-03
4.524000e-02,6.607400e-03
4.872000e-02,7.638100e-03
5.220000e-02,8.739600e-03
5.568000e-02,9.911300e-03
5.916000e-02,1.115200e-02
6.264000e-02,1.246200e-02
6.612000e-02,1.384000e-02
6.960000e-02,1.528400e-02
7.308000e-02,1.679500e-02
7.656000e-02,1.837200e-02
8.004000e-02,2.001400e-02
8.352000e-02,2.172000e-02
8.700000e-02,2.349000e-02
9.048000e-02,2.532200e-02
9.396000e-02,2.721600e-02
9.744000e-02,2.917200e-02
1.009200e-01,3.118900e-02
1.044000e-01,3.326500e-02
1.078800e-01,3.540100e-02
1.113600e-01,3.759500e-02
1.148400e-01,3.984700e-02
1.183200e-01,4.215600e-02
1.218000e-01,4.452100e-02
1.252800e-01,4.694200e-02
1.287600e-01,4.941900e-02
1.322400e-01,5.194900e-02
1.357200e-01,5.453300e-02
1.392000e-01,5.717100e-02
1.426800e-01,5.986000e-02
1.461600e-01,6.260100e-02
1.496400e-01,6.539300e-02
1.531200e-01,6.823500e-02
1.566000e-01,7.112700e-02
1.600800e-01,7.406700e-02
1.635600e-01,7.705600e-02
1.670400e-01,8.009300e-02
1.705200e-01,8.317600e-02
1.740000e-01,8.630500e-02
1.774800e-01,8.948000e-02
1.809600e-01,9.270000e-02
1.844400e-01,9.596400e-02
1.879200e-01,9.927200e-02
1.914000e-01,1.026200e-01
1.948800e-01,1.060200e-01
1.983600e-01,1.094500e-01
2.018400e-01,1.129300e-01
2.053200e-01,1.164400e-01
2.088000e-01,1.200000e-01
2.122800e-01,1.235900e-01
2.157600e-01,1.272300e-01
2.192400e-01,1.309000e-01
2.227200e-01,1.346000e-01
2.262000e-01,1.383500e-01
2.296800e-01,1.421300e-01
2.331600e-01,1.459500e-01
2.366400e-01,1.498000e-01
2.401200e-01,1.536800e-01
2.436000e-01,1.576000e-01
2.470800e-01,1.615500e-01
2.505600e-01,1.655300e-01
2.540400e-01,1.695500e-01
2.575200e-01,1.735900e-01
2.610000e-01,1.776700e-01
2.644800e-01,1.817800e-01
2.679600e-01,1.859100e-01
2.714400e-01,1.900800e-01
2.749200e-01,1.942700e-01
2.784000e-01,1.984900e-01
2.818800e-01,2.027300e-01
2.853600e-01,2.070000e-01
2.888400e-01,2.113000e-01
2.923200e-01,2.156300e-01
2.958000e-01,2.199700e-01
2.992800e-01,2.243500e-01
3.027600e-01,2.287400e-01
3.062400e-01,2.331600e-01
3.097200e-01,2.376000e-01
3.132000e-01,2.420600e-01
3.166800e-01,2.465400e-01
3.201600e-01,2.510500e-01
3.236400e-01,2.555700e-01
3.271200e-01,2.601100e-01
3.306000e-01,2.646700e-01
3.340800e-01,2.692500e-01
3.375600e-01,2.738500e-01
3.410400e-01,2.784600e-01
3.445200e-01,2.831000e-01
3.480000e-01,2.877400e-01
3.514800e-01,2.924100e-01
3.549600e-01,2.970800e-01
3.584400e-01,3.017800e-01
3.619200e-01,3.064800e-01
3.654000e-01,3.112000e-01
3.688800e-01,3.159300e-01
3.723600e-01,3.206800e-01
3.758400e-01,3.254400e-01
3.793200e-01,3.302000e-01
3.828000e-01,3.349800e-01
3.862800e-01,3.397700e-01
3.897600e-01,3.445700e-01
3.932400e-01,3.493800e-01
3.967200e-01,3.542000e-01
4.002000e-01,3.590200e-01
4.036800e-01,3.638600e-01
4.071600e-01,3.687000e-01
4.106400e-01,3.735400e-01
4.141200e-01,3.784000e-01
4.176000e-01,3.832500e-01
4.210800e-01,3.881200e-01
4.245600e-01,3.929900e-01
4.280400e-01,3.978600e-01
4.315200e-01,4.027400e-01
4.350000e-01,4.076200e-01
4.384800e-01,4.125000e-01
4.419600e-01,4.173900e-01
4.454400e-01,4.222700e-01
4.489200e-01,4.271600e-01
4.524000e-01,4.320500e-01
4.558800e-01,4.369400e-01
4.593600e-01,4.418300e-01
4.628400e-01,4.467200e-01
4.663200e-01,4.516100e-01
4.698000e-01,4.565000e-01
4.732800e-01,4.613800e-01
4.767600e-01,4.662600e-01
4.802400e-01,4.711400e-01
4.837200e-01,4.760200e-01
4.872000e-01,4.808900e-01
4.906800e-01,4.857600e-01
4.941600e-01,4.906300e-01
4.976400e-01,4.954900e-01
5.011200e-01,5.003400e-01
5.046000e-01,5.051900e-01
5.080800e-01,5.100300e-01
5.115600e-01,5.148700e-01
5.150400e-01,5.196900e-01
5.185200e-01,5.245100e-01
5.220000e-01,5.293300e-01
5.254800e-01,5.341300e-01
5.289600e-01,5.389300e-01
5.324400e-01,5.437100e-01
5.359200e-01,5.484900e-01
5.394000e-01,5.532500e-01
5.428800e-01,5.580100e-01
5.463600e-01,5.627500e-01
5.498400e-01,5.674900e-01
5.533200e-01,5.722100e-01
5.568000e-01,5.769200e-01
5.602800e-01,5.816100e-01
5.637600e-01,5.863000e-01
5.672400e-01,5.909700e-01
5.707200e-01,5.956200e-01
5.742000e-01,6.002700e-01
5.776800e-01,6.048900e-01
5.811600e-01,6.095100e-01
5.846400e-01,6.141000e-01
5.881200e-01,6.186900e-01
5.916000e-01,6.232500e-01
5.950800e-01,6.278000e-01
5.985600e-01,6.323400e-01
6.020400e-01,6.368500e-01
6.055200e-01,6.413500e-01
6.090000e-01,6.458300e-01
6.124800e-01,6.502900e-01
6.159600e-01,6.547400e-01
6.194400e-01,6.591600e-01
6.229200e-01,6.635700e-01
6.264000e-01,6.679500e-01
6.298800e-01,6.723200e-01
6.333600e-01,6.766700e-01
6.368400e-01,6.809900e-01
6.403200e-01,6.852900e-01
6.438000e-01,6.895800e-01
6.472800e-01,6.938400e-01
6.507600e-01,6.980800e-01
6.542400e-01,7.022900e-01
6.577200e-01,7.064900e-01
6.612000e-01,7.106600e-01
6.646800e-01,7.148000e-01
6.681600e-01,7.189300e-01
6.716400e-01,7.230300e-01
6.751200e-01,7.271000e-01
6.786000e-01,7.311500e-01
6.820800e-01,7.351800e-01
6.855600e-01,7.391800e-01
6.890400e-01,7.431600e-01
6.925200e-01,7.471000e-01
6.960000e-01,7.510300e-01
6.994800e-01,7.549200e-01
7.029600e-01,7.587900e-01
7.064400e-01,7.626300e-01
7.099200e-01,7.664500e-01
7.134000e-01,7.702400e-01
7.168800e-01,7.740000e-01
7.203600e-01,7.777300e-01
7.238400e-01,7.814300e-01
7.273200e-01,7.851000e-01
7.308000e-01,7.887500e-01
7.342800e-01,7.923600e-01
7.377600e-01,7.959500e-01
7.412400e-01,7.995000e-01
7.447200e-01,8.030300e-01
7.482000e-01,8.065200e-01
7.516800e-01,8.099900e-01
7.551600e-01,8.134200e-01
7.586400e-01,8.168200e-01
7.621200e-01,8.201900e-01
7.656000e-01,8.235300e-01
7.690800e-01,8.268400e-01
7.725600e-01,8.301100e-01
7.760400e-01,8.333500e-01
7.795200e-01,8.365600e-01
7.830000e-01,8.397400e-01
7.864800e-01,8.428800e-01
7.899600e-01,8.459900e-01
7.934400e-01,8.490600e-01
7.969200e-01,8.521100e-01
8.004000e-01,8.551100e-01
8.038800e-01,8.580800e-01
8.073600e-01,8.610200e-01
8.108400e-01,8.639200e-01
8.143200e-01,8.667900e-01
8.178000e-01,8.696200e-01
8.212800e-01,8.724200e-01
8.247600e-01,8.751800e-01
8.282400e-01,8.779000e-01
8.317200e-01,8.805900e-01
8.352000e-01,8.832400e-01
8.386800e-01,8.858600e-01
8.421600e-01,8.884400e-01
8.456400e-01,8.909800e-01
8.491200e-01,8.934800e-01
8.526000e-01,8.959500e-01
8.560800e-01,8.983800e-01
8.595600e-01,9.007700e-01
8.630400e-01,9.031200e-01
8.665200e-01,9.054400e-01
8.700000e-01,9.077100e-01
8.734800e-01,9.099500e-01
8.769600e-01,9.121500e-01
8.804400e-01,9.143100e-01
8.839200e-01,9.164300e-01
8.874000e-01,9.185100e-01
8.908800e-01,9.205500e-01
8.943600e-01,9.225500e-01
8.978400e-01,9.245100e-01
9.013200e-01,9.264400e-01
9.048000e-01,9.283200e-01
9.082800e-01,9.301600e-01
9.117600e-01,9.319600e-01
9.152400e-01,9.337200e-01
9.187200e-01,9.354400e-01
9.222000e-01,9.371200e-01
9.256800e-01,9.387500e-01
9.291600e-01,9.403500e-01
9.326400e-01,9.419000e-01
9.361200e-01,9.434200e-01
9.396000e-01,9.448900e-01
9.430800e-01,9.463200e-01
9.465600e-01,9.477000e-01
9.500400e-01,9.490500e-01
9.535200e-01,9.503500e-01
9.570000e-01,9.516100e-01
9.604800e-01,9.528300e-01
9.639600e-01,9.540000e-01
9.674400e-01,9.551400e-01
9.709200e-01,9.562300e-01
9.744000e-01,9.572700e-01
9.778800e-01,9.582700e-01
9.813600e-01,9.592400e-01
9.848400e-01,9.601500e-01
9.883200e-01,9.610300e-01
9.918000e-01,9.618600e-01
9.952800e-01,9.626400e-01
9.987600e-01,9.633800e-01
1.002200e+00,9.640800e-01
1.005700e+00,9.647400e-01
1.009200e+00,9.653500e-01
1.012700e+00,9.659100e-01
1.016200e+00,9.664300e-01
1.019600e+00,9.669100e-01
1.023100e+00,9.673400e-01
1.026600e+00,9.677300e-01
1.030100e+00,9.680800e-01
1.033600e+00,9.683700e-01
1.037000e+00,9.686300e-01
1.040500e+00,9.688400e-01
1.044000e+00,9.690000e-01
1.047500e+00,9.691200e-01
1.051000e+00,9.692000e-01
1.054400e+00,9.692200e-01
1.057900e+00,9.692100e-01
1.061400e+00,9.691500e-01
1.064900e+00,9.690400e-01
1.068400e+00,9.688900e-01
1.071800e+00,9.686900e-01
1.075300e+00,9.684500e-01
1.078800e+00,9.681600e-01
1.082300e+00,9.678200e-01
1.085800e+00,9.674400e-01
1.089200e+00,9.670200e-01
1.092700e+00,9.665500e-01
1.096200e+00,9.660300e-01
1.099700e+00,9.654700e-01
1.103200e+00,9.648600e-01
1.106600e+00,9.642000e-01
1.110100e+00,9.635000e-01
1.113600e+00,9.627500e-01
1.117100e+00,9.619600e-01
1.120600e+00,9.611200e-01
1.124000e+00,9.602400e-01
1.127500e+00,9.593000e-01
1.131000e+00,9.583300e-01
1.134500e+00,9.573000e-01
1.138000e+00,9.562300e-01
1.141400e+00,9.551200e-01
1.144900e+00,9.539600e-01
1.148400e+00,9.527500e-01
1.151900e+00,9.514900e-01
1.155400e+00,9.501900e-01
1.158800e+00,9.488400e-01
1.162300e+00,9.474500e-01
1.165800e+00,9.460100e-01
1.169300e+00,9.445200e-01
1.172800e+00,9.429900e-01
1.176200e+00,9.414100e-01
1.179700e+00,9.397900e-01
1.183200e+00,9.381200e-01
1.186700e+00,9.364000e-01
1.190200e+00,9.346400e-01
1.193600e+00,9.328300e-01
1.197100e+00,9.309700e-01
1.200600e+00,9.290700e-01
1.204100e+00,9.271200e-01
1.207600e+00,9.251300e-01
1.211000e+00,9.230900e-01
1.214500e+00,9.210000e-01
1.218000e+00,9.188600e-01
1.221500e+00,9.166900e-01
1.225000e+00,9.144600e-01
1.228400e+00,9.121900e-01
1.231900e+00,9.098700e-01
1.235400e+00,9.075100e-01
1.238900e+00,9.051000e-01
1.242400e+00,9.026400e-01
1.245800e+00,9.001400e-01
1.249300e+00,8.976000e-01
1.252800e+00,8.950000e-01
1.256300e+00,8.923700e-01
1.259800e+00,8.896800e-01
1.263200e+00,8.869500e-01
1.266700e+00,8.841800e-01
1.270200e+00,8.813500e-01
1.273700e+00,8.784900e-01
1.277200e+00,8.755700e-01
1.280600e+00,8.726200e-01
1.284100e+00,8.696100e-01
1.287600e+00,8.665600e-01
1.291100e+00,8.634700e-01
1.294600e+00,8.603300e-01
1.298000e+00,8.571500e-01
1.301500e+00,8.539200e-01
1.305000e+00,8.506400e-01
1.308500e+00,8.473200e-01
1.312000e+00,8.439600e-01
1.315400e+00,8.405500e-01
1.318900e+00,8.370900e-01
1.322400e+00,8.335900e-01
1.325900e+00,8.300500e-01
1.329400e+00,8.264600e-01
1.332800e+00,8.228200e-01
1.336300e+00,8.191400e-01
1.339800e+00,8.154200e-01
1.343300e+00,8.116500e-01
1.346800e+00,8.078400e-01
1.350200e+00,8.039800e-01
1.353700e+00,8.000800e-01
1.357200e+00,7.961300e-01
1.360700e+00,7.921400e-01
1.364200e+00,7.881100e-01
1.367600e+00,7.840300e-01
1.371100e+00,7.799100e-01
1.374600e+00,7.757400e-01
1.378100e+00,7.715300e-01
1.381600e+00,7.672700e-01
1.385000e+00,7.629700e-01
1.388500e+00,7.586300e-01
1.392000e+00,7.542400e-01
1.395500e+00,7.498100e-01
1.399000e+00,7.453400e-01
1.402400e+00,7.408200e-01
1.405900e+00,7.362600e-01
1.409400e+00,7.316500e-01
1.412900e+00,7.270000e-01
1.416400e+00,7.223100e-01
1.419800e+00,7.175700e-01
1.423300e+00,7.127900e-01
1.426800e+00,7.079700e-01
1.430300e+00,7.031000e-01
1.433800e+00,6.981900e-01
1.437200e+00,6.932300e-01
1.440700e+00,6.882400e-01
1.444200e+00,6.831900e-01
1.447700e+00,6.781100e-01
1.451200e+00,6.729800e-01
1.454600e+00,6.678100e-01
1.458100e+00,6.625900e-01
1.461600e+00,6.573300e-01
1.465100e+00,6.520200e-01
1.468600e+00,6.466800e-01
1.472000e+00,6.412800e-01
1.475500e+00,6.358500e-01
1.479000e+00,6.303700e-01
1.482500e+00,6.248400e-01
1.486000e+00,6.192800e-01
1.489400e+00,6.136600e-01
1.492900e+00,6.080000e-01
1.496400e+00,6.023000e-01
1.499900e+00,5.965500e-01
1.503400e+00,5.907600e-01
1.506800e+00,5.849200e-01
1.510300e+00,5.790400e-01
1.513800e+00,5.731100e-01
1.517300e+00,5.671400e-01
1.520800e+00,5.611200e-01
1.524200e+00,5.550500e-01
1.527700e+00,5.489400e-01
1.531200e+00,5.427800e-01
1.534700e+00,5.365700e-01
1.538200e+00,5.303100e-01
1.541600e+00,5.240100e-01
1.545100e+00,5.176500e-01
1.548600e+00,5.112500e-01
1.552100e+00,5.048000e-01
1.555600e+00,4.982900e-01
1.559000e+00,4.917400e-01
1.562500e+00,4.851300e-01
1.566000e+00,4.784800e-01
1.569500e+00,4.717600e-01
1.573000e+00,4.650000e-01
1.576400e+00,4.581800e-01
1.579900e+00,4.513000e-01
1.583400e+00,4.443700e-01
1.586900e+00,4.373800e-01
1.590400e+00,4.303300e-01
1.593800e+00,4.232200e-01
1.597300e+00,4.160500e-01
1.600800e+00,4.088200e-01
1.604300e+00,4.015200e-01
1.607800e+00,3.941500e-01
1.611200e+00,3.867100e-01
1.614700e+00,3.792100e-01
1.618200e+00,3.716300e-01
1.621700e+00,3.639800e-01
1.625200e+00,3.562500e-01
1.628600e+00,3.484300e-01
1.632100e+00,3.405400e-01
1.635600e+00,3.325600e-01
1.639100e+00,3.244800e-01
1.642600e+00,3.163100e-01
1.646000e+00,3.080500e-01
1.649500e+00,2.996700e-01
1.653000e+00,2.911900e-01
1.656500e+00,2.825900e-01
1.660000e+00,2.738700e-01
1.663400e+00,2.650200e-01
1.666900e+00,2.560400e-01
1.670400e+00,2.469000e-01
1.673900e+00,2.376100e-01
1.677400e+00,2.281400e-01
1.680800e+00,2.184900e-01
1.684300e+00,2.086400e-01
1.687800e+00,1.985800e-01
1.691300e+00,1.882800e-01
1.694800e+00,1.777100e-01
1.698200e+00,1.668600e-01
1.701700e+00,1.556800e-01
1.705200e+00,1.441300e-01
1.708700e+00,1.321700e-01
1.712200e+00,1.197400e-01
1.715600e+00,1.067500e-01
1.719100e+00,9.311700e-02
1.722600e+00,7.871600e-02
1.726100e+00,6.339100e-02
1.729600e+00,4.695800e-02
1.733000e+00,2.927600e-02
1.736500e+00,1.085600e-02
1.740000e+00,0.000000e+00
