# 13N spectrum, Bahcall, http://www.sns.ias.edu/~jnb/SNdata/Export/CNOspectra/n13.dat
# neutrino energy [MeV], spectral shape (arbitrary normalisation)
E,pdf
0.000000e+00,0.000000e+00
5.995000e-03,3.230200e-04
1.199000e-02,1.282500e-03
1.798500e-02,2.864100e-03
2.398000e-02,5.053700e-03
2.997500e-02,7.837100e-03
3.597000e-02,1.120000e-02
4.196500e-02,1.513000e-02
4.796000e-02,1.961100e-02
5.395500e-02,2.463100e-02
5.995000e-02,3.017600e-02
6.594500e-02,3.623200e-02
7.194000e-02,4.278600e-02
7.793500e-02,4.982500e-02
8.393000e-02,5.733500e-02
8.992500e-02,6.530400e-02
9.592000e-02,7.371800e-02
1.019200e-01,8.256500e-02
1.079100e-01,9.183200e-02
1.139100e-01,1.015100e-01
1.199000e-01,1.115700e-01
1.259000e-01,1.220200e-01
1.318900e-01,1.328400e-01
1.378900e-01,1.440200e-01
1.438800e-01,1.555400e-01
1.498800e-01,1.674000e-01
1.558700e-01,1.795700e-01
1.618700e-01,1.920600e-01
1.678600e-01,2.048400e-01
1.738600e-01,2.179100e-01
1.798500e-01,2.312500e-01
1.858500e-01,2.448600e-01
1.918400e-01,2.587100e-01
1.978400e-01,2.728100e-01
2.038300e-01,2.871300e-01
2.098300e-01,3.016700e-01
2.158200e-01,3.164200e-01
2.218200e-01,3.313700e-01
2.278100e-01,3.465000e-01
2.338100e-01,3.618000e-01
2.398000e-01,3.772700e-01
2.457900e-01,3.928900e-01
2.517900e-01,4.086500e-01
2.577900e-01,4.245500e-01
2.637800e-01,4.405700e-01
2.697800e-01,4.567000e-01
2.757700e-01,4.729300e-01
2.817700e-01,4.892600e-01
2.877600e-01,5.056700e-01
2.937600e-01,5.221500e-01
2.997500e-01,5.386900e-01
3.057500e-01,5.552900e-01
3.117400e-01,5.719300e-01
3.177400e-01,5.886100e-01
3.237300e-01,6.053200e-01
3.297200e-01,6.220400e-01
3.357200e-01,6.387700e-01
3.417200e-01,6.554900e-01
3.477100e-01,6.722100e-01
3.537100e-01,6.889100e-01
3.597000e-01,7.055800e-01
3.656900e-01,7.222200e-01
3.716900e-01,7.388100e-01
3.776900e-01,7.553500e-01
3.836800e-01,7.718300e-01
3.896700e-01,7.882400e-01
3.956700e-01,8.045800e-01
4.016700e-01,8.208300e-01
4.076600e-01,8.369800e-01
4.136500e-01,8.530400e-01
4.196500e-01,8.689900e-01
4.256500e-01,8.848300e-01
4.316400e-01,9.005400e-01
4.376400e-01,9.161200e-01
4.436300e-01,9.315700e-01
4.496300e-01,9.468700e-01
4.556200e-01,9.620200e-01
4.616200e-01,9.770100e-01
4.676100e-01,9.918300e-01
4.736100e-01,1.006500e+00
4.796000e-01,1.021000e+00
4.856000e-01,1.035300e+00
4.915900e-01,1.049400e+00
4.975900e-01,1.063300e+00
5.035800e-01,1.077000e+00
5.095800e-01,1.090400e+00
5.155700e-01,1.103700e+00
5.215700e-01,1.116800e+00
5.275600e-01,1.129600e+00
5.335600e-01,1.142200e+00
5.395500e-01,1.154500e+00
5.455500e-01,1.166600e+00
5.515400e-01,1.178500e+00
5.575400e-01,1.190100e+00
5.635300e-01,1.201400e+00
5.695300e-01,1.212500e+00
5.755200e-01,1.223300e+00
5.815200e-01,1.233800e+00
5.875100e-01,1.244000e+00
5.935100e-01,1.254000e+00
5.995000e-01,1.263600e+00
6.055000e-01,1.273000e+00
6.114900e-01,1.282100e+00
6.174800e-01,1.290800e+00
6.234800e-01,1.299300e+00
6.294800e-01,1.307400e+00
6.354700e-01,1.315300e+00
6.414700e-01,1.322700e+00
6.474600e-01,1.329900e+00
6.534600e-01,1.336800e+00
6.594500e-01,1.343300e+00
6.654400e-01,1.349400e+00
6.714400e-01,1.355300e+00
6.774400e-01,1.360800e+00
6.834300e-01,1.365900e+00
6.894200e-01,1.370700e+00
6.954200e-01,1.375100e+00
7.014200e-01,1.379200e+00
7.074100e-01,1.382900e+00
7.134100e-01,1.386300e+00
7.194000e-01,1.389200e+00
7.254000e-01,1.391800e+00
7.313900e-01,1.394100e+00
7.373900e-01,1.395900e+00
7.433800e-01,1.397400e+00
7.493800e-01,1.398500e+00
7.553700e-01,1.399200e+00
7.613700e-01,1.399600e+00
7.673600e-01,1.399500e+00
7.733600e-01,1.399100e+00
7.793500e-01,1.398200e+00
7.853500e-01,1.397000e+00
7.913400e-01,1.395300e+00
7.973400e-01,1.393300e+00
8.033300e-01,1.390900e+00
8.093300e-01,1.388000e+00
8.153200e-01,1.384800e+00
8.213100e-01,1.381100e+00
8.273100e-01,1.377000e+00
8.333100e-01,1.372600e+00
8.393000e-01,1.367700e+00
8.453000e-01,1.362300e+00
8.512900e-01,1.356600e+00
8.572900e-01,1.350500e+00
8.632800e-01,1.343900e+00
8.692800e-01,1.336900e+00
8.752700e-01,1.329500e+00
8.812700e-01,1.321600e+00
8.872600e-01,1.313400e+00
8.932500e-01,1.304700e+00
8.992500e-01,1.295500e+00
9.052500e-01,1.285900e+00
9.112400e-01,1.275900e+00
9.172400e-01,1.265500e+00
9.232300e-01,1.254600e+00
9.292300e-01,1.243300e+00
9.352200e-01,1.231500e+00
9.412200e-01,1.219300e+00
9.472100e-01,1.206600e+00
9.532100e-01,1.193500e+00
9.592000e-01,1.179900e+00
9.652000e-01,1.165800e+00
9.711900e-01,1.151300e+00
9.771900e-01,1.136300e+00
9.831800e-01,1.120900e+00
9.891800e-01,1.105000e+00
9.951700e-01,1.088600e+00
1.001200e+00,1.071700e+00
1.007200e+00,1.054300e+00
1.013200e+00,1.036400e+00
1.019200e+00,1.018000e+00
1.025100e+00,9.990700e-01
1.031100e+00,9.796200e-01
1.037100e+00,9.596400e-01
1.043100e+00,9.391000e-01
1.049100e+00,9.180000e-01
1.055100e+00,8.963200e-01
1.061100e+00,8.740500e-01
1.067100e+00,8.511500e-01
1.073100e+00,8.276100e-01
1.079100e+00,8.034100e-01
1.085100e+00,7.785100e-01
1.091100e+00,7.528800e-01
1.097100e+00,7.264800e-01
1.103100e+00,6.992700e-01
1.109100e+00,6.711700e-01
1.115100e+00,6.421400e-01
1.121100e+00,6.121000e-01
1.127100e+00,5.809400e-01
1.133100e+00,5.485500e-01
1.139100e+00,5.147800e-01
1.145000e+00,4.794700e-01
1.151000e+00,4.423600e-01
1.157000e+00,4.031600e-01
1.163000e+00,3.614400e-01
1.169000e+00,3.166200e-01
1.175000e+00,2.678100e-01
1.181000e+00,2.136300e-01
1.187000e+00,1.516500e-01
1.193000e+00,7.720700e-02
1.199000e+00,0.000000e+00
