# pp spectrum, Bahcall (Phys. Rev. C 56, 3391 (1997)), http://www.sns.ias.edu/~jnb/SNdata/Export/PPenergyspectrum/ppenergytab
# neutrino energy [MeV], spectral shape (arbitrary normalisation)
E,pdf
0.000000e+00,0.000000e+00
5.040000e-03,3.500000e-03
1.008000e-02,1.380000e-02
1.512000e-02,3.070000e-02
2.016000e-02,5.380000e-02
2.520000e-02,8.300000e-02
3.024000e-02,1.179000e-01
3.528000e-02,1.582000e-01
4.032000e-02,2.038000e-01
4.537000e-02,2.543000e-01
5.041000e-02,3.094000e-01
5.545000e-02,3.691000e-01
6.049000e-02,4.329000e-01
6.553000e-02,5.006000e-01
7.057000e-02,5.721000e-01
7.561000e-02,6.469000e-01
8.065000e-02,7.250000e-01
8.569000e-02,8.061000e-01
9.073000e-02,8.899000e-01
9.577000e-02,9.761000e-01
1.008100e-01,1.064700e+00
1.058500e-01,1.155300e+00
1.108900e-01,1.247700e+00
1.159300e-01,1.341700e+00
1.209700e-01,1.437000e+00
1.260100e-01,1.533500e+00
1.310600e-01,1.631000e+00
1.361000e-01,1.729100e+00
1.411400e-01,1.827800e+00
1.461800e-01,1.926700e+00
1.512200e-01,2.025800e+00
1.562600e-01,2.124700e+00
1.613000e-01,2.223300e+00
1.663400e-01,2.321400e+00
1.713800e-01,2.418700e+00
1.764200e-01,2.515100e+00
1.814600e-01,2.610500e+00
1.865000e-01,2.704400e+00
1.915400e-01,2.796900e+00
1.965800e-01,2.887700e+00
2.016200e-01,2.976600e+00
2.066600e-01,3.063400e+00
2.117100e-01,3.147900e+00
2.167500e-01,3.230000e+00
2.217900e-01,3.309400e+00
2.268300e-01,3.385900e+00
2.318700e-01,3.459400e+00
2.369100e-01,3.529800e+00
2.419500e-01,3.596600e+00
2.469900e-01,3.659900e+00
2.520300e-01,3.719400e+00
2.570700e-01,3.774900e+00
2.621100e-01,3.826200e+00
2.671500e-01,3.873100e+00
2.721900e-01,3.915400e+00
2.772300e-01,3.952900e+00
2.822700e-01,3.985400e+00
2.873100e-01,4.012700e+00
2.923500e-01,4.034400e+00
2.974000e-01,4.050500e+00
3.024400e-01,4.060500e+00
3.074800e-01,4.064400e+00
3.125200e-01,4.061700e+00
3.175600e-01,4.052200e+00
3.226000e-01,4.035600e+00
3.276400e-01,4.011400e+00
3.326800e-01,3.979400e+00
3.377200e-01,3.939100e+00
3.427600e-01,3.890000e+00
3.478000e-01,3.831600e+00
3.528400e-01,3.763200e+00
3.578800e-01,3.684200e+00
3.629200e-01,3.593700e+00
3.679600e-01,3.490700e+00
3.730000e-01,3.374000e+00
3.780400e-01,3.242200e+00
3.830900e-01,3.093200e+00
3.881300e-01,2.924600e+00
3.931700e-01,2.733000e+00
3.982100e-01,2.513600e+00
4.032500e-01,2.258900e+00
4.082900e-01,1.956700e+00
4.133300e-01,1.583200e+00
4.183700e-01,1.078300e+00
4.234100e-01,0.000000e+00
