# 8B spectrum, Bahcall et al., Phys. Rev. C 54, 411 (1996), http://www.sns.ias.edu/~jnb/SNdata/Export/B8spectrum/b8spectrum.txt
# neutrino energy [MeV], spectral shape (arbitrary normalisation)
E,pdf,pdf_plus3sigma,pdf_minus3sigma
0.000000e+00,0.000000e+00,0.000000e+00,0.000000e+00
2.000000e-02,8.600000e-06,1.000000e-05,7.100000e-06
4.000000e-02,3.400000e-05,3.910000e-05,2.790000e-05
6.000000e-02,7.520000e-05,8.590000e-05,6.200000e-05
8.000000e-02,1.314000e-04,1.492000e-04,1.089000e-04
1.000000e-01,2.019000e-04,2.276000e-04,1.680000e-04
1.200000e-01,2.859000e-04,3.200000e-04,2.388000e-04
1.400000e-01,3.825000e-04,4.250000e-04,3.202000e-04
1.600000e-01,4.912000e-04,5.413000e-04,4.131000e-04
1.800000e-01,6.112000e-04,6.671000e-04,5.188000e-04
2.000000e-01,7.417000e-04,8.001000e-04,6.356000e-04
2.200000e-01,8.819000e-04,9.329000e-04,7.631000e-04
2.400000e-01,1.031200e-03,1.088600e-03,9.012000e-04
2.600000e-01,1.188500e-03,1.257800e-03,1.049600e-03
2.800000e-01,1.352800e-03,1.435400e-03,1.208100e-03
3.000000e-01,1.522000e-03,1.619300e-03,1.376300e-03
3.200000e-01,1.691900e-03,1.801200e-03,1.554100e-03
3.400000e-01,1.864800e-03,2.013500e-03,1.741100e-03
3.600000e-01,2.073000e-03,2.236400e-03,1.937300e-03
3.800000e-01,2.290100e-03,2.468300e-03,2.142300e-03
4.000000e-01,2.515600e-03,2.708300e-03,2.355800e-03
4.200000e-01,2.748300e-03,2.953500e-03,2.577700e-03
4.400000e-01,2.989700e-03,3.216600e-03,2.807700e-03
4.600000e-01,3.243700e-03,3.488500e-03,3.045400e-03
4.800000e-01,3.505800e-03,3.769000e-03,3.290600e-03
5.000000e-01,3.775500e-03,4.057500e-03,3.542500e-03
5.200000e-01,4.051100e-03,4.353100e-03,3.800200e-03
5.400000e-01,4.336200e-03,4.660500e-03,4.058600e-03
5.600000e-01,4.634300e-03,4.975800e-03,4.339300e-03
5.800000e-01,4.940300e-03,5.298700e-03,4.627900e-03
6.000000e-01,5.253700e-03,5.628400e-03,4.923900e-03
6.200000e-01,5.573600e-03,5.964400e-03,5.226800e-03
6.400000e-01,5.902400e-03,6.312600e-03,5.535800e-03
6.600000e-01,6.240500e-03,6.668000e-03,5.855000e-03
6.800000e-01,6.585800e-03,7.030000e-03,6.181100e-03
7.000000e-01,6.938100e-03,7.397600e-03,6.513900e-03
7.200000e-01,7.296800e-03,7.771400e-03,6.852800e-03
7.400000e-01,7.663300e-03,8.158400e-03,7.197100e-03
7.600000e-01,8.037300e-03,8.552000e-03,7.552400e-03
7.800000e-01,8.417800e-03,8.951700e-03,7.914300e-03
8.000000e-01,8.804400e-03,9.356600e-03,8.282400e-03
8.200000e-01,9.196200e-03,9.768200e-03,8.656600e-03
8.400000e-01,9.596600e-03,1.019100e-02,9.036500e-03
8.600000e-01,1.000370e-02,1.061990e-02,9.424600e-03
8.800000e-01,1.041650e-02,1.105450e-02,9.818700e-03
9.000000e-01,1.083480e-02,1.149390e-02,1.021860e-02
9.200000e-01,1.125680e-02,1.194020e-02,1.062420e-02
9.400000e-01,1.168920e-02,1.239580e-02,1.103530e-02
9.600000e-01,1.212750e-02,1.285710e-02,1.145290e-02
9.800000e-01,1.257110e-02,1.332360e-02,1.187600e-02
1.000000e+00,1.301960e-02,1.379470e-02,1.230440e-02
1.020000e+00,1.347160e-02,1.427250e-02,1.273760e-02
1.040000e+00,1.393350e-02,1.475750e-02,1.317600e-02
1.060000e+00,1.440040e-02,1.524770e-02,1.362090e-02
1.080000e+00,1.487220e-02,1.574270e-02,1.407070e-02
1.100000e+00,1.534840e-02,1.624180e-02,1.452510e-02
1.120000e+00,1.582840e-02,1.674710e-02,1.498360e-02
1.140000e+00,1.631680e-02,1.725810e-02,1.544740e-02
1.160000e+00,1.680970e-02,1.777360e-02,1.591780e-02
1.180000e+00,1.730720e-02,1.829310e-02,1.639250e-02
1.200000e+00,1.780870e-02,1.881550e-02,1.687140e-02
1.220000e+00,1.831400e-02,1.934550e-02,1.735400e-02
1.240000e+00,1.882610e-02,1.988080e-02,1.784180e-02
1.260000e+00,1.934230e-02,2.042010e-02,1.833530e-02
1.280000e+00,1.986250e-02,2.096300e-02,1.883280e-02
1.300000e+00,2.038640e-02,2.150830e-02,1.933400e-02
1.320000e+00,2.091400e-02,2.206120e-02,1.983850e-02
1.340000e+00,2.144690e-02,2.261810e-02,2.034810e-02
1.360000e+00,2.198350e-02,2.317850e-02,2.086250e-02
1.380000e+00,2.252340e-02,2.374230e-02,2.138050e-02
1.400000e+00,2.306630e-02,2.430830e-02,2.190200e-02
1.420000e+00,2.361280e-02,2.488080e-02,2.242620e-02
1.440000e+00,2.416490e-02,2.545640e-02,2.295540e-02
1.460000e+00,2.472030e-02,2.603520e-02,2.348830e-02
1.480000e+00,2.527870e-02,2.661680e-02,2.402440e-02
1.500000e+00,2.583950e-02,2.720070e-02,2.456360e-02
1.520000e+00,2.640400e-02,2.778960e-02,2.510520e-02
1.540000e+00,2.697310e-02,2.838130e-02,2.565130e-02
1.560000e+00,2.754500e-02,2.897550e-02,2.620030e-02
1.580000e+00,2.811950e-02,2.957170e-02,2.675210e-02
1.600000e+00,2.869630e-02,3.016980e-02,2.730630e-02
1.620000e+00,2.927630e-02,3.077390e-02,2.786240e-02
1.640000e+00,2.985990e-02,3.138030e-02,2.842350e-02
1.660000e+00,3.044600e-02,3.198880e-02,2.898720e-02
1.680000e+00,3.103420e-02,3.259900e-02,2.955330e-02
1.700000e+00,3.162430e-02,3.321110e-02,3.012150e-02
1.720000e+00,3.221740e-02,3.382800e-02,3.069140e-02
1.740000e+00,3.281330e-02,3.444670e-02,3.126560e-02
1.760000e+00,3.341100e-02,3.506720e-02,3.184200e-02
1.780000e+00,3.401050e-02,3.568880e-02,3.242040e-02
1.800000e+00,3.461080e-02,3.631240e-02,3.300070e-02
1.820000e+00,3.521520e-02,3.694030e-02,3.358260e-02
1.840000e+00,3.582200e-02,3.756960e-02,3.416780e-02
1.860000e+00,3.643040e-02,3.820030e-02,3.475480e-02
1.880000e+00,3.704010e-02,3.883180e-02,3.534350e-02
1.900000e+00,3.765030e-02,3.946530e-02,3.593360e-02
1.920000e+00,3.826450e-02,4.010200e-02,3.652530e-02
1.940000e+00,3.888020e-02,4.073990e-02,3.711950e-02
1.960000e+00,3.949710e-02,4.137870e-02,3.771510e-02
1.980000e+00,4.011500e-02,4.201770e-02,3.831200e-02
2.000000e+00,4.073300e-02,4.265900e-02,3.890980e-02
2.020000e+00,4.135510e-02,4.330280e-02,3.950890e-02
2.040000e+00,4.197820e-02,4.394740e-02,4.011090e-02
2.060000e+00,4.260210e-02,4.459240e-02,4.071400e-02
2.080000e+00,4.322670e-02,4.523740e-02,4.131810e-02
2.100000e+00,4.385130e-02,4.588470e-02,4.192270e-02
2.120000e+00,4.447930e-02,4.653370e-02,4.252870e-02
2.140000e+00,4.510790e-02,4.718310e-02,4.313670e-02
2.160000e+00,4.573710e-02,4.783260e-02,4.374560e-02
2.180000e+00,4.636640e-02,4.848130e-02,4.435500e-02
2.200000e+00,4.699590e-02,4.913310e-02,4.496460e-02
2.220000e+00,4.762810e-02,4.978590e-02,4.557560e-02
2.240000e+00,4.826060e-02,5.043880e-02,4.618830e-02
2.260000e+00,4.889340e-02,5.109140e-02,4.680140e-02
2.280000e+00,4.952600e-02,5.174280e-02,4.741490e-02
2.300000e+00,5.015870e-02,5.239760e-02,4.802820e-02
2.320000e+00,5.079350e-02,5.305230e-02,4.864290e-02
2.340000e+00,5.142830e-02,5.370680e-02,4.925870e-02
2.360000e+00,5.206300e-02,5.436060e-02,4.987450e-02
2.380000e+00,5.269720e-02,5.501310e-02,5.049040e-02
2.400000e+00,5.333150e-02,5.566870e-02,5.110570e-02
2.420000e+00,5.396770e-02,5.632390e-02,5.172260e-02
2.440000e+00,5.460360e-02,5.697850e-02,5.233990e-02
2.460000e+00,5.523910e-02,5.763220e-02,5.295720e-02
2.480000e+00,5.587370e-02,5.828450e-02,5.357400e-02
2.500000e+00,5.650850e-02,5.893930e-02,5.418980e-02
2.520000e+00,5.714440e-02,5.959350e-02,5.480760e-02
2.540000e+00,5.777980e-02,6.024670e-02,5.542510e-02
2.560000e+00,5.841430e-02,6.089870e-02,5.604220e-02
2.580000e+00,5.904760e-02,6.154940e-02,5.665870e-02
2.600000e+00,5.968140e-02,6.220210e-02,5.727380e-02
2.620000e+00,6.031580e-02,6.285390e-02,5.789100e-02
2.640000e+00,6.094920e-02,6.350440e-02,5.850760e-02
2.660000e+00,6.158160e-02,6.415330e-02,5.912350e-02
2.680000e+00,6.221240e-02,6.480110e-02,5.973840e-02
2.700000e+00,6.284390e-02,6.545050e-02,6.035220e-02
2.720000e+00,6.347530e-02,6.609850e-02,6.096730e-02
2.740000e+00,6.410550e-02,6.674510e-02,6.158150e-02
2.760000e+00,6.473450e-02,6.738990e-02,6.219470e-02
2.780000e+00,6.536130e-02,6.803370e-02,6.280670e-02
2.800000e+00,6.598930e-02,6.867800e-02,6.341750e-02
2.820000e+00,6.661660e-02,6.932070e-02,6.402920e-02
2.840000e+00,6.724250e-02,6.996170e-02,6.463990e-02
2.860000e+00,6.786670e-02,7.060050e-02,6.524930e-02
2.880000e+00,6.848840e-02,7.123850e-02,6.585730e-02
2.900000e+00,6.911190e-02,7.187650e-02,6.646410e-02
2.920000e+00,6.973390e-02,7.251260e-02,6.707140e-02
2.940000e+00,7.035430e-02,7.314670e-02,6.767740e-02
2.960000e+00,7.097290e-02,7.377820e-02,6.828190e-02
2.980000e+00,7.158910e-02,7.440940e-02,6.888460e-02
3.000000e+00,7.220610e-02,7.503990e-02,6.948620e-02
3.020000e+00,7.282140e-02,7.566830e-02,7.008790e-02
3.040000e+00,7.343480e-02,7.629450e-02,7.068810e-02
3.060000e+00,7.404610e-02,7.691780e-02,7.128660e-02
3.080000e+00,7.465520e-02,7.754100e-02,7.188300e-02
3.100000e+00,7.526460e-02,7.816260e-02,7.247850e-02
3.120000e+00,7.587200e-02,7.878190e-02,7.307360e-02
3.140000e+00,7.647740e-02,7.939870e-02,7.366710e-02
3.160000e+00,7.708040e-02,8.001190e-02,7.425860e-02
3.180000e+00,7.768110e-02,8.062610e-02,7.484780e-02
3.200000e+00,7.828190e-02,8.123820e-02,7.543620e-02
3.220000e+00,7.888060e-02,8.184770e-02,7.602350e-02
3.240000e+00,7.947700e-02,8.245460e-02,7.660890e-02
3.260000e+00,8.007070e-02,8.305790e-02,7.719210e-02
3.280000e+00,8.066240e-02,8.366170e-02,7.777270e-02
3.300000e+00,8.125340e-02,8.426290e-02,7.835280e-02
3.320000e+00,8.184200e-02,8.486130e-02,7.893130e-02
3.340000e+00,8.242810e-02,8.545670e-02,7.950760e-02
3.360000e+00,8.301120e-02,8.604860e-02,8.008160e-02
3.380000e+00,8.359250e-02,8.664080e-02,8.065260e-02
3.400000e+00,8.417300e-02,8.723010e-02,8.122350e-02
3.420000e+00,8.475090e-02,8.781640e-02,8.179230e-02
3.440000e+00,8.532620e-02,8.839950e-02,8.235880e-02
3.460000e+00,8.589830e-02,8.897930e-02,8.292270e-02
3.480000e+00,8.646870e-02,8.955900e-02,8.348350e-02
3.500000e+00,8.703750e-02,9.013570e-02,8.404400e-02
3.520000e+00,8.760360e-02,9.070920e-02,8.460210e-02
3.540000e+00,8.816680e-02,9.127920e-02,8.515760e-02
3.560000e+00,8.872650e-02,9.184610e-02,8.571030e-02
3.580000e+00,8.928490e-02,9.241250e-02,8.625980e-02
3.600000e+00,8.984130e-02,9.297570e-02,8.680910e-02
3.620000e+00,9.039470e-02,9.353560e-02,8.735590e-02
3.640000e+00,9.094500e-02,9.409170e-02,8.789980e-02
3.660000e+00,9.149140e-02,9.464510e-02,8.844090e-02
3.680000e+00,9.203710e-02,9.519710e-02,8.897880e-02
3.700000e+00,9.258040e-02,9.574580e-02,8.951600e-02
3.720000e+00,9.312040e-02,9.629100e-02,9.005030e-02
3.740000e+00,9.365720e-02,9.683220e-02,9.058170e-02
3.760000e+00,9.418960e-02,9.737090e-02,9.111000e-02
3.780000e+00,9.472210e-02,9.790790e-02,9.163530e-02
3.800000e+00,9.525140e-02,9.844130e-02,9.215940e-02
3.820000e+00,9.577740e-02,9.897100e-02,9.268060e-02
3.840000e+00,9.629990e-02,9.949630e-02,9.319880e-02
3.860000e+00,9.681830e-02,1.000198e-01,9.371350e-02
3.880000e+00,9.733610e-02,1.005411e-01,9.422550e-02
3.900000e+00,9.785060e-02,1.010586e-01,9.473610e-02
3.920000e+00,9.836170e-02,1.015723e-01,9.524360e-02
3.940000e+00,9.886900e-02,1.020813e-01,9.574780e-02
3.960000e+00,9.937230e-02,1.025890e-01,9.624840e-02
3.980000e+00,9.987480e-02,1.030937e-01,9.674660e-02
4.000000e+00,1.003738e-01,1.035946e-01,9.724300e-02
4.020000e+00,1.008691e-01,1.040914e-01,9.773610e-02
4.040000e+00,1.013606e-01,1.045832e-01,9.822580e-02
4.060000e+00,1.018482e-01,1.050744e-01,9.871180e-02
4.080000e+00,1.023348e-01,1.055620e-01,9.919540e-02
4.100000e+00,1.028177e-01,1.060455e-01,9.967680e-02
4.120000e+00,1.032968e-01,1.065249e-01,1.001548e-01
4.140000e+00,1.037720e-01,1.069993e-01,1.006292e-01
4.160000e+00,1.042435e-01,1.074729e-01,1.010995e-01
4.180000e+00,1.047135e-01,1.079424e-01,1.015680e-01
4.200000e+00,1.051797e-01,1.084077e-01,1.020337e-01
4.220000e+00,1.056420e-01,1.088687e-01,1.024960e-01
4.240000e+00,1.061000e-01,1.093247e-01,1.029544e-01
4.260000e+00,1.065549e-01,1.097801e-01,1.034084e-01
4.280000e+00,1.070077e-01,1.102313e-01,1.038614e-01
4.300000e+00,1.074566e-01,1.106782e-01,1.043110e-01
4.320000e+00,1.079014e-01,1.111205e-01,1.047570e-01
4.340000e+00,1.083418e-01,1.115583e-01,1.051992e-01
4.360000e+00,1.087793e-01,1.119949e-01,1.056367e-01
4.380000e+00,1.092142e-01,1.124271e-01,1.060733e-01
4.400000e+00,1.096451e-01,1.128550e-01,1.065063e-01
4.420000e+00,1.100717e-01,1.132781e-01,1.069355e-01
4.440000e+00,1.104935e-01,1.136971e-01,1.073607e-01
4.460000e+00,1.109133e-01,1.141142e-01,1.077815e-01
4.480000e+00,1.113299e-01,1.145269e-01,1.082010e-01
4.500000e+00,1.117425e-01,1.149352e-01,1.086167e-01
4.520000e+00,1.121507e-01,1.153385e-01,1.090286e-01
4.540000e+00,1.125537e-01,1.157381e-01,1.094364e-01
4.560000e+00,1.129554e-01,1.161353e-01,1.098400e-01
4.580000e+00,1.133534e-01,1.165281e-01,1.102418e-01
4.600000e+00,1.137471e-01,1.169162e-01,1.106396e-01
4.620000e+00,1.141364e-01,1.172992e-01,1.110335e-01
4.640000e+00,1.145204e-01,1.176790e-01,1.114231e-01
4.660000e+00,1.149034e-01,1.180559e-01,1.118088e-01
4.680000e+00,1.152822e-01,1.184283e-01,1.121926e-01
4.700000e+00,1.156566e-01,1.187958e-01,1.125724e-01
4.720000e+00,1.160264e-01,1.191579e-01,1.129482e-01
4.740000e+00,1.163912e-01,1.195175e-01,1.133194e-01
4.760000e+00,1.167547e-01,1.198738e-01,1.136870e-01
4.780000e+00,1.171139e-01,1.202254e-01,1.140524e-01
4.800000e+00,1.174686e-01,1.205721e-01,1.144137e-01
4.820000e+00,1.178185e-01,1.209131e-01,1.147709e-01
4.840000e+00,1.181638e-01,1.212524e-01,1.151234e-01
4.860000e+00,1.185073e-01,1.215876e-01,1.154726e-01
4.880000e+00,1.188465e-01,1.219180e-01,1.158191e-01
4.900000e+00,1.191811e-01,1.222434e-01,1.161615e-01
4.920000e+00,1.195109e-01,1.225628e-01,1.164996e-01
4.940000e+00,1.198362e-01,1.228813e-01,1.168329e-01
4.960000e+00,1.201595e-01,1.231951e-01,1.171633e-01
4.980000e+00,1.204784e-01,1.235041e-01,1.174906e-01
5.000000e+00,1.207926e-01,1.238080e-01,1.178137e-01
5.020000e+00,1.211019e-01,1.241061e-01,1.181324e-01
5.040000e+00,1.214072e-01,1.244030e-01,1.184461e-01
5.060000e+00,1.217100e-01,1.246951e-01,1.187575e-01
5.080000e+00,1.220082e-01,1.249823e-01,1.190654e-01
5.100000e+00,1.223018e-01,1.252644e-01,1.193689e-01
5.120000e+00,1.225902e-01,1.255411e-01,1.196678e-01
5.140000e+00,1.228750e-01,1.258160e-01,1.199613e-01
5.160000e+00,1.231570e-01,1.260861e-01,1.202536e-01
5.180000e+00,1.234344e-01,1.263511e-01,1.205416e-01
5.200000e+00,1.237070e-01,1.266109e-01,1.208253e-01
5.220000e+00,1.239743e-01,1.268658e-01,1.211044e-01
5.240000e+00,1.242385e-01,1.271185e-01,1.213782e-01
5.260000e+00,1.244995e-01,1.273662e-01,1.216506e-01
5.280000e+00,1.247557e-01,1.276090e-01,1.219186e-01
5.300000e+00,1.250072e-01,1.278462e-01,1.221821e-01
5.320000e+00,1.252530e-01,1.280791e-01,1.224409e-01
5.340000e+00,1.254965e-01,1.283093e-01,1.226948e-01
5.360000e+00,1.257361e-01,1.285346e-01,1.229470e-01
5.380000e+00,1.259709e-01,1.287548e-01,1.231947e-01
5.400000e+00,1.262009e-01,1.289694e-01,1.234379e-01
5.420000e+00,1.264250e-01,1.291801e-01,1.236763e-01
5.440000e+00,1.266475e-01,1.293877e-01,1.239101e-01
5.460000e+00,1.268656e-01,1.295905e-01,1.241419e-01
5.480000e+00,1.270788e-01,1.297878e-01,1.243691e-01
5.500000e+00,1.272871e-01,1.299796e-01,1.245918e-01
5.520000e+00,1.274896e-01,1.301681e-01,1.248096e-01
5.540000e+00,1.276907e-01,1.303530e-01,1.250232e-01
5.560000e+00,1.278869e-01,1.305329e-01,1.252342e-01
5.580000e+00,1.280784e-01,1.307075e-01,1.254408e-01
5.600000e+00,1.282649e-01,1.308761e-01,1.256427e-01
5.620000e+00,1.284460e-01,1.310425e-01,1.258397e-01
5.640000e+00,1.286252e-01,1.312048e-01,1.260328e-01
5.660000e+00,1.287997e-01,1.313618e-01,1.262230e-01
5.680000e+00,1.289693e-01,1.315136e-01,1.264088e-01
5.700000e+00,1.291337e-01,1.316591e-01,1.265898e-01
5.720000e+00,1.292932e-01,1.318035e-01,1.267656e-01
5.740000e+00,1.294507e-01,1.319428e-01,1.269382e-01
5.760000e+00,1.296032e-01,1.320771e-01,1.271075e-01
5.780000e+00,1.297509e-01,1.322060e-01,1.272722e-01
5.800000e+00,1.298933e-01,1.323289e-01,1.274322e-01
5.820000e+00,1.300312e-01,1.324505e-01,1.275868e-01
5.840000e+00,1.301667e-01,1.325672e-01,1.277388e-01
5.860000e+00,1.302975e-01,1.326787e-01,1.278871e-01
5.880000e+00,1.304232e-01,1.327849e-01,1.280308e-01
5.900000e+00,1.305436e-01,1.328854e-01,1.281696e-01
5.920000e+00,1.306601e-01,1.329842e-01,1.283029e-01
5.940000e+00,1.307736e-01,1.330778e-01,1.284344e-01
5.960000e+00,1.308825e-01,1.331665e-01,1.285616e-01
5.980000e+00,1.309862e-01,1.332495e-01,1.286842e-01
6.000000e+00,1.310845e-01,1.333275e-01,1.288019e-01
6.020000e+00,1.311795e-01,1.334034e-01,1.289140e-01
6.040000e+00,1.312713e-01,1.334742e-01,1.290247e-01
6.060000e+00,1.313582e-01,1.335400e-01,1.291310e-01
6.080000e+00,1.314402e-01,1.336001e-01,1.292326e-01
6.100000e+00,1.315165e-01,1.336558e-01,1.293292e-01
6.120000e+00,1.315902e-01,1.337089e-01,1.294206e-01
6.140000e+00,1.316600e-01,1.337570e-01,1.295103e-01
6.160000e+00,1.317250e-01,1.337998e-01,1.295955e-01
6.180000e+00,1.317848e-01,1.338370e-01,1.296759e-01
6.200000e+00,1.318388e-01,1.338704e-01,1.297514e-01
6.220000e+00,1.318912e-01,1.339008e-01,1.298221e-01
6.240000e+00,1.319392e-01,1.339262e-01,1.298909e-01
6.260000e+00,1.319822e-01,1.339464e-01,1.299551e-01
6.280000e+00,1.320203e-01,1.339608e-01,1.300146e-01
6.300000e+00,1.320525e-01,1.339721e-01,1.300692e-01
6.320000e+00,1.320835e-01,1.339798e-01,1.301194e-01
6.340000e+00,1.321095e-01,1.339827e-01,1.301671e-01
6.360000e+00,1.321309e-01,1.339803e-01,1.302103e-01
6.380000e+00,1.321470e-01,1.339717e-01,1.302487e-01
6.400000e+00,1.321578e-01,1.339613e-01,1.302821e-01
6.420000e+00,1.321671e-01,1.339467e-01,1.303116e-01
6.440000e+00,1.321716e-01,1.339272e-01,1.303384e-01
6.460000e+00,1.321712e-01,1.339024e-01,1.303607e-01
6.480000e+00,1.321658e-01,1.338713e-01,1.303782e-01
6.500000e+00,1.321553e-01,1.338393e-01,1.303906e-01
6.520000e+00,1.321430e-01,1.338025e-01,1.303997e-01
6.540000e+00,1.321259e-01,1.337608e-01,1.304057e-01
6.560000e+00,1.321040e-01,1.337138e-01,1.304072e-01
6.580000e+00,1.320769e-01,1.336608e-01,1.304039e-01
6.600000e+00,1.320454e-01,1.336069e-01,1.303952e-01
6.620000e+00,1.320118e-01,1.335481e-01,1.303841e-01
6.640000e+00,1.319734e-01,1.334843e-01,1.303695e-01
6.660000e+00,1.319302e-01,1.334153e-01,1.303502e-01
6.680000e+00,1.318817e-01,1.333408e-01,1.303263e-01
6.700000e+00,1.318295e-01,1.332651e-01,1.302967e-01
6.720000e+00,1.317746e-01,1.331844e-01,1.302656e-01
6.740000e+00,1.317152e-01,1.330990e-01,1.302304e-01
6.760000e+00,1.316509e-01,1.330081e-01,1.301906e-01
6.780000e+00,1.315812e-01,1.329124e-01,1.301461e-01
6.800000e+00,1.315085e-01,1.328150e-01,1.300959e-01
6.820000e+00,1.314327e-01,1.327127e-01,1.300449e-01
6.840000e+00,1.313523e-01,1.326056e-01,1.299894e-01
6.860000e+00,1.312670e-01,1.324931e-01,1.299294e-01
6.880000e+00,1.311762e-01,1.323764e-01,1.298646e-01
6.900000e+00,1.310833e-01,1.322577e-01,1.297946e-01
6.920000e+00,1.309868e-01,1.321343e-01,1.297234e-01
6.940000e+00,1.308857e-01,1.320060e-01,1.296478e-01
6.960000e+00,1.307798e-01,1.318723e-01,1.295676e-01
6.980000e+00,1.306679e-01,1.317352e-01,1.294827e-01
7.000000e+00,1.305552e-01,1.315955e-01,1.293931e-01
7.020000e+00,1.304383e-01,1.314512e-01,1.293019e-01
7.040000e+00,1.303166e-01,1.313019e-01,1.292064e-01
7.060000e+00,1.301901e-01,1.311470e-01,1.291064e-01
7.080000e+00,1.300580e-01,1.309898e-01,1.290015e-01
7.100000e+00,1.299254e-01,1.308295e-01,1.288925e-01
7.120000e+00,1.297882e-01,1.306645e-01,1.287817e-01
7.140000e+00,1.296466e-01,1.304946e-01,1.286664e-01
7.160000e+00,1.295001e-01,1.303190e-01,1.285468e-01
7.180000e+00,1.293484e-01,1.301421e-01,1.284222e-01
7.200000e+00,1.291959e-01,1.299613e-01,1.282942e-01
7.220000e+00,1.290389e-01,1.297760e-01,1.281638e-01
7.240000e+00,1.288774e-01,1.295857e-01,1.280291e-01
7.260000e+00,1.287110e-01,1.293895e-01,1.278901e-01
7.280000e+00,1.285402e-01,1.291932e-01,1.277458e-01
7.300000e+00,1.283680e-01,1.289924e-01,1.275991e-01
7.320000e+00,1.281915e-01,1.287871e-01,1.274496e-01
7.340000e+00,1.280105e-01,1.285769e-01,1.272960e-01
7.360000e+00,1.278246e-01,1.283612e-01,1.271378e-01
7.380000e+00,1.276349e-01,1.281453e-01,1.269745e-01
7.400000e+00,1.274434e-01,1.279248e-01,1.268094e-01
7.420000e+00,1.272476e-01,1.276999e-01,1.266412e-01
7.440000e+00,1.270474e-01,1.274703e-01,1.264687e-01
7.460000e+00,1.268422e-01,1.272357e-01,1.262918e-01
7.480000e+00,1.266340e-01,1.270005e-01,1.261094e-01
7.500000e+00,1.264235e-01,1.267608e-01,1.259266e-01
7.520000e+00,1.262088e-01,1.265167e-01,1.257398e-01
7.540000e+00,1.259897e-01,1.262677e-01,1.255488e-01
7.560000e+00,1.257655e-01,1.260147e-01,1.253535e-01
7.580000e+00,1.255393e-01,1.257607e-01,1.251530e-01
7.600000e+00,1.253103e-01,1.255024e-01,1.249521e-01
7.620000e+00,1.250772e-01,1.252397e-01,1.247470e-01
7.640000e+00,1.248397e-01,1.249721e-01,1.245379e-01
7.660000e+00,1.245969e-01,1.247011e-01,1.243244e-01
7.680000e+00,1.243531e-01,1.244288e-01,1.241063e-01
7.700000e+00,1.241060e-01,1.241522e-01,1.238874e-01
7.720000e+00,1.238548e-01,1.238712e-01,1.236645e-01
7.740000e+00,1.235991e-01,1.235853e-01,1.234376e-01
7.760000e+00,1.233380e-01,1.232971e-01,1.232062e-01
7.780000e+00,1.230773e-01,1.230068e-01,1.229708e-01
7.800000e+00,1.228125e-01,1.227124e-01,1.227344e-01
7.820000e+00,1.225438e-01,1.224137e-01,1.224941e-01
7.840000e+00,1.222707e-01,1.221099e-01,1.222498e-01
7.860000e+00,1.219926e-01,1.218049e-01,1.220011e-01
7.880000e+00,1.217146e-01,1.214973e-01,1.217490e-01
7.900000e+00,1.214326e-01,1.211856e-01,1.214955e-01
7.920000e+00,1.211467e-01,1.208697e-01,1.212381e-01
7.940000e+00,1.208565e-01,1.205483e-01,1.209768e-01
7.960000e+00,1.205619e-01,1.202272e-01,1.207109e-01
7.980000e+00,1.202670e-01,1.199026e-01,1.204425e-01
8.000000e+00,1.199684e-01,1.195741e-01,1.201723e-01
8.020000e+00,1.196658e-01,1.192413e-01,1.198984e-01
8.040000e+00,1.193588e-01,1.189033e-01,1.196206e-01
8.060000e+00,1.190483e-01,1.185662e-01,1.193382e-01
8.080000e+00,1.187371e-01,1.182253e-01,1.190541e-01
8.100000e+00,1.184222e-01,1.178805e-01,1.187677e-01
8.120000e+00,1.181034e-01,1.175315e-01,1.184776e-01
8.140000e+00,1.177802e-01,1.171780e-01,1.181837e-01
8.160000e+00,1.174543e-01,1.168250e-01,1.178849e-01
8.180000e+00,1.171272e-01,1.164684e-01,1.175856e-01
8.200000e+00,1.167964e-01,1.161079e-01,1.172835e-01
8.220000e+00,1.164619e-01,1.157433e-01,1.169778e-01
8.240000e+00,1.161228e-01,1.153749e-01,1.166682e-01
8.260000e+00,1.157820e-01,1.150066e-01,1.163536e-01
8.280000e+00,1.154396e-01,1.146348e-01,1.160397e-01
8.300000e+00,1.150936e-01,1.142592e-01,1.157223e-01
8.320000e+00,1.147438e-01,1.138794e-01,1.154014e-01
8.340000e+00,1.143894e-01,1.134968e-01,1.150766e-01
8.360000e+00,1.140345e-01,1.131139e-01,1.147475e-01
8.380000e+00,1.136773e-01,1.127274e-01,1.144186e-01
8.400000e+00,1.133166e-01,1.123373e-01,1.140864e-01
8.420000e+00,1.129522e-01,1.119429e-01,1.137506e-01
8.440000e+00,1.125830e-01,1.115468e-01,1.134110e-01
8.460000e+00,1.122146e-01,1.111498e-01,1.130677e-01
8.480000e+00,1.118432e-01,1.107493e-01,1.127245e-01
8.500000e+00,1.114684e-01,1.103453e-01,1.123779e-01
8.520000e+00,1.110900e-01,1.099369e-01,1.120280e-01
8.540000e+00,1.107069e-01,1.095279e-01,1.116742e-01
8.560000e+00,1.103251e-01,1.091175e-01,1.113174e-01
8.580000e+00,1.099400e-01,1.087037e-01,1.109603e-01
8.600000e+00,1.095517e-01,1.082865e-01,1.106000e-01
8.620000e+00,1.091597e-01,1.078646e-01,1.102364e-01
8.640000e+00,1.087639e-01,1.074437e-01,1.098689e-01
8.660000e+00,1.083690e-01,1.070203e-01,1.094992e-01
8.680000e+00,1.079709e-01,1.065938e-01,1.091289e-01
8.700000e+00,1.075696e-01,1.061639e-01,1.087553e-01
8.720000e+00,1.071646e-01,1.057292e-01,1.083785e-01
8.740000e+00,1.067566e-01,1.052966e-01,1.079978e-01
8.760000e+00,1.063491e-01,1.048611e-01,1.076159e-01
8.780000e+00,1.059387e-01,1.044224e-01,1.072328e-01
8.800000e+00,1.055250e-01,1.039803e-01,1.068466e-01
8.820000e+00,1.051079e-01,1.035342e-01,1.064572e-01
8.840000e+00,1.046884e-01,1.030901e-01,1.060638e-01
8.860000e+00,1.042690e-01,1.026431e-01,1.056703e-01
8.880000e+00,1.038466e-01,1.021931e-01,1.052749e-01
8.900000e+00,1.034212e-01,1.017398e-01,1.048767e-01
8.920000e+00,1.029920e-01,1.012833e-01,1.044753e-01
8.940000e+00,1.025618e-01,1.008283e-01,1.040695e-01
8.960000e+00,1.021309e-01,1.003704e-01,1.036652e-01
8.980000e+00,1.016973e-01,9.990970e-02,1.032583e-01
9.000000e+00,1.012606e-01,9.944570e-02,1.028486e-01
9.020000e+00,1.008202e-01,9.897950e-02,1.024358e-01
9.040000e+00,1.003798e-01,9.851410e-02,1.020191e-01
9.060000e+00,9.993840e-02,9.804620e-02,1.016038e-01
9.080000e+00,9.949430e-02,9.757540e-02,1.011860e-01
9.100000e+00,9.904730e-02,9.710120e-02,1.007653e-01
9.120000e+00,9.859610e-02,9.662590e-02,1.003415e-01
9.140000e+00,9.814660e-02,9.615100e-02,9.991450e-02
9.160000e+00,9.769520e-02,9.567370e-02,9.948880e-02
9.180000e+00,9.724120e-02,9.519350e-02,9.906040e-02
9.200000e+00,9.678430e-02,9.470980e-02,9.862930e-02
9.220000e+00,9.632350e-02,9.422650e-02,9.819520e-02
9.240000e+00,9.586510e-02,9.374280e-02,9.775860e-02
9.260000e+00,9.540430e-02,9.325680e-02,9.732300e-02
9.280000e+00,9.494100e-02,9.276810e-02,9.688490e-02
9.300000e+00,9.447490e-02,9.227550e-02,9.644430e-02
9.320000e+00,9.400560e-02,9.178510e-02,9.600050e-02
9.340000e+00,9.353840e-02,9.129340e-02,9.555520e-02
9.360000e+00,9.306890e-02,9.079950e-02,9.511030e-02
9.380000e+00,9.259710e-02,9.030290e-02,9.466310e-02
9.400000e+00,9.212240e-02,8.980240e-02,9.421340e-02
9.420000e+00,9.164540e-02,8.930540e-02,9.376050e-02
9.440000e+00,9.117020e-02,8.880650e-02,9.330710e-02
9.460000e+00,9.069280e-02,8.830530e-02,9.285360e-02
9.480000e+00,9.021310e-02,8.780170e-02,9.239780e-02
9.500000e+00,8.973070e-02,8.729490e-02,9.193970e-02
9.520000e+00,8.924680e-02,8.679120e-02,9.147820e-02
9.540000e+00,8.876420e-02,8.628560e-02,9.101740e-02
9.560000e+00,8.827970e-02,8.577800e-02,9.055590e-02
9.580000e+00,8.779290e-02,8.526790e-02,9.009230e-02
9.600000e+00,8.730320e-02,8.475560e-02,8.962630e-02
9.620000e+00,8.681330e-02,8.424600e-02,8.915670e-02
9.640000e+00,8.632410e-02,8.373460e-02,8.868950e-02
9.660000e+00,8.583300e-02,8.322130e-02,8.822080e-02
9.680000e+00,8.533980e-02,8.270560e-02,8.775010e-02
9.700000e+00,8.484360e-02,8.218860e-02,8.727700e-02
9.720000e+00,8.434840e-02,8.167390e-02,8.680060e-02
9.740000e+00,8.385330e-02,8.115750e-02,8.632710e-02
9.760000e+00,8.335630e-02,8.063920e-02,8.585180e-02
9.780000e+00,8.285730e-02,8.011840e-02,8.537460e-02
9.800000e+00,8.235510e-02,7.959770e-02,8.489510e-02
9.820000e+00,8.185560e-02,7.907870e-02,8.441310e-02
9.840000e+00,8.135530e-02,7.855810e-02,8.393360e-02
9.860000e+00,8.085320e-02,7.803580e-02,8.345240e-02
9.880000e+00,8.034930e-02,7.751080e-02,8.296930e-02
9.900000e+00,7.984200e-02,7.698730e-02,8.248410e-02
9.920000e+00,7.933870e-02,7.646470e-02,8.199710e-02
9.940000e+00,7.883390e-02,7.594070e-02,8.151220e-02
9.960000e+00,7.832750e-02,7.541500e-02,8.102580e-02
9.980000e+00,7.781920e-02,7.488630e-02,8.053760e-02
1.000000e+01,7.730850e-02,7.436100e-02,8.004720e-02
1.002000e+01,7.680140e-02,7.383570e-02,7.955600e-02
1.004000e+01,7.629290e-02,7.330910e-02,7.906650e-02
1.006000e+01,7.578300e-02,7.278080e-02,7.857550e-02
1.008000e+01,7.527120e-02,7.224940e-02,7.808290e-02
1.010000e+01,7.475790e-02,7.172310e-02,7.758790e-02
1.012000e+01,7.424770e-02,7.119580e-02,7.709340e-02
1.014000e+01,7.373630e-02,7.066740e-02,7.659990e-02
1.016000e+01,7.322360e-02,7.013740e-02,7.610510e-02
1.018000e+01,7.270890e-02,6.960510e-02,7.560880e-02
1.020000e+01,7.219380e-02,6.907760e-02,7.510980e-02
1.022000e+01,7.168140e-02,6.854920e-02,7.461280e-02
1.024000e+01,7.116780e-02,6.801970e-02,7.411620e-02
1.026000e+01,7.065300e-02,6.748870e-02,7.361830e-02
1.028000e+01,7.013610e-02,6.695650e-02,7.311900e-02
1.030000e+01,6.962020e-02,6.642860e-02,7.261670e-02
1.032000e+01,6.910620e-02,6.589990e-02,7.211820e-02
1.034000e+01,6.859130e-02,6.537030e-02,7.161910e-02
1.036000e+01,6.807520e-02,6.483910e-02,7.111890e-02
1.038000e+01,6.755680e-02,6.430790e-02,7.061720e-02
1.040000e+01,6.704090e-02,6.378040e-02,7.011290e-02
1.042000e+01,6.652620e-02,6.325220e-02,6.961300e-02
1.044000e+01,6.601070e-02,6.272320e-02,6.911210e-02
1.046000e+01,6.549400e-02,6.219250e-02,6.861020e-02
1.048000e+01,6.497470e-02,6.166330e-02,6.810700e-02
1.050000e+01,6.446000e-02,6.113710e-02,6.760190e-02
1.052000e+01,6.394540e-02,6.061040e-02,6.710090e-02
1.054000e+01,6.343000e-02,6.008290e-02,6.659900e-02
1.056000e+01,6.291350e-02,5.955350e-02,6.609620e-02
1.058000e+01,6.239460e-02,5.902730e-02,6.559200e-02
1.060000e+01,6.188130e-02,5.850320e-02,6.508710e-02
1.062000e+01,6.136750e-02,5.797860e-02,6.458560e-02
1.064000e+01,6.085310e-02,5.745340e-02,6.408350e-02
1.066000e+01,6.033760e-02,5.692570e-02,6.358050e-02
1.068000e+01,5.982060e-02,5.640380e-02,6.307610e-02
1.070000e+01,5.930890e-02,5.588250e-02,6.257210e-02
1.072000e+01,5.879680e-02,5.536100e-02,6.207100e-02
1.074000e+01,5.828410e-02,5.483880e-02,6.156940e-02
1.076000e+01,5.777040e-02,5.431430e-02,6.106700e-02
1.078000e+01,5.725640e-02,5.379680e-02,6.056300e-02
1.080000e+01,5.674690e-02,5.327930e-02,6.006080e-02
1.082000e+01,5.623730e-02,5.276170e-02,5.956080e-02
1.084000e+01,5.572710e-02,5.224330e-02,5.906040e-02
1.086000e+01,5.521590e-02,5.172370e-02,5.855930e-02
1.088000e+01,5.470560e-02,5.121080e-02,5.805630e-02
1.090000e+01,5.419920e-02,5.069790e-02,5.755690e-02
1.092000e+01,5.369280e-02,5.018490e-02,5.705890e-02
1.094000e+01,5.318590e-02,4.967120e-02,5.656050e-02
1.096000e+01,5.267780e-02,4.915760e-02,5.606150e-02
1.098000e+01,5.217220e-02,4.864990e-02,5.556010e-02
1.100000e+01,5.166980e-02,4.814240e-02,5.506460e-02
1.102000e+01,5.116720e-02,4.763490e-02,5.456910e-02
1.104000e+01,5.066450e-02,4.712670e-02,5.407350e-02
1.106000e+01,5.016000e-02,4.662000e-02,5.357720e-02
1.108000e+01,4.966010e-02,4.611830e-02,5.307920e-02
1.110000e+01,4.916240e-02,4.561710e-02,5.258720e-02
1.112000e+01,4.866470e-02,4.511580e-02,5.209520e-02
1.114000e+01,4.816680e-02,4.461360e-02,5.160300e-02
1.116000e+01,4.766660e-02,4.411480e-02,5.111020e-02
1.118000e+01,4.717370e-02,4.362000e-02,5.061670e-02
1.120000e+01,4.668140e-02,4.312570e-02,5.012870e-02
1.122000e+01,4.618930e-02,4.263160e-02,4.964080e-02
1.124000e+01,4.569700e-02,4.213590e-02,4.915280e-02
1.126000e+01,4.520310e-02,4.164600e-02,4.866410e-02
1.128000e+01,4.471660e-02,4.115900e-02,4.817590e-02
1.130000e+01,4.423060e-02,4.067250e-02,4.769270e-02
1.132000e+01,4.374480e-02,4.018610e-02,4.720970e-02
1.134000e+01,4.325880e-02,3.969760e-02,4.672670e-02
1.136000e+01,4.277240e-02,3.921790e-02,4.624290e-02
1.138000e+01,4.229280e-02,3.873950e-02,4.576100e-02
1.140000e+01,4.181370e-02,3.826160e-02,4.528330e-02
1.142000e+01,4.133500e-02,3.778390e-02,4.480590e-02
1.144000e+01,4.085590e-02,3.730470e-02,4.432860e-02
1.146000e+01,4.037780e-02,3.683470e-02,4.385030e-02
1.148000e+01,3.990580e-02,3.636550e-02,4.337560e-02
1.150000e+01,3.943460e-02,3.589700e-02,4.290410e-02
1.152000e+01,3.896370e-02,3.542860e-02,4.243310e-02
1.154000e+01,3.849230e-02,3.496020e-02,4.196210e-02
1.156000e+01,3.802350e-02,3.450010e-02,4.148980e-02
1.158000e+01,3.756000e-02,3.404100e-02,4.102320e-02
1.160000e+01,3.709720e-02,3.358270e-02,4.055870e-02
1.162000e+01,3.663490e-02,3.312430e-02,4.009470e-02
1.164000e+01,3.617180e-02,3.266750e-02,3.963080e-02
1.166000e+01,3.571330e-02,3.221810e-02,3.916500e-02
1.168000e+01,3.525900e-02,3.176990e-02,3.870740e-02
1.170000e+01,3.480550e-02,3.132240e-02,3.825060e-02
1.172000e+01,3.435240e-02,3.087450e-02,3.779440e-02
1.174000e+01,3.389800e-02,3.043020e-02,3.733830e-02
1.176000e+01,3.345090e-02,2.999240e-02,3.688140e-02
1.178000e+01,3.300650e-02,2.955570e-02,3.643220e-02
1.180000e+01,3.256300e-02,2.911980e-02,3.598380e-02
1.182000e+01,3.211990e-02,2.868320e-02,3.553610e-02
1.184000e+01,3.167510e-02,2.825250e-02,3.508840e-02
1.186000e+01,3.124010e-02,2.782700e-02,3.464120e-02
1.188000e+01,3.080630e-02,2.740260e-02,3.420100e-02
1.190000e+01,3.037340e-02,2.697910e-02,3.376180e-02
1.192000e+01,2.994090e-02,2.655390e-02,3.332320e-02
1.194000e+01,2.950790e-02,2.613810e-02,3.288460e-02
1.196000e+01,2.908420e-02,2.572550e-02,3.244790e-02
1.198000e+01,2.866170e-02,2.531420e-02,3.201750e-02
1.200000e+01,2.824030e-02,2.490350e-02,3.158810e-02
1.202000e+01,2.781910e-02,2.449080e-02,3.115950e-02
1.204000e+01,2.739880e-02,2.409040e-02,3.073050e-02
1.206000e+01,2.698710e-02,2.369160e-02,3.030520e-02
1.208000e+01,2.657670e-02,2.329400e-02,2.988510e-02
1.210000e+01,2.616730e-02,2.289690e-02,2.946620e-02
1.212000e+01,2.575800e-02,2.249930e-02,2.904800e-02
1.214000e+01,2.535130e-02,2.211320e-02,2.862900e-02
1.216000e+01,2.495230e-02,2.172870e-02,2.821610e-02
1.218000e+01,2.455460e-02,2.134540e-02,2.780720e-02
1.220000e+01,2.415800e-02,2.096240e-02,2.739940e-02
1.222000e+01,2.376090e-02,2.058080e-02,2.699240e-02
1.224000e+01,2.336880e-02,2.020960e-02,2.658370e-02
1.226000e+01,2.298310e-02,1.984000e-02,2.618430e-02
1.228000e+01,2.259880e-02,1.947160e-02,2.578720e-02
1.230000e+01,2.221550e-02,1.910310e-02,2.539130e-02
1.232000e+01,2.183120e-02,1.873830e-02,2.499600e-02
1.234000e+01,2.145470e-02,1.838280e-02,2.459940e-02
1.236000e+01,2.108300e-02,1.802890e-02,2.421320e-02
1.238000e+01,2.071270e-02,1.767600e-02,2.382850e-02
1.240000e+01,2.034320e-02,1.732250e-02,2.344500e-02
1.242000e+01,1.997150e-02,1.697550e-02,2.306200e-02
1.244000e+01,1.961200e-02,1.663620e-02,2.267910e-02
1.246000e+01,1.925480e-02,1.629840e-02,2.230590e-02
1.248000e+01,1.889900e-02,1.596160e-02,2.193430e-02
1.250000e+01,1.854390e-02,1.562300e-02,2.156380e-02
1.252000e+01,1.818730e-02,1.529500e-02,2.119360e-02
1.254000e+01,1.784370e-02,1.497240e-02,2.082530e-02
1.256000e+01,1.750170e-02,1.465130e-02,2.046570e-02
1.258000e+01,1.716110e-02,1.433090e-02,2.010760e-02
1.260000e+01,1.682090e-02,1.400700e-02,1.975070e-02
1.262000e+01,1.648100e-02,1.369950e-02,1.939380e-02
1.264000e+01,1.615300e-02,1.339410e-02,1.904070e-02
1.266000e+01,1.582670e-02,1.309010e-02,1.869530e-02
1.268000e+01,1.550170e-02,1.278650e-02,1.835140e-02
1.270000e+01,1.517670e-02,1.248090e-02,1.800860e-02
1.272000e+01,1.485420e-02,1.219150e-02,1.766500e-02
1.274000e+01,1.454250e-02,1.190380e-02,1.732820e-02
1.276000e+01,1.423240e-02,1.161730e-02,1.699760e-02
1.278000e+01,1.392340e-02,1.133080e-02,1.666840e-02
1.280000e+01,1.361390e-02,1.104470e-02,1.634020e-02
1.282000e+01,1.330960e-02,1.077330e-02,1.601040e-02
1.284000e+01,1.301460e-02,1.050360e-02,1.569100e-02
1.286000e+01,1.272110e-02,1.023490e-02,1.537560e-02
1.288000e+01,1.242860e-02,9.965500e-03,1.506160e-02
1.290000e+01,1.213450e-02,9.699500e-03,1.474840e-02
1.292000e+01,1.184950e-02,9.446800e-03,1.443260e-02
1.294000e+01,1.157160e-02,9.195500e-03,1.413120e-02
1.296000e+01,1.129520e-02,8.945000e-03,1.383150e-02
1.298000e+01,1.101950e-02,8.692800e-03,1.353320e-02
1.300000e+01,1.074060e-02,8.448000e-03,1.323540e-02
1.302000e+01,1.047620e-02,8.214200e-03,1.293660e-02
1.304000e+01,1.021580e-02,7.981600e-03,1.265140e-02
1.306000e+01,9.956700e-03,7.749400e-03,1.236780e-02
1.308000e+01,9.697800e-03,7.514000e-03,1.208550e-02
1.310000e+01,9.435400e-03,7.291400e-03,1.180330e-02
1.312000e+01,9.191300e-03,7.076700e-03,1.152230e-02
1.314000e+01,8.948700e-03,6.863000e-03,1.125370e-02
1.316000e+01,8.707300e-03,6.649200e-03,1.098670e-02
1.318000e+01,8.465700e-03,6.429600e-03,1.072080e-02
1.320000e+01,8.222800e-03,6.231000e-03,1.045430e-02
1.322000e+01,7.997000e-03,6.035400e-03,1.019180e-02
1.324000e+01,7.772600e-03,5.840600e-03,9.940100e-03
1.326000e+01,7.549000e-03,5.645100e-03,9.689900e-03
1.328000e+01,7.324600e-03,5.444400e-03,9.440600e-03
1.330000e+01,7.101700e-03,5.267100e-03,9.189700e-03
1.332000e+01,6.894400e-03,5.090700e-03,8.946500e-03
1.334000e+01,6.688300e-03,4.914800e-03,8.712200e-03
1.336000e+01,6.482700e-03,4.737400e-03,8.479200e-03
1.338000e+01,6.275300e-03,4.558300e-03,8.246800e-03
1.340000e+01,6.073300e-03,4.400300e-03,8.011400e-03
1.342000e+01,5.884600e-03,4.243200e-03,7.788700e-03
1.344000e+01,5.696800e-03,4.086000e-03,7.572000e-03
1.346000e+01,5.509100e-03,3.926500e-03,7.356400e-03
1.348000e+01,5.318100e-03,3.769300e-03,7.140900e-03
1.350000e+01,5.137900e-03,3.630400e-03,6.920100e-03
1.352000e+01,4.967800e-03,3.492100e-03,6.719400e-03
1.354000e+01,4.798500e-03,3.353400e-03,6.520400e-03
1.356000e+01,4.628700e-03,3.210900e-03,6.322300e-03
1.358000e+01,4.453300e-03,3.076100e-03,6.123800e-03
1.360000e+01,4.296200e-03,2.955800e-03,5.921900e-03
1.362000e+01,4.144700e-03,2.835700e-03,5.739600e-03
1.364000e+01,3.993600e-03,2.714800e-03,5.558400e-03
1.366000e+01,3.841500e-03,2.588500e-03,5.377800e-03
1.368000e+01,3.682000e-03,2.476500e-03,5.196000e-03
1.370000e+01,3.547900e-03,2.373800e-03,5.013800e-03
1.372000e+01,3.414600e-03,2.271200e-03,4.849500e-03
1.374000e+01,3.281400e-03,2.167300e-03,4.686200e-03
1.376000e+01,3.146600e-03,2.055500e-03,4.523100e-03
1.378000e+01,3.007700e-03,1.966200e-03,4.357800e-03
1.380000e+01,2.891600e-03,1.880200e-03,4.196000e-03
1.382000e+01,2.776000e-03,1.793800e-03,4.049700e-03
1.384000e+01,2.660200e-03,1.705800e-03,3.904100e-03
1.386000e+01,2.541900e-03,1.611100e-03,3.758400e-03
1.388000e+01,2.423700e-03,1.540000e-03,3.609200e-03
1.390000e+01,2.324700e-03,1.469000e-03,3.468400e-03
1.392000e+01,2.226000e-03,1.397600e-03,3.339800e-03
1.394000e+01,2.126800e-03,1.324200e-03,3.211600e-03
1.396000e+01,2.024200e-03,1.248000e-03,3.082700e-03
1.398000e+01,1.926200e-03,1.190400e-03,2.948700e-03
1.400000e+01,1.843300e-03,1.132900e-03,2.829500e-03
1.402000e+01,1.760400e-03,1.074700e-03,2.718100e-03
1.404000e+01,1.676600e-03,1.014200e-03,2.606800e-03
1.406000e+01,1.588600e-03,9.547000e-04,2.494300e-03
1.408000e+01,1.510100e-03,9.089000e-04,2.374000e-03
1.410000e+01,1.441800e-03,8.630000e-04,2.277100e-03
1.412000e+01,1.373300e-03,8.164000e-04,2.182000e-03
1.414000e+01,1.303800e-03,7.671000e-04,2.086800e-03
1.416000e+01,1.228600e-03,7.221000e-04,1.990000e-03
1.418000e+01,1.168500e-03,6.862000e-04,1.887500e-03
1.420000e+01,1.113100e-03,6.501000e-04,1.807400e-03
1.422000e+01,1.057500e-03,6.133000e-04,1.727600e-03
1.424000e+01,1.000600e-03,5.735000e-04,1.647500e-03
1.426000e+01,9.372000e-04,5.408000e-04,1.565300e-03
1.428000e+01,8.930000e-04,5.129000e-04,1.481100e-03
1.430000e+01,8.488000e-04,4.849000e-04,1.415200e-03
1.432000e+01,8.044000e-04,4.562000e-04,1.349400e-03
1.434000e+01,7.585000e-04,4.239000e-04,1.283000e-03
1.436000e+01,7.094000e-04,4.012000e-04,1.214100e-03
1.438000e+01,6.748000e-04,3.799000e-04,1.147100e-03
1.440000e+01,6.401000e-04,3.584000e-04,1.093700e-03
1.442000e+01,6.051000e-04,3.362000e-04,1.040300e-03
1.444000e+01,5.686000e-04,3.114000e-04,9.862000e-04
1.446000e+01,5.317000e-04,2.952000e-04,9.291000e-04
1.448000e+01,5.049000e-04,2.790000e-04,8.774000e-04
1.450000e+01,4.780000e-04,2.626000e-04,8.349000e-04
1.452000e+01,4.507000e-04,2.455000e-04,7.923000e-04
1.454000e+01,4.218000e-04,2.275000e-04,7.489000e-04
1.456000e+01,3.948000e-04,2.152000e-04,7.018000e-04
1.458000e+01,3.743000e-04,2.030000e-04,6.636000e-04
1.460000e+01,3.536000e-04,1.905000e-04,6.302000e-04
1.462000e+01,3.326000e-04,1.773000e-04,5.967000e-04
1.464000e+01,3.099000e-04,1.645000e-04,5.624000e-04
1.466000e+01,2.907000e-04,1.553000e-04,5.236000e-04
1.468000e+01,2.751000e-04,1.461000e-04,4.969000e-04
1.470000e+01,2.594000e-04,1.368000e-04,4.711000e-04
1.472000e+01,2.433000e-04,1.267000e-04,4.450000e-04
1.474000e+01,2.253000e-04,1.178000e-04,4.181000e-04
1.476000e+01,2.121000e-04,1.109000e-04,3.885000e-04
1.478000e+01,2.003000e-04,1.041000e-04,3.687000e-04
1.480000e+01,1.884000e-04,9.710000e-05,3.489000e-04
1.482000e+01,1.761000e-04,8.930000e-05,3.288000e-04
1.484000e+01,1.620000e-04,8.320000e-05,3.079000e-04
1.486000e+01,1.532000e-04,7.820000e-05,2.862000e-04
1.488000e+01,1.444000e-04,7.310000e-05,2.712000e-04
1.490000e+01,1.355000e-04,6.790000e-05,2.561000e-04
1.492000e+01,1.262000e-04,6.190000e-05,2.408000e-04
1.494000e+01,1.161000e-04,5.800000e-05,2.247000e-04
1.496000e+01,1.096000e-04,5.430000e-05,2.091000e-04
1.498000e+01,1.030000e-04,5.060000e-05,1.977000e-04
1.500000e+01,9.630000e-05,4.670000e-05,1.863000e-04
1.502000e+01,8.930000e-05,4.230000e-05,1.747000e-04
1.504000e+01,8.220000e-05,3.970000e-05,1.621000e-04
1.506000e+01,7.730000e-05,3.710000e-05,1.512000e-04
1.508000e+01,7.250000e-05,3.440000e-05,1.427000e-04
1.510000e+01,6.750000e-05,3.150000e-05,1.341000e-04
1.512000e+01,6.220000e-05,2.850000e-05,1.254000e-04
1.514000e+01,5.740000e-05,2.670000e-05,1.157000e-04
1.516000e+01,5.380000e-05,2.480000e-05,1.082000e-04
1.518000e+01,5.020000e-05,2.290000e-05,1.019000e-04
1.520000e+01,4.660000e-05,2.080000e-05,9.550000e-05
1.522000e+01,4.260000e-05,1.880000e-05,8.890000e-05
1.524000e+01,3.930000e-05,1.750000e-05,8.120000e-05
1.526000e+01,3.680000e-05,1.620000e-05,7.640000e-05
1.528000e+01,3.420000e-05,1.490000e-05,7.180000e-05
1.530000e+01,3.150000e-05,1.340000e-05,6.710000e-05
1.532000e+01,2.850000e-05,1.210000e-05,6.210000e-05
1.534000e+01,2.640000e-05,1.130000e-05,5.670000e-05
1.536000e+01,2.460000e-05,1.040000e-05,5.330000e-05
1.538000e+01,2.280000e-05,9.400000e-06,4.990000e-05
1.540000e+01,2.090000e-05,8.400000e-06,4.640000e-05
1.542000e+01,1.870000e-05,7.600000e-06,4.270000e-05
1.544000e+01,1.740000e-05,7.000000e-06,3.890000e-05
1.546000e+01,1.620000e-05,6.400000e-06,3.640000e-05
1.548000e+01,1.490000e-05,5.800000e-06,3.400000e-05
1.550000e+01,1.350000e-05,5.000000e-06,3.150000e-05
1.552000e+01,1.210000e-05,4.600000e-06,2.880000e-05
1.554000e+01,1.120000e-05,4.200000e-06,2.620000e-05
1.556000e+01,1.030000e-05,3.800000e-06,2.450000e-05
1.558000e+01,9.500000e-06,3.400000e-06,2.270000e-05
1.560000e+01,8.500000e-06,2.900000e-06,2.090000e-05
1.562000e+01,7.600000e-06,2.700000e-06,1.900000e-05
1.564000e+01,7.000000e-06,2.400000e-06,1.730000e-05
1.566000e+01,6.400000e-06,2.200000e-06,1.610000e-05
1.568000e+01,5.800000e-06,1.900000e-06,1.490000e-05
1.570000e+01,5.200000e-06,1.600000e-06,1.360000e-05
1.572000e+01,4.600000e-06,1.500000e-06,1.210000e-05
1.574000e+01,4.200000e-06,1.300000e-06,1.110000e-05
1.576000e+01,3.800000e-06,1.200000e-06,1.030000e-05
1.578000e+01,3.400000e-06,1.000000e-06,9.500000e-06
1.580000e+01,3.000000e-06,8.000000e-07,8.600000e-06
1.582000e+01,2.700000e-06,8.000000e-07,7.500000e-06
1.584000e+01,2.400000e-06,7.000000e-07,7.000000e-06
1.586000e+01,2.200000e-06,6.000000e-07,6.400000e-06
1.588000e+01,1.900000e-06,5.000000e-07,5.800000e-06
1.590000e+01,1.600000e-06,4.000000e-07,5.200000e-06
1.592000e+01,1.500000e-06,4.000000e-07,4.600000e-06
1.594000e+01,1.300000e-06,3.000000e-07,4.200000e-06
1.596000e+01,1.200000e-06,3.000000e-07,3.800000e-06
1.598000e+01,1.000000e-06,2.000000e-07,3.500000e-06
1.600000e+01,9.000000e-07,2.000000e-07,3.100000e-06
1.602000e+01,8.000000e-07,2.000000e-07,2.700000e-06
1.604000e+01,7.000000e-07,1.000000e-07,2.400000e-06
1.606000e+01,6.000000e-07,1.000000e-07,2.200000e-06
1.608000e+01,5.000000e-07,1.000000e-07,2.000000e-06
1.610000e+01,4.000000e-07,1.000000e-07,1.700000e-06
1.612000e+01,4.000000e-07,1.000000e-07,1.500000e-06
1.614000e+01,3.000000e-07,1.000000e-07,1.300000e-06
1.616000e+01,3.000000e-07,0.000000e+00,1.200000e-06
1.618000e+01,2.000000e-07,0.000000e+00,1.100000e-06
1.620000e+01,2.000000e-07,0.000000e+00,9.000000e-07
1.622000e+01,2.000000e-07,0.000000e+00,8.000000e-07
1.624000e+01,1.000000e-07,0.000000e+00,7.000000e-07
1.626000e+01,1.000000e-07,0.000000e+00,6.000000e-07
1.628000e+01,1.000000e-07,0.000000e+00,5.000000e-07
1.630000e+01,1.000000e-07,0.000000e+00,4.000000e-07
1.632000e+01,1.000000e-07,0.000000e+00,4.000000e-07
1.634000e+01,1.000000e-07,0.000000e+00,3.000000e-07
1.636000e+01,0.000000e+00,0.000000e+00,3.000000e-07
1.638000e+01,0.000000e+00,0.000000e+00,2.000000e-07
1.640000e+01,0.000000e+00,0.000000e+00,2.000000e-07
1.642000e+01,0.000000e+00,0.000000e+00,2.000000e-07
1.644000e+01,0.000000e+00,0.000000e+00,1.000000e-07
1.646000e+01,0.000000e+00,0.000000e+00,1.000000e-07
1.648000e+01,0.000000e+00,0.000000e+00,1.000000e-07
1.650000e+01,0.000000e+00,0.000000e+00,1.000000e-07
1.652000e+01,0.000000e+00,0.000000e+00,1.000000e-07
1.654000e+01,0.000000e+00,0.000000e+00,1.000000e-07
1.656000e+01,0.000000e+00,0.000000e+00,0.000000e+00
