# hep spectrum, Bahcall, http://www.sns.ias.edu/~jnb/SNdata/Export/Hepspectrum/hepspectrum.dat
# neutrino energy [MeV], spectral shape (arbitrary normalisation)
E,pdf
0.000000e+00,0.000000e+00
1.878400e-02,1.475300e-06
3.756700e-02,5.889700e-06
5.635100e-02,1.322600e-05
7.513500e-02,2.346700e-05
9.391900e-02,3.659500e-05
1.127000e-01,5.259400e-05
1.314900e-01,7.144600e-05
1.502700e-01,9.313500e-05
1.690500e-01,1.176400e-04
1.878400e-01,1.449500e-04
2.066200e-01,1.750500e-04
2.254000e-01,2.079100e-04
2.441900e-01,2.435300e-04
2.629700e-01,2.818800e-04
2.817600e-01,3.229400e-04
3.005400e-01,3.667100e-04
3.193200e-01,4.131600e-04
3.381100e-01,4.622900e-04
3.568900e-01,5.140600e-04
3.756700e-01,5.684600e-04
3.944600e-01,6.254900e-04
4.132400e-01,6.851100e-04
4.320300e-01,7.473200e-04
4.508100e-01,8.120900e-04
4.695900e-01,8.794200e-04
4.883800e-01,9.492900e-04
5.071600e-01,1.021700e-03
5.259400e-01,1.096600e-03
5.447300e-01,1.173900e-03
5.635100e-01,1.253800e-03
5.823000e-01,1.336100e-03
6.010800e-01,1.420800e-03
6.198600e-01,1.507900e-03
6.386500e-01,1.597500e-03
6.574300e-01,1.689400e-03
6.762100e-01,1.783700e-03
6.950000e-01,1.880400e-03
7.137800e-01,1.979400e-03
7.325700e-01,2.080800e-03
7.513500e-01,2.184400e-03
7.701300e-01,2.290400e-03
7.889200e-01,2.398600e-03
8.077000e-01,2.509000e-03
8.264800e-01,2.621800e-03
8.452700e-01,2.736700e-03
8.640500e-01,2.853900e-03
8.828400e-01,2.973200e-03
9.016200e-01,3.094800e-03
9.204000e-01,3.218500e-03
9.391900e-01,3.344300e-03
9.579700e-01,3.472300e-03
9.767500e-01,3.602400e-03
9.955400e-01,3.734600e-03
1.014300e+00,3.869000e-03
1.033100e+00,4.005300e-03
1.051900e+00,4.143800e-03
1.070700e+00,4.284200e-03
1.089500e+00,4.426700e-03
1.108200e+00,4.571200e-03
1.127000e+00,4.717700e-03
1.145800e+00,4.866200e-03
1.164600e+00,5.016700e-03
1.183400e+00,5.169100e-03
1.202200e+00,5.323400e-03
1.220900e+00,5.479700e-03
1.239700e+00,5.637800e-03
1.258500e+00,5.797900e-03
1.277300e+00,5.959800e-03
1.296100e+00,6.123600e-03
1.314900e+00,6.289200e-03
1.333600e+00,6.456700e-03
1.352400e+00,6.626000e-03
1.371200e+00,6.797100e-03
1.390000e+00,6.969900e-03
1.408800e+00,7.144500e-03
1.427600e+00,7.320900e-03
1.446300e+00,7.499100e-03
1.465100e+00,7.678900e-03
1.483900e+00,7.860500e-03
1.502700e+00,8.043700e-03
1.521500e+00,8.228700e-03
1.540300e+00,8.415300e-03
1.559000e+00,8.603500e-03
1.577800e+00,8.793400e-03
1.596600e+00,8.985000e-03
1.615400e+00,9.178100e-03
1.634200e+00,9.372800e-03
1.653000e+00,9.569100e-03
1.671800e+00,9.767000e-03
1.690500e+00,9.966500e-03
1.709300e+00,1.016700e-02
1.728100e+00,1.037000e-02
1.746900e+00,1.057400e-02
1.765700e+00,1.077900e-02
1.784500e+00,1.098600e-02
1.803200e+00,1.119500e-02
1.822000e+00,1.140500e-02
1.840800e+00,1.161600e-02
1.859600e+00,1.182900e-02
1.878400e+00,1.204300e-02
1.897200e+00,1.225900e-02
1.915900e+00,1.247600e-02
1.934700e+00,1.269400e-02
1.953500e+00,1.291400e-02
1.972300e+00,1.313500e-02
1.991100e+00,1.335700e-02
2.009900e+00,1.358100e-02
2.028600e+00,1.380600e-02
2.047400e+00,1.403200e-02
2.066200e+00,1.425900e-02
2.085000e+00,1.448800e-02
2.103800e+00,1.471800e-02
2.122600e+00,1.494900e-02
2.141300e+00,1.518200e-02
2.160100e+00,1.541600e-02
2.178900e+00,1.565000e-02
2.197700e+00,1.588600e-02
2.216500e+00,1.612400e-02
2.235300e+00,1.636200e-02
2.254000e+00,1.660200e-02
2.272800e+00,1.684200e-02
2.291600e+00,1.708400e-02
2.310400e+00,1.732700e-02
2.329200e+00,1.757100e-02
2.348000e+00,1.781600e-02
2.366800e+00,1.806200e-02
2.385500e+00,1.830900e-02
2.404300e+00,1.855700e-02
2.423100e+00,1.880600e-02
2.441900e+00,1.905600e-02
2.460700e+00,1.930800e-02
2.479500e+00,1.956000e-02
2.498200e+00,1.981300e-02
2.517000e+00,2.006700e-02
2.535800e+00,2.032200e-02
2.554600e+00,2.057800e-02
2.573400e+00,2.083500e-02
2.592200e+00,2.109300e-02
2.610900e+00,2.135100e-02
2.629700e+00,2.161100e-02
2.648500e+00,2.187100e-02
2.667300e+00,2.213300e-02
2.686100e+00,2.239500e-02
2.704900e+00,2.265800e-02
2.723600e+00,2.292100e-02
2.742400e+00,2.318600e-02
2.761200e+00,2.345100e-02
2.780000e+00,2.371800e-02
2.798800e+00,2.398400e-02
2.817600e+00,2.425200e-02
2.836300e+00,2.452100e-02
2.855100e+00,2.479000e-02
2.873900e+00,2.506000e-02
2.892700e+00,2.533000e-02
2.911500e+00,2.560100e-02
2.930300e+00,2.587300e-02
2.949000e+00,2.614600e-02
2.967800e+00,2.641900e-02
2.986600e+00,2.669300e-02
3.005400e+00,2.696800e-02
3.024200e+00,2.724300e-02
3.043000e+00,2.751900e-02
3.061700e+00,2.779500e-02
3.080500e+00,2.807200e-02
3.099300e+00,2.835000e-02
3.118100e+00,2.862800e-02
3.136900e+00,2.890600e-02
3.155700e+00,2.918600e-02
3.174500e+00,2.946500e-02
3.193200e+00,2.974600e-02
3.212000e+00,3.002600e-02
3.230800e+00,3.030800e-02
3.249600e+00,3.058900e-02
3.268400e+00,3.087200e-02
3.287200e+00,3.115400e-02
3.305900e+00,3.143800e-02
3.324700e+00,3.172100e-02
3.343500e+00,3.200500e-02
3.362300e+00,3.228900e-02
3.381100e+00,3.257400e-02
3.399900e+00,3.285900e-02
3.418600e+00,3.314500e-02
3.437400e+00,3.343100e-02
3.456200e+00,3.371700e-02
3.475000e+00,3.400400e-02
3.493800e+00,3.429100e-02
3.512600e+00,3.457800e-02
3.531300e+00,3.486600e-02
3.550100e+00,3.515400e-02
3.568900e+00,3.544200e-02
3.587700e+00,3.573100e-02
3.606500e+00,3.601900e-02
3.625300e+00,3.630800e-02
3.644000e+00,3.659800e-02
3.662800e+00,3.688700e-02
3.681600e+00,3.717700e-02
3.700400e+00,3.746700e-02
3.719200e+00,3.775700e-02
3.738000e+00,3.804700e-02
3.756700e+00,3.833800e-02
3.775500e+00,3.862900e-02
3.794300e+00,3.892000e-02
3.813100e+00,3.921100e-02
3.831900e+00,3.950200e-02
3.850700e+00,3.979300e-02
3.869400e+00,4.008500e-02
3.888200e+00,4.037600e-02
3.907000e+00,4.066800e-02
3.925800e+00,4.096000e-02
3.944600e+00,4.125100e-02
3.963400e+00,4.154300e-02
3.982200e+00,4.183500e-02
4.000900e+00,4.212700e-02
4.019700e+00,4.241900e-02
4.038500e+00,4.271100e-02
4.057300e+00,4.300400e-02
4.076100e+00,4.329600e-02
4.094900e+00,4.358800e-02
4.113600e+00,4.388000e-02
4.132400e+00,4.417200e-02
4.151200e+00,4.446400e-02
4.170000e+00,4.475600e-02
4.188800e+00,4.504800e-02
4.207600e+00,4.534000e-02
4.226300e+00,4.563200e-02
4.245100e+00,4.592300e-02
4.263900e+00,4.621500e-02
4.282700e+00,4.650700e-02
4.301500e+00,4.679800e-02
4.320300e+00,4.708900e-02
4.339000e+00,4.738100e-02
4.357800e+00,4.767200e-02
4.376600e+00,4.796300e-02
4.395400e+00,4.825300e-02
4.414200e+00,4.854400e-02
4.433000e+00,4.883400e-02
4.451700e+00,4.912500e-02
4.470500e+00,4.941500e-02
4.489300e+00,4.970500e-02
4.508100e+00,4.999400e-02
4.526900e+00,5.028400e-02
4.545700e+00,5.057300e-02
4.564400e+00,5.086200e-02
4.583200e+00,5.115100e-02
4.602000e+00,5.143900e-02
4.620800e+00,5.172700e-02
4.639600e+00,5.201500e-02
4.658400e+00,5.230300e-02
4.677100e+00,5.259000e-02
4.695900e+00,5.287700e-02
4.714700e+00,5.316400e-02
4.733500e+00,5.345000e-02
4.752300e+00,5.373600e-02
4.771100e+00,5.402200e-02
4.789900e+00,5.430700e-02
4.808600e+00,5.459200e-02
4.827400e+00,5.487700e-02
4.846200e+00,5.516100e-02
4.865000e+00,5.544500e-02
4.883800e+00,5.572900e-02
4.902600e+00,5.601200e-02
4.921300e+00,5.629500e-02
4.940100e+00,5.657700e-02
4.958900e+00,5.685900e-02
4.977700e+00,5.714000e-02
4.996500e+00,5.742100e-02
5.015300e+00,5.770200e-02
5.034000e+00,5.798200e-02
5.052800e+00,5.826200e-02
5.071600e+00,5.854100e-02
5.090400e+00,5.881900e-02
5.109200e+00,5.909800e-02
5.128000e+00,5.937500e-02
5.146700e+00,5.965300e-02
5.165500e+00,5.992900e-02
5.184300e+00,6.020500e-02
5.203100e+00,6.048100e-02
5.221900e+00,6.075600e-02
5.240700e+00,6.103100e-02
5.259400e+00,6.130500e-02
5.278200e+00,6.157800e-02
5.297000e+00,6.185100e-02
5.315800e+00,6.212300e-02
5.334600e+00,6.239500e-02
5.353400e+00,6.266600e-02
5.372100e+00,6.293600e-02
5.390900e+00,6.320600e-02
5.409700e+00,6.347600e-02
5.428500e+00,6.374400e-02
5.447300e+00,6.401200e-02
5.466100e+00,6.428000e-02
5.484800e+00,6.454600e-02
5.503600e+00,6.481200e-02
5.522400e+00,6.507800e-02
5.541200e+00,6.534300e-02
5.560000e+00,6.560700e-02
5.578800e+00,6.587000e-02
5.597600e+00,6.613300e-02
5.616300e+00,6.639500e-02
5.635100e+00,6.665600e-02
5.653900e+00,6.691700e-02
5.672700e+00,6.717600e-02
5.691500e+00,6.743600e-02
5.710300e+00,6.769400e-02
5.729000e+00,6.795200e-02
5.747800e+00,6.820900e-02
5.766600e+00,6.846500e-02
5.785400e+00,6.872000e-02
5.804200e+00,6.897500e-02
5.823000e+00,6.922900e-02
5.841700e+00,6.948200e-02
5.860500e+00,6.973400e-02
5.879300e+00,6.998500e-02
5.898100e+00,7.023600e-02
5.916900e+00,7.048600e-02
5.935700e+00,7.073500e-02
5.954400e+00,7.098300e-02
5.973200e+00,7.123100e-02
5.992000e+00,7.147700e-02
6.010800e+00,7.172300e-02
6.029600e+00,7.196800e-02
6.048400e+00,7.221200e-02
6.067100e+00,7.245500e-02
6.085900e+00,7.269700e-02
6.104700e+00,7.293900e-02
6.123500e+00,7.317900e-02
6.142300e+00,7.341900e-02
6.161100e+00,7.365800e-02
6.179800e+00,7.389500e-02
6.198600e+00,7.413200e-02
6.217400e+00,7.436800e-02
6.236200e+00,7.460300e-02
6.255000e+00,7.483800e-02
6.273800e+00,7.507100e-02
6.292600e+00,7.530300e-02
6.311300e+00,7.553500e-02
6.330100e+00,7.576500e-02
6.348900e+00,7.599400e-02
6.367700e+00,7.622300e-02
6.386500e+00,7.645000e-02
6.405300e+00,7.667700e-02
6.424000e+00,7.690300e-02
6.442800e+00,7.712700e-02
6.461600e+00,7.735100e-02
6.480400e+00,7.757400e-02
6.499200e+00,7.779500e-02
6.518000e+00,7.801600e-02
6.536700e+00,7.823500e-02
6.555500e+00,7.845400e-02
6.574300e+00,7.867100e-02
6.593100e+00,7.888800e-02
6.611900e+00,7.910300e-02
6.630700e+00,7.931800e-02
6.649400e+00,7.953100e-02
6.668200e+00,7.974400e-02
6.687000e+00,7.995500e-02
6.705800e+00,8.016500e-02
6.724600e+00,8.037400e-02
6.743400e+00,8.058200e-02
6.762100e+00,8.078900e-02
6.780900e+00,8.099500e-02
6.799700e+00,8.120000e-02
6.818500e+00,8.140400e-02
6.837300e+00,8.160700e-02
6.856100e+00,8.180800e-02
6.874800e+00,8.200900e-02
6.893600e+00,8.220800e-02
6.912400e+00,8.240600e-02
6.931200e+00,8.260300e-02
6.950000e+00,8.279900e-02
6.968800e+00,8.299400e-02
6.987500e+00,8.318800e-02
7.006300e+00,8.338000e-02
7.025100e+00,8.357200e-02
7.043900e+00,8.376200e-02
7.062700e+00,8.395100e-02
7.081500e+00,8.413900e-02
7.100300e+00,8.432600e-02
7.119000e+00,8.451100e-02
7.137800e+00,8.469600e-02
7.156600e+00,8.487900e-02
7.175400e+00,8.506100e-02
7.194200e+00,8.524200e-02
7.213000e+00,8.542100e-02
7.231700e+00,8.560000e-02
7.250500e+00,8.577700e-02
7.269300e+00,8.595300e-02
7.288100e+00,8.612800e-02
7.306900e+00,8.630200e-02
7.325700e+00,8.647400e-02
7.344400e+00,8.664500e-02
7.363200e+00,8.681500e-02
7.382000e+00,8.698400e-02
7.400800e+00,8.715100e-02
7.419600e+00,8.731800e-02
7.438400e+00,8.748300e-02
7.457100e+00,8.764700e-02
7.475900e+00,8.780900e-02
7.494700e+00,8.797000e-02
7.513500e+00,8.813000e-02
7.532300e+00,8.828900e-02
7.551100e+00,8.844700e-02
7.569800e+00,8.860300e-02
7.588600e+00,8.875800e-02
7.607400e+00,8.891100e-02
7.626200e+00,8.906400e-02
7.645000e+00,8.921500e-02
7.663800e+00,8.936500e-02
7.682500e+00,8.951300e-02
7.701300e+00,8.966000e-02
7.720100e+00,8.980600e-02
7.738900e+00,8.995100e-02
7.757700e+00,9.009400e-02
7.776500e+00,9.023600e-02
7.795200e+00,9.037700e-02
7.814000e+00,9.051600e-02
7.832800e+00,9.065400e-02
7.851600e+00,9.079100e-02
7.870400e+00,9.092600e-02
7.889200e+00,9.106000e-02
7.908000e+00,9.119300e-02
7.926700e+00,9.132500e-02
7.945500e+00,9.145500e-02
7.964300e+00,9.158300e-02
7.983100e+00,9.171100e-02
8.001900e+00,9.183700e-02
8.020700e+00,9.196100e-02
8.039400e+00,9.208500e-02
8.058200e+00,9.220700e-02
8.077000e+00,9.232700e-02
8.095800e+00,9.244700e-02
8.114600e+00,9.256500e-02
8.133400e+00,9.268100e-02
8.152100e+00,9.279600e-02
8.170900e+00,9.291000e-02
8.189700e+00,9.302200e-02
8.208500e+00,9.313300e-02
8.227300e+00,9.324300e-02
8.246100e+00,9.335100e-02
8.264800e+00,9.345800e-02
8.283600e+00,9.356400e-02
8.302400e+00,9.366800e-02
8.321200e+00,9.377000e-02
8.340000e+00,9.387200e-02
8.358800e+00,9.397200e-02
8.377500e+00,9.407000e-02
8.396300e+00,9.416700e-02
8.415100e+00,9.426300e-02
8.433900e+00,9.435700e-02
8.452700e+00,9.445000e-02
8.471500e+00,9.454100e-02
8.490200e+00,9.463200e-02
8.509000e+00,9.472000e-02
8.527800e+00,9.480700e-02
8.546600e+00,9.489300e-02
8.565400e+00,9.497800e-02
8.584200e+00,9.506000e-02
8.602900e+00,9.514200e-02
8.621700e+00,9.522200e-02
8.640500e+00,9.530100e-02
8.659300e+00,9.537800e-02
8.678100e+00,9.545400e-02
8.696900e+00,9.552800e-02
8.715700e+00,9.560100e-02
8.734400e+00,9.567200e-02
8.753200e+00,9.574200e-02
8.772000e+00,9.581100e-02
8.790800e+00,9.587800e-02
8.809600e+00,9.594400e-02
8.828400e+00,9.600800e-02
8.847100e+00,9.607100e-02
8.865900e+00,9.613200e-02
8.884700e+00,9.619200e-02
8.903500e+00,9.625100e-02
8.922300e+00,9.630800e-02
8.941100e+00,9.636300e-02
8.959800e+00,9.641800e-02
8.978600e+00,9.647000e-02
8.997400e+00,9.652100e-02
9.016200e+00,9.657100e-02
9.035000e+00,9.661900e-02
9.053800e+00,9.666600e-02
9.072500e+00,9.671100e-02
9.091300e+00,9.675500e-02
9.110100e+00,9.679800e-02
9.128900e+00,9.683900e-02
9.147700e+00,9.687800e-02
9.166500e+00,9.691600e-02
9.185200e+00,9.695300e-02
9.204000e+00,9.698800e-02
9.222800e+00,9.702100e-02
9.241600e+00,9.705400e-02
9.260400e+00,9.708400e-02
9.279200e+00,9.711300e-02
9.297900e+00,9.714100e-02
9.316700e+00,9.716700e-02
9.335500e+00,9.719200e-02
9.354300e+00,9.721500e-02
9.373100e+00,9.723700e-02
9.391900e+00,9.725800e-02
9.410600e+00,9.727600e-02
9.429400e+00,9.729400e-02
9.448200e+00,9.731000e-02
9.467000e+00,9.732400e-02
9.485800e+00,9.733700e-02
9.504600e+00,9.734900e-02
9.523400e+00,9.735900e-02
9.542100e+00,9.736700e-02
9.560900e+00,9.737400e-02
9.579700e+00,9.738000e-02
9.598500e+00,9.738400e-02
9.617300e+00,9.738600e-02
9.636100e+00,9.738700e-02
9.654800e+00,9.738700e-02
9.673600e+00,9.738500e-02
9.692400e+00,9.738200e-02
9.711200e+00,9.737700e-02
9.730000e+00,9.737100e-02
9.748800e+00,9.736300e-02
9.767500e+00,9.735400e-02
9.786300e+00,9.734300e-02
9.805100e+00,9.733100e-02
9.823900e+00,9.731700e-02
9.842700e+00,9.730200e-02
9.861500e+00,9.728500e-02
9.880200e+00,9.726700e-02
9.899000e+00,9.724800e-02
9.917800e+00,9.722700e-02
9.936600e+00,9.720400e-02
9.955400e+00,9.718000e-02
9.974200e+00,9.715400e-02
9.992900e+00,9.712800e-02
1.001200e+01,9.709900e-02
1.003100e+01,9.706900e-02
1.004900e+01,9.703800e-02
1.006800e+01,9.700500e-02
1.008700e+01,9.697100e-02
1.010600e+01,9.693500e-02
1.012400e+01,9.689700e-02
1.014300e+01,9.685900e-02
1.016200e+01,9.681800e-02
1.018100e+01,9.677700e-02
1.020000e+01,9.673400e-02
1.021800e+01,9.668900e-02
1.023700e+01,9.664300e-02
1.025600e+01,9.659500e-02
1.027500e+01,9.654600e-02
1.029300e+01,9.649600e-02
1.031200e+01,9.644400e-02
1.033100e+01,9.639100e-02
1.035000e+01,9.633600e-02
1.036900e+01,9.627900e-02
1.038700e+01,9.622200e-02
1.040600e+01,9.616200e-02
1.042500e+01,9.610200e-02
1.044400e+01,9.604000e-02
1.046300e+01,9.597600e-02
1.048100e+01,9.591100e-02
1.050000e+01,9.584500e-02
1.051900e+01,9.577700e-02
1.053800e+01,9.570700e-02
1.055600e+01,9.563700e-02
1.057500e+01,9.556400e-02
1.059400e+01,9.549100e-02
1.061300e+01,9.541600e-02
1.063200e+01,9.533900e-02
1.065000e+01,9.526100e-02
1.066900e+01,9.518200e-02
1.068800e+01,9.510100e-02
1.070700e+01,9.501900e-02
1.072600e+01,9.493500e-02
1.074400e+01,9.485000e-02
1.076300e+01,9.476300e-02
1.078200e+01,9.467500e-02
1.080100e+01,9.458600e-02
1.081900e+01,9.449500e-02
1.083800e+01,9.440300e-02
1.085700e+01,9.430900e-02
1.087600e+01,9.421400e-02
1.089500e+01,9.411800e-02
1.091300e+01,9.402000e-02
1.093200e+01,9.392100e-02
1.095100e+01,9.382000e-02
1.097000e+01,9.371800e-02
1.098800e+01,9.361500e-02
1.100700e+01,9.351000e-02
1.102600e+01,9.340300e-02
1.104500e+01,9.329600e-02
1.106400e+01,9.318700e-02
1.108200e+01,9.307600e-02
1.110100e+01,9.296500e-02
1.112000e+01,9.285100e-02
1.113900e+01,9.273700e-02
1.115800e+01,9.262100e-02
1.117600e+01,9.250400e-02
1.119500e+01,9.238500e-02
1.121400e+01,9.226500e-02
1.123300e+01,9.214400e-02
1.125100e+01,9.202100e-02
1.127000e+01,9.189700e-02
1.128900e+01,9.177100e-02
1.130800e+01,9.164500e-02
1.132700e+01,9.151600e-02
1.134500e+01,9.138700e-02
1.136400e+01,9.125600e-02
1.138300e+01,9.112400e-02
1.140200e+01,9.099000e-02
1.142100e+01,9.085600e-02
1.143900e+01,9.071900e-02
1.145800e+01,9.058200e-02
1.147700e+01,9.044300e-02
1.149600e+01,9.030300e-02
1.151400e+01,9.016100e-02
1.153300e+01,9.001900e-02
1.155200e+01,8.987500e-02
1.157100e+01,8.972900e-02
1.159000e+01,8.958200e-02
1.160800e+01,8.943500e-02
1.162700e+01,8.928500e-02
1.164600e+01,8.913500e-02
1.166500e+01,8.898300e-02
1.168300e+01,8.883000e-02
1.170200e+01,8.867500e-02
1.172100e+01,8.851900e-02
1.174000e+01,8.836200e-02
1.175900e+01,8.820400e-02
1.177700e+01,8.804400e-02
1.179600e+01,8.788400e-02
1.181500e+01,8.772200e-02
1.183400e+01,8.755800e-02
1.185300e+01,8.739400e-02
1.187100e+01,8.722800e-02
1.189000e+01,8.706100e-02
1.190900e+01,8.689300e-02
1.192800e+01,8.672300e-02
1.194600e+01,8.655200e-02
1.196500e+01,8.638000e-02
1.198400e+01,8.620700e-02
1.200300e+01,8.603300e-02
1.202200e+01,8.585700e-02
1.204000e+01,8.568000e-02
1.205900e+01,8.550200e-02
1.207800e+01,8.532300e-02
1.209700e+01,8.514200e-02
1.211600e+01,8.496000e-02
1.213400e+01,8.477800e-02
1.215300e+01,8.459300e-02
1.217200e+01,8.440800e-02
1.219100e+01,8.422200e-02
1.220900e+01,8.403400e-02
1.222800e+01,8.384600e-02
1.224700e+01,8.365600e-02
1.226600e+01,8.346400e-02
1.228500e+01,8.327200e-02
1.230300e+01,8.307900e-02
1.232200e+01,8.288400e-02
1.234100e+01,8.268900e-02
1.236000e+01,8.249200e-02
1.237800e+01,8.229400e-02
1.239700e+01,8.209500e-02
1.241600e+01,8.189500e-02
1.243500e+01,8.169400e-02
1.245400e+01,8.149100e-02
1.247200e+01,8.128800e-02
1.249100e+01,8.108300e-02
1.251000e+01,8.087700e-02
1.252900e+01,8.067100e-02
1.254800e+01,8.046300e-02
1.256600e+01,8.025400e-02
1.258500e+01,8.004400e-02
1.260400e+01,7.983300e-02
1.262300e+01,7.962100e-02
1.264100e+01,7.940700e-02
1.266000e+01,7.919300e-02
1.267900e+01,7.897800e-02
1.269800e+01,7.876100e-02
1.271700e+01,7.854400e-02
1.273500e+01,7.832600e-02
1.275400e+01,7.810600e-02
1.277300e+01,7.788600e-02
1.279200e+01,7.766400e-02
1.281100e+01,7.744200e-02
1.282900e+01,7.721800e-02
1.284800e+01,7.699400e-02
1.286700e+01,7.676800e-02
1.288600e+01,7.654200e-02
1.290400e+01,7.631400e-02
1.292300e+01,7.608600e-02
1.294200e+01,7.585600e-02
1.296100e+01,7.562600e-02
1.298000e+01,7.539500e-02
1.299800e+01,7.516300e-02
1.301700e+01,7.492900e-02
1.303600e+01,7.469500e-02
1.305500e+01,7.446000e-02
1.307300e+01,7.422400e-02
1.309200e+01,7.398700e-02
1.311100e+01,7.374900e-02
1.313000e+01,7.351100e-02
1.314900e+01,7.327100e-02
1.316700e+01,7.303000e-02
1.318600e+01,7.278900e-02
1.320500e+01,7.254700e-02
1.322400e+01,7.230300e-02
1.324300e+01,7.205900e-02
1.326100e+01,7.181400e-02
1.328000e+01,7.156900e-02
1.329900e+01,7.132200e-02
1.331800e+01,7.107500e-02
1.333600e+01,7.082600e-02
1.335500e+01,7.057700e-02
1.337400e+01,7.032700e-02
1.339300e+01,7.007600e-02
1.341200e+01,6.982500e-02
1.343000e+01,6.957200e-02
1.344900e+01,6.931900e-02
1.346800e+01,6.906500e-02
1.348700e+01,6.881000e-02
1.350600e+01,6.855500e-02
1.352400e+01,6.829800e-02
1.354300e+01,6.804100e-02
1.356200e+01,6.778300e-02
1.358100e+01,6.752500e-02
1.359900e+01,6.726500e-02
1.361800e+01,6.700500e-02
1.363700e+01,6.674500e-02
1.365600e+01,6.648300e-02
1.367500e+01,6.622100e-02
1.369300e+01,6.595800e-02
1.371200e+01,6.569400e-02
1.373100e+01,6.543000e-02
1.375000e+01,6.516500e-02
1.376800e+01,6.489900e-02
1.378700e+01,6.463300e-02
1.380600e+01,6.436600e-02
1.382500e+01,6.409800e-02
1.384400e+01,6.383000e-02
1.386200e+01,6.356100e-02
1.388100e+01,6.329100e-02
1.390000e+01,6.302100e-02
1.391900e+01,6.275000e-02
1.393800e+01,6.247800e-02
1.395600e+01,6.220600e-02
1.397500e+01,6.193400e-02
1.399400e+01,6.166000e-02
1.401300e+01,6.138600e-02
1.403100e+01,6.111200e-02
1.405000e+01,6.083700e-02
1.406900e+01,6.056200e-02
1.408800e+01,6.028500e-02
1.410700e+01,6.000900e-02
1.412500e+01,5.973200e-02
1.414400e+01,5.945400e-02
1.416300e+01,5.917600e-02
1.418200e+01,5.889700e-02
1.420100e+01,5.861800e-02
1.421900e+01,5.833800e-02
1.423800e+01,5.805800e-02
1.425700e+01,5.777700e-02
1.427600e+01,5.749600e-02
1.429400e+01,5.721500e-02
1.431300e+01,5.693200e-02
1.433200e+01,5.665000e-02
1.435100e+01,5.636700e-02
1.437000e+01,5.608400e-02
1.438800e+01,5.580000e-02
1.440700e+01,5.551600e-02
1.442600e+01,5.523100e-02
1.444500e+01,5.494600e-02
1.446300e+01,5.466100e-02
1.448200e+01,5.437500e-02
1.450100e+01,5.408900e-02
1.452000e+01,5.380300e-02
1.453900e+01,5.351600e-02
1.455700e+01,5.322900e-02
1.457600e+01,5.294100e-02
1.459500e+01,5.265300e-02
1.461400e+01,5.236500e-02
1.463300e+01,5.207700e-02
1.465100e+01,5.178800e-02
1.467000e+01,5.149900e-02
1.468900e+01,5.121000e-02
1.470800e+01,5.092000e-02
1.472600e+01,5.063100e-02
1.474500e+01,5.034100e-02
1.476400e+01,5.005000e-02
1.478300e+01,4.976000e-02
1.480200e+01,4.946900e-02
1.482000e+01,4.917800e-02
1.483900e+01,4.888700e-02
1.485800e+01,4.859600e-02
1.487700e+01,4.830400e-02
1.489500e+01,4.801200e-02
1.491400e+01,4.772000e-02
1.493300e+01,4.742800e-02
1.495200e+01,4.713600e-02
1.497100e+01,4.684400e-02
1.498900e+01,4.655100e-02
1.500800e+01,4.625900e-02
1.502700e+01,4.596600e-02
1.504600e+01,4.567300e-02
1.506500e+01,4.538100e-02
1.508300e+01,4.508800e-02
1.510200e+01,4.479400e-02
1.512100e+01,4.450100e-02
1.514000e+01,4.420800e-02
1.515800e+01,4.391500e-02
1.517700e+01,4.362200e-02
1.519600e+01,4.332900e-02
1.521500e+01,4.303500e-02
1.523400e+01,4.274200e-02
1.525200e+01,4.244900e-02
1.527100e+01,4.215500e-02
1.529000e+01,4.186200e-02
1.530900e+01,4.156900e-02
1.532800e+01,4.127600e-02
1.534600e+01,4.098300e-02
1.536500e+01,4.069000e-02
1.538400e+01,4.039700e-02
1.540300e+01,4.010400e-02
1.542100e+01,3.981100e-02
1.544000e+01,3.951900e-02
1.545900e+01,3.922600e-02
1.547800e+01,3.893400e-02
1.549700e+01,3.864200e-02
1.551500e+01,3.834900e-02
1.553400e+01,3.805800e-02
1.555300e+01,3.776600e-02
1.557200e+01,3.747400e-02
1.559000e+01,3.718300e-02
1.560900e+01,3.689200e-02
1.562800e+01,3.660100e-02
1.564700e+01,3.631000e-02
1.566600e+01,3.601900e-02
1.568400e+01,3.572900e-02
1.570300e+01,3.543900e-02
1.572200e+01,3.514900e-02
1.574100e+01,3.486000e-02
1.576000e+01,3.457100e-02
1.577800e+01,3.428200e-02
1.579700e+01,3.399300e-02
1.581600e+01,3.370500e-02
1.583500e+01,3.341700e-02
1.585300e+01,3.312900e-02
1.587200e+01,3.284200e-02
1.589100e+01,3.255500e-02
1.591000e+01,3.226900e-02
1.592900e+01,3.198300e-02
1.594700e+01,3.169700e-02
1.596600e+01,3.141200e-02
1.598500e+01,3.112700e-02
1.600400e+01,3.084300e-02
1.602300e+01,3.055900e-02
1.604100e+01,3.027500e-02
1.606000e+01,2.999200e-02
1.607900e+01,2.971000e-02
1.609800e+01,2.942800e-02
1.611600e+01,2.914600e-02
1.613500e+01,2.886500e-02
1.615400e+01,2.858400e-02
1.617300e+01,2.830400e-02
1.619200e+01,2.802500e-02
1.621000e+01,2.774600e-02
1.622900e+01,2.746800e-02
1.624800e+01,2.719000e-02
1.626700e+01,2.691300e-02
1.628500e+01,2.663600e-02
1.630400e+01,2.636000e-02
1.632300e+01,2.608500e-02
1.634200e+01,2.581000e-02
1.636100e+01,2.553700e-02
1.637900e+01,2.526300e-02
1.639800e+01,2.499100e-02
1.641700e+01,2.471900e-02
1.643600e+01,2.444700e-02
1.645500e+01,2.417700e-02
1.647300e+01,2.390700e-02
1.649200e+01,2.363800e-02
1.651100e+01,2.337000e-02
1.653000e+01,2.310200e-02
1.654800e+01,2.283500e-02
1.656700e+01,2.256900e-02
1.658600e+01,2.230400e-02
1.660500e+01,2.204000e-02
1.662400e+01,2.177600e-02
1.664200e+01,2.151400e-02
1.666100e+01,2.125200e-02
1.668000e+01,2.099100e-02
1.669900e+01,2.073100e-02
1.671800e+01,2.047100e-02
1.673600e+01,2.021300e-02
1.675500e+01,1.995600e-02
1.677400e+01,1.969900e-02
1.679300e+01,1.944400e-02
1.681100e+01,1.918900e-02
1.683000e+01,1.893600e-02
1.684900e+01,1.868300e-02
1.686800e+01,1.843100e-02
1.688700e+01,1.818100e-02
1.690500e+01,1.793100e-02
1.692400e+01,1.768200e-02
1.694300e+01,1.743500e-02
1.696200e+01,1.718800e-02
1.698000e+01,1.694300e-02
1.699900e+01,1.669800e-02
1.701800e+01,1.645500e-02
1.703700e+01,1.621300e-02
1.705600e+01,1.597200e-02
1.707400e+01,1.573200e-02
1.709300e+01,1.549300e-02
1.711200e+01,1.525600e-02
1.713100e+01,1.501900e-02
1.715000e+01,1.478400e-02
1.716800e+01,1.455000e-02
1.718700e+01,1.431700e-02
1.720600e+01,1.408500e-02
1.722500e+01,1.385500e-02
1.724300e+01,1.362600e-02
1.726200e+01,1.339800e-02
1.728100e+01,1.317200e-02
1.730000e+01,1.294600e-02
1.731900e+01,1.272200e-02
1.733700e+01,1.250000e-02
1.735600e+01,1.227800e-02
1.737500e+01,1.205800e-02
1.739400e+01,1.184000e-02
1.741300e+01,1.162200e-02
1.743100e+01,1.140700e-02
1.745000e+01,1.119200e-02
1.746900e+01,1.097900e-02
1.748800e+01,1.076800e-02
1.750600e+01,1.055700e-02
1.752500e+01,1.034900e-02
1.754400e+01,1.014100e-02
1.756300e+01,9.935600e-03
1.758200e+01,9.731400e-03
1.760000e+01,9.528600e-03
1.761900e+01,9.327400e-03
1.763800e+01,9.127700e-03
1.765700e+01,8.929600e-03
1.767500e+01,8.733000e-03
1.769400e+01,8.538000e-03
1.771300e+01,8.344600e-03
1.773200e+01,8.152800e-03
1.775100e+01,7.962600e-03
1.776900e+01,7.774100e-03
1.778800e+01,7.587200e-03
1.780700e+01,7.402000e-03
1.782600e+01,7.218400e-03
1.784500e+01,7.036600e-03
1.786300e+01,6.856400e-03
1.788200e+01,6.678000e-03
1.790100e+01,6.501200e-03
1.792000e+01,6.326300e-03
1.793800e+01,6.153000e-03
1.795700e+01,5.981600e-03
1.797600e+01,5.811900e-03
1.799500e+01,5.644000e-03
1.801400e+01,5.478000e-03
1.803200e+01,5.313700e-03
1.805100e+01,5.151300e-03
1.807000e+01,4.990700e-03
1.808900e+01,4.832000e-03
1.810800e+01,4.675200e-03
1.812600e+01,4.520200e-03
1.814500e+01,4.367100e-03
1.816400e+01,4.216000e-03
1.818300e+01,4.066700e-03
1.820100e+01,3.919300e-03
1.822000e+01,3.773900e-03
1.823900e+01,3.630400e-03
1.825800e+01,3.488900e-03
1.827700e+01,3.349300e-03
1.829500e+01,3.211700e-03
1.831400e+01,3.076000e-03
1.833300e+01,2.942300e-03
1.835200e+01,2.810600e-03
1.837000e+01,2.680800e-03
1.838900e+01,2.553000e-03
1.840800e+01,2.427100e-03
1.842700e+01,2.303200e-03
1.844600e+01,2.181200e-03
1.846400e+01,2.061000e-03
1.848300e+01,1.942800e-03
1.850200e+01,1.826400e-03
1.852100e+01,1.711900e-03
1.854000e+01,1.599000e-03
1.855800e+01,1.487800e-03
1.857700e+01,1.378100e-03
1.859600e+01,1.269900e-03
1.861500e+01,1.162900e-03
1.863300e+01,1.056800e-03
1.865200e+01,9.513500e-04
1.867100e+01,8.459900e-04
1.869000e+01,7.399500e-04
1.870900e+01,6.319600e-04
1.872700e+01,5.198300e-04
1.874600e+01,3.990100e-04
1.876500e+01,2.573900e-04
1.878400e+01,0.000000e+00
