# 15O spectrum, Bahcall, http://www.sns.ias.edu/~jnb/SNdata/Export/CNOspectra/o15.dat
# neutrino energy [MeV], spectral shape (arbitrary normalisation)
E,pdf
0.000000e+00,0.000000e+00
3.464000e-03,4.064600e-05
6.928000e-03,1.620600e-04
1.039200e-02,3.634800e-04
1.385600e-02,6.441200e-04
1.732000e-02,1.003200e-03
2.078400e-02,1.440000e-03
2.424800e-02,1.953700e-03
2.771200e-02,2.543600e-03
3.117600e-02,3.208800e-03
3.464000e-02,3.948700e-03
3.810400e-02,4.762500e-03
4.156800e-02,5.649400e-03
4.503200e-02,6.608700e-03
4.849600e-02,7.639600e-03
5.196000e-02,8.741300e-03
5.542400e-02,9.913300e-03
5.888800e-02,1.115500e-02
6.235200e-02,1.246500e-02
6.581600e-02,1.384200e-02
6.928000e-02,1.528800e-02
7.274400e-02,1.679900e-02
7.620800e-02,1.837600e-02
7.967200e-02,2.001900e-02
8.313600e-02,2.172500e-02
8.660000e-02,2.349500e-02
9.006400e-02,2.532800e-02
9.352800e-02,2.722300e-02
9.699200e-02,2.917900e-02
1.004600e-01,3.119600e-02
1.039200e-01,3.327300e-02
1.073800e-01,3.541000e-02
1.108500e-01,3.760500e-02
1.143100e-01,3.985700e-02
1.177800e-01,4.216700e-02
1.212400e-01,4.453300e-02
1.247000e-01,4.695600e-02
1.281700e-01,4.943300e-02
1.316300e-01,5.196400e-02
1.351000e-01,5.454900e-02
1.385600e-01,5.718800e-02
1.420200e-01,5.987800e-02
1.454900e-01,6.262000e-02
1.489500e-01,6.541300e-02
1.524200e-01,6.825700e-02
1.558800e-01,7.114900e-02
1.593400e-01,7.409100e-02
1.628100e-01,7.708100e-02
1.662700e-01,8.011900e-02
1.697400e-01,8.320400e-02
1.732000e-01,8.633400e-02
1.766600e-01,8.951100e-02
1.801300e-01,9.273200e-02
1.835900e-01,9.599800e-02
1.870600e-01,9.930700e-02
1.905200e-01,1.026600e-01
1.939800e-01,1.060500e-01
1.974500e-01,1.094900e-01
2.009100e-01,1.129700e-01
2.043800e-01,1.164900e-01
2.078400e-01,1.200400e-01
2.113000e-01,1.236400e-01
2.147700e-01,1.272800e-01
2.182300e-01,1.309500e-01
2.217000e-01,1.346600e-01
2.251600e-01,1.384100e-01
2.286200e-01,1.421900e-01
2.320900e-01,1.460100e-01
2.355500e-01,1.498600e-01
2.390200e-01,1.537500e-01
2.424800e-01,1.576700e-01
2.459400e-01,1.616200e-01
2.494100e-01,1.656100e-01
2.528700e-01,1.696200e-01
2.563400e-01,1.736700e-01
2.598000e-01,1.777500e-01
2.632600e-01,1.818600e-01
2.667300e-01,1.860000e-01
2.701900e-01,1.901600e-01
2.736600e-01,1.943600e-01
2.771200e-01,1.985800e-01
2.805800e-01,2.028300e-01
2.840500e-01,2.071100e-01
2.875100e-01,2.114100e-01
2.909800e-01,2.157300e-01
2.944400e-01,2.200900e-01
2.979000e-01,2.244600e-01
3.013700e-01,2.288600e-01
3.048300e-01,2.332800e-01
3.083000e-01,2.377200e-01
3.117600e-01,2.421900e-01
3.152200e-01,2.466800e-01
3.186900e-01,2.511800e-01
3.221500e-01,2.557100e-01
3.256200e-01,2.602600e-01
3.290800e-01,2.648200e-01
3.325400e-01,2.694100e-01
3.360100e-01,2.740100e-01
3.394700e-01,2.786300e-01
3.429400e-01,2.832600e-01
3.464000e-01,2.879100e-01
3.498600e-01,2.925800e-01
3.533300e-01,2.972600e-01
3.567900e-01,3.019600e-01
3.602600e-01,3.066700e-01
3.637200e-01,3.114000e-01
3.671800e-01,3.161300e-01
3.706500e-01,3.208800e-01
3.741100e-01,3.256400e-01
3.775800e-01,3.304200e-01
3.810400e-01,3.352000e-01
3.845000e-01,3.400000e-01
3.879700e-01,3.448000e-01
3.914300e-01,3.496100e-01
3.949000e-01,3.544400e-01
3.983600e-01,3.592700e-01
4.018200e-01,3.641100e-01
4.052900e-01,3.689500e-01
4.087500e-01,3.738000e-01
4.122200e-01,3.786600e-01
4.156800e-01,3.835300e-01
4.191400e-01,3.884000e-01
4.226100e-01,3.932700e-01
4.260700e-01,3.981500e-01
4.295400e-01,4.030400e-01
4.330000e-01,4.079200e-01
4.364600e-01,4.128100e-01
4.399300e-01,4.177000e-01
4.433900e-01,4.226000e-01
4.468600e-01,4.274900e-01
4.503200e-01,4.323900e-01
4.537800e-01,4.372800e-01
4.572500e-01,4.421800e-01
4.607100e-01,4.470800e-01
4.641800e-01,4.519700e-01
4.676400e-01,4.568700e-01
4.711000e-01,4.617600e-01
4.745700e-01,4.666500e-01
4.780300e-01,4.715400e-01
4.815000e-01,4.764200e-01
4.849600e-01,4.813000e-01
4.884200e-01,4.861800e-01
4.918900e-01,4.910500e-01
4.953500e-01,4.959200e-01
4.988200e-01,5.007800e-01
5.022800e-01,5.056400e-01
5.057400e-01,5.104900e-01
5.092100e-01,5.153300e-01
5.126700e-01,5.201600e-01
5.161400e-01,5.249900e-01
5.196000e-01,5.298100e-01
5.230600e-01,5.346300e-01
5.265300e-01,5.394300e-01
5.299900e-01,5.442200e-01
5.334600e-01,5.490100e-01
5.369200e-01,5.537800e-01
5.403800e-01,5.585500e-01
5.438500e-01,5.633000e-01
5.473100e-01,5.680400e-01
5.507800e-01,5.727700e-01
5.542400e-01,5.774900e-01
5.577000e-01,5.822000e-01
5.611700e-01,5.868900e-01
5.646300e-01,5.915700e-01
5.681000e-01,5.962400e-01
5.715600e-01,6.008900e-01
5.750200e-01,6.055300e-01
5.784900e-01,6.101500e-01
5.819500e-01,6.147600e-01
5.854200e-01,6.193500e-01
5.888800e-01,6.239300e-01
5.923400e-01,6.284900e-01
5.958100e-01,6.330300e-01
5.992700e-01,6.375600e-01
6.027400e-01,6.420700e-01
6.062000e-01,6.465600e-01
6.096600e-01,6.510300e-01
6.131300e-01,6.554900e-01
6.165900e-01,6.599200e-01
6.200600e-01,6.643400e-01
6.235200e-01,6.687400e-01
6.269800e-01,6.731100e-01
6.304500e-01,6.774700e-01
6.339100e-01,6.818100e-01
6.373800e-01,6.861200e-01
6.408400e-01,6.904200e-01
6.443000e-01,6.946900e-01
6.477700e-01,6.989400e-01
6.512300e-01,7.031700e-01
6.547000e-01,7.073700e-01
6.581600e-01,7.115600e-01
6.616200e-01,7.157200e-01
6.650900e-01,7.198500e-01
6.685500e-01,7.239600e-01
6.720200e-01,7.280500e-01
6.754800e-01,7.321200e-01
6.789400e-01,7.361500e-01
6.824100e-01,7.401700e-01
6.858700e-01,7.441500e-01
6.893400e-01,7.481200e-01
6.928000e-01,7.520500e-01
6.962600e-01,7.559600e-01
6.997300e-01,7.598400e-01
7.031900e-01,7.637000e-01
7.066600e-01,7.675300e-01
7.101200e-01,7.713300e-01
7.135800e-01,7.751000e-01
7.170500e-01,7.788500e-01
7.205100e-01,7.825600e-01
7.239800e-01,7.862500e-01
7.274400e-01,7.899100e-01
7.309000e-01,7.935400e-01
7.343700e-01,7.971400e-01
7.378300e-01,8.007100e-01
7.413000e-01,8.042500e-01
7.447600e-01,8.077600e-01
7.482200e-01,8.112400e-01
7.516900e-01,8.146900e-01
7.551500e-01,8.181000e-01
7.586200e-01,8.214900e-01
7.620800e-01,8.248400e-01
7.655400e-01,8.281600e-01
7.690100e-01,8.314500e-01
7.724700e-01,8.347100e-01
7.759400e-01,8.379300e-01
7.794000e-01,8.411200e-01
7.828600e-01,8.442800e-01
7.863300e-01,8.474100e-01
7.897900e-01,8.505000e-01
7.932600e-01,8.535500e-01
7.967200e-01,8.565800e-01
8.001800e-01,8.595600e-01
8.036500e-01,8.625200e-01
8.071100e-01,8.654400e-01
8.105800e-01,8.683200e-01
8.140400e-01,8.711700e-01
8.175000e-01,8.739800e-01
8.209700e-01,8.767600e-01
8.244300e-01,8.795000e-01
8.279000e-01,8.822100e-01
8.313600e-01,8.848800e-01
8.348200e-01,8.875100e-01
8.382900e-01,8.901000e-01
8.417500e-01,8.926600e-01
8.452200e-01,8.951800e-01
8.486800e-01,8.976700e-01
8.521400e-01,9.001100e-01
8.556100e-01,9.025200e-01
8.590700e-01,9.048900e-01
8.625400e-01,9.072200e-01
8.660000e-01,9.095200e-01
8.694600e-01,9.117700e-01
8.729300e-01,9.139900e-01
8.763900e-01,9.161700e-01
8.798600e-01,9.183100e-01
8.833200e-01,9.204100e-01
8.867800e-01,9.224700e-01
8.902500e-01,9.244900e-01
8.937100e-01,9.264700e-01
8.971800e-01,9.284100e-01
9.006400e-01,9.303100e-01
9.041000e-01,9.321700e-01
9.075700e-01,9.339900e-01
9.110300e-01,9.357700e-01
9.145000e-01,9.375100e-01
9.179600e-01,9.392100e-01
9.214200e-01,9.408600e-01
9.248900e-01,9.424800e-01
9.283500e-01,9.440500e-01
9.318200e-01,9.455800e-01
9.352800e-01,9.470800e-01
9.387400e-01,9.485200e-01
9.422100e-01,9.499300e-01
9.456700e-01,9.513000e-01
9.491400e-01,9.526200e-01
9.526000e-01,9.539000e-01
9.560600e-01,9.551400e-01
9.595300e-01,9.563300e-01
9.629900e-01,9.574900e-01
9.664600e-01,9.586000e-01
9.699200e-01,9.596700e-01
9.733800e-01,9.606900e-01
9.768500e-01,9.616700e-01
9.803100e-01,9.626100e-01
9.837800e-01,9.635000e-01
9.872400e-01,9.643500e-01
9.907000e-01,9.651600e-01
9.941700e-01,9.659200e-01
9.976300e-01,9.666400e-01
1.001100e+00,9.673200e-01
1.004600e+00,9.679500e-01
1.008000e+00,9.685400e-01
1.011500e+00,9.690800e-01
1.015000e+00,9.695800e-01
1.018400e+00,9.700400e-01
1.021900e+00,9.704500e-01
1.025300e+00,9.708100e-01
1.028800e+00,9.711400e-01
1.032300e+00,9.714100e-01
1.035700e+00,9.716400e-01
1.039200e+00,9.718300e-01
1.042700e+00,9.719700e-01
1.046100e+00,9.720700e-01
1.049600e+00,9.721200e-01
1.053100e+00,9.721300e-01
1.056500e+00,9.720900e-01
1.060000e+00,9.720100e-01
1.063400e+00,9.718800e-01
1.066900e+00,9.717000e-01
1.070400e+00,9.714800e-01
1.073800e+00,9.712200e-01
1.077300e+00,9.709100e-01
1.080800e+00,9.705500e-01
1.084200e+00,9.701500e-01
1.087700e+00,9.697000e-01
1.091200e+00,9.692100e-01
1.094600e+00,9.686700e-01
1.098100e+00,9.680800e-01
1.101600e+00,9.674500e-01
1.105000e+00,9.667800e-01
1.108500e+00,9.660500e-01
1.111900e+00,9.652800e-01
1.115400e+00,9.644700e-01
1.118900e+00,9.636100e-01
1.122300e+00,9.627000e-01
1.125800e+00,9.617500e-01
1.129300e+00,9.607500e-01
1.132700e+00,9.597100e-01
1.136200e+00,9.586200e-01
1.139700e+00,9.574800e-01
1.143100e+00,9.563000e-01
1.146600e+00,9.550700e-01
1.150000e+00,9.537900e-01
1.153500e+00,9.524700e-01
1.157000e+00,9.511000e-01
1.160400e+00,9.496900e-01
1.163900e+00,9.482300e-01
1.167400e+00,9.467200e-01
1.170800e+00,9.451700e-01
1.174300e+00,9.435700e-01
1.177800e+00,9.419200e-01
1.181200e+00,9.402300e-01
1.184700e+00,9.384900e-01
1.188200e+00,9.367100e-01
1.191600e+00,9.348800e-01
1.195100e+00,9.330000e-01
1.198500e+00,9.310800e-01
1.202000e+00,9.291100e-01
1.205500e+00,9.271000e-01
1.208900e+00,9.250400e-01
1.212400e+00,9.229300e-01
1.215900e+00,9.207800e-01
1.219300e+00,9.185800e-01
1.222800e+00,9.163400e-01
1.226300e+00,9.140500e-01
1.229700e+00,9.117100e-01
1.233200e+00,9.093300e-01
1.236600e+00,9.069000e-01
1.240100e+00,9.044200e-01
1.243600e+00,9.019000e-01
1.247000e+00,8.993400e-01
1.250500e+00,8.967300e-01
1.254000e+00,8.940700e-01
1.257400e+00,8.913700e-01
1.260900e+00,8.886200e-01
1.264400e+00,8.858300e-01
1.267800e+00,8.829900e-01
1.271300e+00,8.801000e-01
1.274800e+00,8.771700e-01
1.278200e+00,8.742000e-01
1.281700e+00,8.711800e-01
1.285100e+00,8.681100e-01
1.288600e+00,8.650000e-01
1.292100e+00,8.618400e-01
1.295500e+00,8.586400e-01
1.299000e+00,8.553900e-01
1.302500e+00,8.521000e-01
1.305900e+00,8.487600e-01
1.309400e+00,8.453800e-01
1.312900e+00,8.419500e-01
1.316300e+00,8.384800e-01
1.319800e+00,8.349700e-01
1.323200e+00,8.314100e-01
1.326700e+00,8.278000e-01
1.330200e+00,8.241500e-01
1.333600e+00,8.204500e-01
1.337100e+00,8.167100e-01
1.340600e+00,8.129300e-01
1.344000e+00,8.091000e-01
1.347500e+00,8.052300e-01
1.351000e+00,8.013100e-01
1.354400e+00,7.973500e-01
1.357900e+00,7.933500e-01
1.361400e+00,7.893000e-01
1.364800e+00,7.852000e-01
1.368300e+00,7.810600e-01
1.371700e+00,7.768800e-01
1.375200e+00,7.726600e-01
1.378700e+00,7.683900e-01
1.382100e+00,7.640700e-01
1.385600e+00,7.597200e-01
1.389100e+00,7.553100e-01
1.392500e+00,7.508700e-01
1.396000e+00,7.463800e-01
1.399500e+00,7.418500e-01
1.402900e+00,7.372700e-01
1.406400e+00,7.326500e-01
1.409800e+00,7.279900e-01
1.413300e+00,7.232800e-01
1.416800e+00,7.185300e-01
1.420200e+00,7.137400e-01
1.423700e+00,7.089000e-01
1.427200e+00,7.040200e-01
1.430600e+00,6.990900e-01
1.434100e+00,6.941200e-01
1.437600e+00,6.891100e-01
1.441000e+00,6.840600e-01
1.444500e+00,6.789600e-01
1.448000e+00,6.738200e-01
1.451400e+00,6.686300e-01
1.454900e+00,6.634000e-01
1.458300e+00,6.581200e-01
1.461800e+00,6.528100e-01
1.465300e+00,6.474500e-01
1.468700e+00,6.420400e-01
1.472200e+00,6.365900e-01
1.475700e+00,6.311000e-01
1.479100e+00,6.255600e-01
1.482600e+00,6.199800e-01
1.486100e+00,6.143500e-01
1.489500e+00,6.086800e-01
1.493000e+00,6.029600e-01
1.496400e+00,5.972000e-01
1.499900e+00,5.913900e-01
1.503400e+00,5.855400e-01
1.506800e+00,5.796400e-01
1.510300e+00,5.737000e-01
1.513800e+00,5.677100e-01
1.517200e+00,5.616700e-01
1.520700e+00,5.555900e-01
1.524200e+00,5.494600e-01
1.527600e+00,5.432800e-01
1.531100e+00,5.370600e-01
1.534600e+00,5.307800e-01
1.538000e+00,5.244600e-01
1.541500e+00,5.180900e-01
1.544900e+00,5.116700e-01
1.548400e+00,5.051900e-01
1.551900e+00,4.986700e-01
1.555300e+00,4.921000e-01
1.558800e+00,4.854700e-01
1.562300e+00,4.787900e-01
1.565700e+00,4.720600e-01
1.569200e+00,4.652700e-01
1.572700e+00,4.584200e-01
1.576100e+00,4.515200e-01
1.579600e+00,4.445600e-01
1.583000e+00,4.375500e-01
1.586500e+00,4.304700e-01
1.590000e+00,4.233300e-01
1.593400e+00,4.161200e-01
1.596900e+00,4.088500e-01
1.600400e+00,4.015200e-01
1.603800e+00,3.941100e-01
1.607300e+00,3.866400e-01
1.610800e+00,3.790900e-01
1.614200e+00,3.714700e-01
1.617700e+00,3.637700e-01
1.621200e+00,3.559800e-01
1.624600e+00,3.481200e-01
1.628100e+00,3.401600e-01
1.631500e+00,3.321200e-01
1.635000e+00,3.239800e-01
1.638500e+00,3.157400e-01
1.641900e+00,3.073900e-01
1.645400e+00,2.989400e-01
1.648900e+00,2.903600e-01
1.652300e+00,2.816700e-01
1.655800e+00,2.728400e-01
1.659300e+00,2.638700e-01
1.662700e+00,2.547500e-01
1.666200e+00,2.454800e-01
1.669600e+00,2.360200e-01
1.673100e+00,2.263900e-01
1.676600e+00,2.165500e-01
1.680000e+00,2.064800e-01
1.683500e+00,1.961800e-01
1.687000e+00,1.856000e-01
1.690400e+00,1.747300e-01
1.693900e+00,1.635200e-01
1.697400e+00,1.519300e-01
1.700800e+00,1.399000e-01
1.704300e+00,1.273800e-01
1.707800e+00,1.142600e-01
1.711200e+00,1.004500e-01
1.714700e+00,8.579600e-02
1.718100e+00,7.009500e-02
1.721600e+00,5.307600e-02
1.725100e+00,3.440100e-02
1.728500e+00,1.403300e-02
1.732000e+00,0.000000e+00
