# 71Ga neutrino absorption cross section [1e-46 cm^2], best estimate and -/+3 sigma; Bahcall, Phys. Rev. C 56, 3391 (1997)
# http://www.sns.ias.edu/~jnb/SNdata/Export/Galliumcross/galliumcrosstabs
E,sigma,sigma_minus3,sigma_plus3
0.2400,1.3100e+01,1.2240e+01,1.3950e+01
0.2500,1.3570e+01,1.2680e+01,1.4460e+01
0.2750,1.4990e+01,1.4000e+01,1.5980e+01
0.3000,1.6620e+01,1.5510e+01,1.7720e+01
0.3250,1.8360e+01,1.7140e+01,1.9580e+01
0.3500,2.0180e+01,1.8840e+01,2.1530e+01
0.3750,2.2080e+01,2.0600e+01,2.3570e+01
0.4000,2.4060e+01,2.2440e+01,2.5670e+01
0.4250,2.6480e+01,2.4650e+01,3.1010e+01
0.4500,2.8620e+01,2.6640e+01,3.3620e+01
0.5000,3.3140e+01,3.0830e+01,3.9210e+01
0.6000,4.3000e+01,3.9960e+01,5.1540e+01
0.7000,5.3970e+01,5.0110e+01,6.5340e+01
0.8000,6.8480e+01,6.2450e+01,8.2610e+01
0.9000,8.2760e+01,7.5050e+01,1.0310e+02
1.0000,9.8300e+01,8.8680e+01,1.2580e+02
1.1000,1.2260e+02,1.0760e+02,1.6580e+02
1.2000,1.4400e+02,1.2510e+02,1.9960e+02
1.3000,1.6720e+02,1.4390e+02,2.3660e+02
1.4000,1.9210e+02,1.6400e+02,2.7680e+02
1.5000,2.2430e+02,1.8820e+02,3.3110e+02
1.6000,2.5530e+02,2.1220e+02,3.8290e+02
1.7000,2.8860e+02,2.3780e+02,4.3900e+02
1.7500,3.0610e+02,2.5110e+02,4.6850e+02
2.0000,3.9720e+02,3.1620e+02,6.3360e+02
2.5000,6.4930e+02,4.9710e+02,1.0730e+03
3.0000,9.9050e+02,7.3180e+02,1.6880e+03
3.5000,1.4640e+03,1.0410e+03,2.5590e+03
4.0000,2.1290e+03,1.4560e+03,3.8080e+03
4.5000,3.0740e+03,2.0170e+03,5.6090e+03
5.0000,4.3800e+03,2.7660e+03,8.1270e+03
5.5000,6.1330e+03,3.7440e+03,1.1530e+04
6.0000,8.4340e+03,5.0010e+03,1.6030e+04
6.5000,1.1440e+04,6.6150e+03,2.1940e+04
7.0000,1.5300e+04,8.6580e+03,2.9540e+04
7.5000,2.0090e+04,1.1170e+04,3.9000e+04
8.0000,2.5760e+04,1.4120e+04,5.0220e+04
8.5000,3.2300e+04,1.7520e+04,6.3160e+04
9.0000,3.9680e+04,2.1360e+04,7.7790e+04
9.5000,4.7970e+04,2.5660e+04,9.4220e+04
10.0000,5.7100e+04,3.0400e+04,1.1230e+05
10.5000,6.7050e+04,3.5410e+04,1.3210e+05
11.0000,7.7810e+04,4.0820e+04,1.5360e+05
11.5000,8.9370e+04,4.6570e+04,1.7660e+05
12.0000,1.0170e+05,5.2640e+04,2.0130e+05
12.5000,1.1480e+05,5.9020e+04,2.2750e+05
13.0000,1.2870e+05,6.5680e+04,2.5520e+05
13.5000,1.4320e+05,7.2600e+04,2.8450e+05
14.0000,1.5850e+05,7.9730e+04,3.1520e+05
14.5000,1.7450e+05,8.7060e+04,3.4740e+05
15.0000,1.9120e+05,9.4550e+04,3.8110e+05
15.5000,2.0850e+05,1.0220e+05,4.1610e+05
16.0000,2.2640e+05,1.0980e+05,4.5260e+05
18.0000,3.0400e+05,1.4060e+05,6.1170e+05
20.0000,3.8990e+05,1.6890e+05,7.9100e+05
22.5000,5.0640e+05,1.9550e+05,1.0410e+06
25.0000,6.2960e+05,2.0560e+05,1.3170e+06
30.0000,8.7890e+05,1.4840e+05,1.9300e+06
