# Super-Kamiokande II, 791 days: ES rates [events/kton/year] per recoil total-energy bin (7.0-7.5 MeV: all only); Cravens et al., PRD 78, 032002 (2008), arXiv:0803.4312; stat. errors symmetrised
# expected (MC) rates for BP2004 fluxes (8B 5.79e6, hep 7.88e3 /cm2/s); uncorrelated systematics from the stat+syst errors of the SK-IV paper (arXiv:2312.12907) appendix after subtracting statistics
# zenith: all, day (cos theta_z <= 0) or night bin [cz_lo, cz_hi] in cos theta_z (SK convention: z axis vs Sun-to-detector vector, night > 0)
E_lo,E_hi,zenith,cz_lo,cz_hi,rate,stat,mc_b8,mc_hep,syst_uncorr_percent
7.0,7.5,all,-1,1,43.7,5.15,112.4,0.257,3.021
7.5,8.0,day,-1,0,36.4,5.0,99.1,0.245,3.021
7.5,8.0,night,0,1,43.6,5.1,99.1,0.245,3.021
8.0,8.5,day,-1,0,34.4,3.45,85.9,0.231,3.662
8.0,8.5,night,0,1,35.5,3.45,85.9,0.231,3.662
8.5,9.0,day,-1,0,27.0,2.75,73.5,0.215,3.789
8.5,9.0,night,0,1,33.0,2.75,73.5,0.215,3.789
9.0,9.5,day,-1,0,23.9,2.25,61.4,0.198,3.807
9.0,9.5,night,0,1,25.0,2.25,61.4,0.198,3.807
9.5,10.0,day,-1,0,20.7,1.95,50.3,0.181,3.997
9.5,10.0,night,0,1,23.3,1.95,50.3,0.181,3.997
10.0,10.5,day,-1,0,15.4,1.65,40.7,0.163,3.597
10.0,10.5,night,0,1,17.6,1.65,40.7,0.163,3.597
10.5,11.0,day,-1,0,13.5,1.45,32.1,0.145,4.171
10.5,11.0,night,0,1,14.2,1.45,32.1,0.145,4.171
11.0,11.5,day,-1,0,11.3,1.25,25.3,0.129,4.024
11.0,11.5,night,0,1,9.4,1.15,25.3,0.129,4.024
11.5,12.0,day,-1,0,7.11,0.95,19.51,0.113,4.219
11.5,12.0,night,0,1,8.96,0.985,19.51,0.113,4.219
12.0,12.5,day,-1,0,6.82,0.8899999999999999,14.67,0.098,4.041
12.0,12.5,night,0,1,5.79,0.815,14.67,0.098,4.041
12.5,13.0,day,-1,0,4.18,0.6799999999999999,10.96,0.084,3.856
12.5,13.0,night,0,1,3.97,0.655,10.96,0.084,3.856
13.0,13.5,day,-1,0,2.95,0.575,7.91,0.071,4.456
13.0,13.5,night,0,1,3.66,0.5700000000000001,7.91,0.071,4.456
13.5,14.0,day,-1,0,2.95,0.5249999999999999,5.74,0.06,2.926
13.5,14.0,night,0,1,1.59,0.395,5.74,0.06,2.926
14.0,15.0,day,-1,0,2.99,0.5549999999999999,6.9,0.091,5.731
14.0,15.0,night,0,1,2.58,0.49,6.9,0.091,5.731
15.0,16.0,day,-1,0,1.37,0.37,3.41,0.063,4.451
15.0,16.0,night,0,1,2.08,0.41000000000000003,3.41,0.063,4.451
16.0,20.0,day,-1,0,1.11,0.325,2.52,0.089,3.021
16.0,20.0,night,0,1,1.6,0.355,2.52,0.089,3.021
