# Borexino Phase I, 7Be analysis (PRL 107, 141302 (2011), arXiv:1104.1816), Fig. 1 top: MC-based fit, 270-1600 keV,
# extracted from the vector graphics. Units: events / (1000 keV x ton x day); 10 keV bins. err_lo/err_hi: error bars.
# total = Borexino fit; components are summed over the drawn curves of each colour (pp_pep_cno: the three fixed curves);
# 0 = below the plotted range (1e-2).
energy_keV,data,err_lo,err_hi,total,Be7,Kr85,Bi210,C11,Po210,ext,pp_pep_cno
275.16,2.2058,0.06323,0.06328,2.074,0.62779,0.61363,0.58048,0,0,0,0.087456
285.16,2.0488,0.06093,0.06099,1.9794,0.6264,0.60204,0.56005,0,0,0,0.086534
295.16,1.9481,0.0594,0.05943,1.9331,0.61519,0.60152,0.55575,0,0,0,0.086262
305.16,1.8252,0.05751,0.0575,1.919,0.6161,0.59446,0.55175,0,0.023519,0,0.085391
315.16,1.8841,0.05841,0.05845,1.9545,0.61372,0.59596,0.54318,0,0.10657,0,0.083933
325.16,2.0494,0.06095,0.06095,2.1455,0.61084,0.59509,0.52604,0,0.29167,0,0.083699
335.16,2.5445,0.06794,0.06786,2.5638,0.61407,0.58656,0.52224,0,0.87317,0,0.081786
345.16,3.7072,0.08189,0.08207,3.669,0.61355,0.57572,0.50993,0,2.465,0,0.082605
355.15,6.3383,0.1072,0.1071,6.1347,0.61833,0.56411,0.50662,0,4.9797,0,0.081372
365.15,10.583,0.1384,0.1384,10.763,0.62309,0.56609,0.49766,0,10.49,0,0.081149
375.15,19.014,0.1852,0.1859,18.61,0.61273,0.54912,0.48723,0,19.227,0,0.083256
385.15,30.437,0.2347,0.2348,29.577,0.61523,0.53364,0.4751,0,31.77,0,0.079114
395.15,43.987,0.2824,0.2818,43.449,0.61504,0.52372,0.46625,0,46.101,0,0.078445
405.15,58.638,0.3266,0.3268,58.779,0.61867,0.51639,0.45761,0,62.022,0,0.079319
415.15,71.001,0.3583,0.3601,71.157,0.61934,0.50691,0.44617,0,73.346,0,0.078909
425.15,77.152,0.3724,0.3742,77.316,0.61294,0.48916,0.43482,0,75.863,0,0.076716
435.15,75.404,0.3702,0.3699,75.59,0.61256,0.4731,0.43527,0,72.714,0,0.074547
445.15,68.766,0.3527,0.3545,68.939,0.6089,0.45934,0.42134,0,66.452,0,0.074813
455.15,54.485,0.3139,0.3142,54.644,0.61382,0.44538,0.40979,0,49.718,0,0.074476
465.15,41.117,0.273,0.2726,41.31,0.61236,0.41826,0.3992,0,38.436,0,0.073828
475.15,27.982,0.2258,0.2252,28.183,0.61106,0.40615,0.39332,0,24.661,0,0.071722
485.15,17.98,0.1805,0.1803,18.189,0.61015,0.38363,0.38473,0,14.046,0,0.071331
495.15,10.809,0.1398,0.1399,11.025,0.60808,0.36049,0.37608,0,8.6965,0,0.069974
505.15,6.3315,0.1071,0.1071,6.5196,0.60989,0.3395,0.36435,0,4.5617,0,0.070049
515.15,3.7299,0.08229,0.08215,3.9129,0.6088,0.31577,0.35605,0,2.1829,0,0.068767
525.15,2.4626,0.06682,0.06679,2.6226,0.60394,0.29426,0.33913,0,1.0107,0,0.067423
535.15,1.7629,0.05649,0.05655,1.8355,0.60801,0.26747,0.33303,0,0.36889,0,0.066128
545.15,1.4518,0.05129,0.0513,1.4737,0.60549,0.24185,0.31822,0,0.12376,0,0.065508
555.14,1.2512,0.04764,0.04762,1.3299,0.60467,0.2199,0.31494,0,0.040212,0,0.063473
565.14,1.1516,0.04568,0.04568,1.2435,0.5985,0.20234,0.30275,0,0.011584,0,0.063861
575.14,1.1783,0.04624,0.0462,1.1845,0.59303,0.17639,0.29671,0,0,0,0.061226
585.14,1.1862,0.04639,0.04637,1.1419,0.59027,0.15496,0.28937,0,0,0,0.061883
595.14,1.1301,0.04525,0.04525,1.0954,0.59358,0.1345,0.27931,0,0,0,0.060547
605.14,1.018,0.04297,0.04296,1.0418,0.56551,0.1154,0.26698,0,0,0,0.059411
615.14,0.9661,0.04185,0.04185,0.9822,0.54014,0.094558,0.25592,0,0,0,0.058651
625.14,0.93333,0.04113,0.04113,0.92672,0.51229,0.078541,0.24926,0,0,0,0.057483
635.14,0.91598,0.04075,0.04074,0.86802,0.47687,0.062988,0.24443,0,0,0,0.056517
645.14,0.82861,0.03876,0.03875,0.8,0.42999,0.051738,0.23785,0,0,0,0.056108
655.14,0.7339,0.03648,0.03647,0.72265,0.372,0.039291,0.23196,0,0,0,0.05489
665.14,0.63426,0.03392,0.03389,0.63757,0.31439,0.030013,0.21631,0,0,0,0.053851
675.14,0.59822,0.03293,0.03293,0.56496,0.25864,0.021699,0.20877,0,0,0,0.052142
685.14,0.50193,0.03015,0.03016,0.49162,0.19995,0.016293,0.20058,0,0,0,0.051933
695.14,0.44438,0.02838,0.02838,0.42924,0.14992,0.011479,0.19539,0,0,0,0.051239
705.14,0.38896,0.02655,0.02656,0.3704,0.10606,0,0.18691,0,0,0,0.050124
715.14,0.29572,0.02315,0.02316,0.32212,0.073491,0,0.17278,0,0,0,0.050041
725.14,0.27699,0.02241,0.0224,0.28445,0.048727,0,0.16421,0,0,0,0.047903
735.14,0.2553,0.02151,0.02151,0.25658,0.030323,0,0.15963,0,0,0,0.047234
745.14,0.25908,0.02167,0.02167,0.23661,0.01798,0,0.15237,0,0,0,0.046228
755.14,0.25224,0.02138,0.02138,0.22057,0.010437,0,0.14419,0,0,0,0.045692
765.13,0.22189,0.02006,0.02006,0.20468,0,0,0.13661,0,0,0,0.044379
775.13,0.21025,0.01952,0.01952,0.19279,0,0,0.12725,0,0,0,0.043661
785.13,0.18954,0.01853,0.01854,0.18862,0,0,0.12264,0,0,0,0.044055
795.13,0.16658,0.01737,0.01738,0.18414,0,0,0.11807,0,0,0,0.043445
805.13,0.16781,0.01744,0.01744,0.17742,0,0,0.11141,0,0,0,0.042002
815.13,0.16627,0.01736,0.01736,0.171,0,0,0.10268,0.013798,0,0,0.040771
825.13,0.17208,0.01766,0.01766,0.16903,0,0,0.09328,0.021419,0,0,0.039957
835.13,0.16211,0.01714,0.01714,0.173,0,0,0.090752,0.032355,0,0,0.039139
845.13,0.17027,0.01757,0.01757,0.17408,0,0,0.084229,0.041313,0,0,0.038377
855.13,0.16744,0.01742,0.01742,0.19194,0,0,0.078487,0.059286,0,0,0.037154
865.13,0.18626,0.01838,0.01837,0.2,0,0,0.075758,0.076863,0,0,0.037259
875.13,0.19016,0.01857,0.01856,0.21225,0,0,0.068579,0.098021,0,0,0.036671
885.13,0.214,0.01969,0.01969,0.22695,0,0,0.065293,0.1201,0,0,0.036572
895.13,0.25689,0.02158,0.02157,0.24315,0,0,0.057765,0.1402,0,0,0.036011
905.13,0.25225,0.02138,0.02138,0.27136,0,0,0.056074,0.17351,0,0,0.034564
915.13,0.28344,0.02266,0.02267,0.28583,0,0,0.048107,0.19435,0,0,0.034675
925.13,0.31446,0.02387,0.02387,0.31211,0,0,0.046202,0.22466,0,0,0.034466
935.13,0.31362,0.02384,0.02384,0.327,0,0,0.038028,0.24977,0,0,0.033313
945.13,0.33994,0.02483,0.02482,0.35723,0,0,0.039629,0.27675,0,0,0.033352
955.13,0.37749,0.02615,0.02616,0.3813,0,0,0.034898,0.30723,0,0,0.022295
965.12,0.41178,0.02732,0.02733,0.40305,0,0,0.029816,0.33431,0,0,0.022772
975.12,0.39439,0.02673,0.02674,0.42268,0,0,0.027013,0.35388,0,0,0.023271
985.12,0.41189,0.02732,0.02733,0.43913,0,0,0.022451,0.37685,0,0,0.023004
995.12,0.49116,0.02984,0.02983,0.45224,0,0,0.021466,0.39135,0,0,0.023259
1005.12,0.43202,0.02799,0.02798,0.46922,0,0,0.017418,0.4133,0,0,0.022193
1015.12,0.46669,0.02908,0.02909,0.48889,0,0,0.016217,0.43479,0,0,0.02214
1025.12,0.4578,0.02881,0.0288,0.49352,0,0,0.014324,0.44224,0,0,0.022311
1035.12,0.47114,0.02922,0.02923,0.50049,0,0,0.011545,0.45174,0,0,0.022525
1045.12,0.51439,0.03053,0.03054,0.51569,0,0,0,0.46876,0,0,0.022528
1055.12,0.53638,0.03118,0.03118,0.53074,0,0,0,0.48535,0,0,0.022386
1065.12,0.55539,0.03173,0.03172,0.53879,0,0,0,0.49537,0,0,0.022535
1075.12,0.54638,0.03147,0.03148,0.54895,0,0,0,0.50593,0,0,0.022841
1085.12,0.54828,0.03153,0.03152,0.55616,0,0,0,0.5149,0,0,0.022511
1095.12,0.55259,0.03164,0.03166,0.56086,0,0,0,0.52183,0,0,0.021542
1105.12,0.55192,0.03162,0.03163,0.56697,0,0,0,0.52799,0,0,0.021217
1115.12,0.55119,0.03161,0.03161,0.57541,0,0,0,0.53666,0,0,0.021444
1125.12,0.55132,0.03161,0.0316,0.58024,0,0,0,0.54329,0,0,0.021132
1135.12,0.5683,0.0321,0.03209,0.58288,0,0,0,0.54638,0,0,0.020248
1145.12,0.59822,0.03293,0.03293,0.58965,0,0,0,0.55357,0,0,0.019407
1155.12,0.60114,0.03301,0.03302,0.58447,0,0,0,0.55244,0,0,0.018216
1165.11,0.59989,0.03298,0.03298,0.58048,0,0,0,0.5479,0,0,0.016469
1175.11,0.66221,0.03465,0.03465,0.58157,0,0,0,0.55368,0,0,0.014692
1185.11,0.55715,0.03179,0.03177,0.58331,0,0,0,0.55601,0,0,0.013221
1195.11,0.56715,0.03206,0.03206,0.58924,0,0,0,0.563,0,0.010145,0.012175
1205.11,0.57487,0.03228,0.03228,0.58459,0,0,0,0.55966,0,0.010609,0.011211
1215.11,0.59166,0.03275,0.03275,0.57326,0,0,0,0.55186,0,0,0
1225.11,0.61912,0.0335,0.0335,0.57777,0,0,0,0.55685,0,0,0
1235.11,0.61676,0.03343,0.03344,0.58099,0,0,0,0.56078,0,0.010548,0
1245.11,0.59576,0.03286,0.03286,0.57475,0,0,0,0.55588,0,0.010544,0
1255.11,0.55971,0.03186,0.03185,0.5683,0,0,0,0.54976,0,0.0113,0
1265.11,0.50657,0.0303,0.03031,0.56661,0,0,0,0.54859,0,0.011816,0
1275.11,0.54261,0.03137,0.03135,0.56526,0,0,0,0.54837,0,0.011889,0
1285.11,0.58281,0.03249,0.0325,0.55276,0,0,0,0.53819,0,0.010585,0
1295.11,0.55696,0.03178,0.03176,0.54103,0,0,0,0.52603,0,0.0116,0
1305.11,0.57039,0.03214,0.03216,0.54177,0,0,0,0.52656,0,0.01216,0
1315.11,0.54248,0.03136,0.03136,0.53008,0,0,0,0.51416,0,0.013212,0
1325.11,0.5211,0.03074,0.03074,0.52136,0,0,0,0.50659,0,0.012503,0
1335.11,0.5242,0.03082,0.03083,0.51525,0,0,0,0.50208,0,0.011227,0
1345.11,0.5362,0.03117,0.03117,0.50517,0,0,0,0.49152,0,0.012016,0
1355.11,0.54294,0.03136,0.03137,0.49962,0,0,0,0.48401,0,0.014433,0
1365.10,0.45865,0.02884,0.02883,0.49449,0,0,0,0.48017,0,0.013282,0
1375.10,0.51587,0.03058,0.03058,0.47718,0,0,0,0.46119,0,0.014985,0
1385.10,0.46811,0.02912,0.02914,0.46122,0,0,0,0.44509,0,0.015189,0
1395.10,0.46057,0.0289,0.0289,0.45309,0,0,0,0.4356,0,0.01665,0
1405.10,0.45927,0.02885,0.02885,0.4465,0,0,0,0.42836,0,0.017442,0
1415.10,0.42453,0.02774,0.02773,0.4339,0,0,0,0.41707,0,0.016263,0
1425.10,0.42323,0.0277,0.0277,0.41565,0,0,0,0.39939,0,0.015629,0
1435.10,0.38673,0.02647,0.02647,0.40576,0,0,0,0.3898,0,0.015517,0
1445.10,0.36241,0.02563,0.02563,0.39588,0,0,0,0.3795,0,0.016094,0
1455.10,0.36764,0.02582,0.02581,0.38352,0,0,0,0.36632,0,0.016914,0
1465.10,0.36036,0.02555,0.02556,0.37284,0,0,0,0.35451,0,0.018015,0
1475.10,0.34105,0.02486,0.02486,0.36209,0,0,0,0.34349,0,0.018314,0
1485.10,0.3579,0.02547,0.02547,0.34363,0,0,0,0.32734,0,0.016787,0
1495.10,0.31182,0.02378,0.02378,0.33344,0,0,0,0.31526,0,0.018014,0
1505.10,0.35679,0.02542,0.02543,0.32616,0,0,0,0.3071,0,0.018953,0
1515.10,0.33794,0.02475,0.02475,0.30754,0,0,0,0.29046,0,0.017036,0
1525.10,0.296,0.02316,0.02317,0.28799,0,0,0,0.27231,0,0.015628,0
1535.10,0.2944,0.02309,0.02311,0.2778,0,0,0,0.26047,0,0.017262,0
1545.10,0.27543,0.02234,0.02234,0.26245,0,0,0,0.2459,0,0.016508,0
1555.10,0.24598,0.02111,0.02112,0.25459,0,0,0,0.23539,0,0.019163,0
1565.09,0.23658,0.02071,0.02071,0.24311,0,0,0,0.22339,0,0.019688,0
1575.09,0.23099,0.02046,0.02046,0.22996,0,0,0,0.21004,0,0.019894,0
1585.09,0.21814,0.01988,0.01988,0.21823,0,0,0,0.19713,0,0.021079,0
1595.09,0.22244,0.02008,0.02008,0.21003,0,0,0,0.19011,0,0.019917,0
