# SNO three-phase combined analysis, predicted detectable E_nu spectrum S(E_nu) without oscillations (events, all phases, BS05(OP) 8B flux 5.69e6/cm2/s)
# B. Aharmim et al. (SNO), Phys. Rev. C 88, 025501 (2013), arXiv:1109.0763, Appendix B (Table XXVI)
E_lo,E_hi,CC_day,CC_night,ESe_day,ESe_night,ESmt_day,ESmt_night
2.9,3,0,0,0,0.1,0,0
3,3.1,0,0,0.1,0.1,0,0
3.1,3.2,0,0,0.1,0.1,0,0
3.2,3.3,0,0,0.1,0.2,0,0
3.3,3.4,0,0,0.2,0.2,0,0
3.4,3.5,0,0,0.3,0.3,0,0.1
3.5,3.6,0,0,0.4,0.5,0.1,0.1
3.6,3.7,0,0,0.5,0.6,0.1,0.1
3.7,3.8,0,0,0.6,0.7,0.1,0.1
3.8,3.9,0,0,0.8,0.9,0.1,0.2
3.9,4,0,0.1,0.9,1.2,0.2,0.2
4,4.1,0.1,0.1,1.1,1.5,0.2,0.2
4.1,4.2,0.1,0.2,1.4,1.6,0.2,0.3
4.2,4.3,0.3,0.3,1.6,2,0.3,0.3
4.3,4.4,0.4,0.5,1.9,2.4,0.3,0.4
4.4,4.5,0.6,0.8,2.2,2.7,0.4,0.4
4.5,4.6,1,1.2,2.5,3.1,0.4,0.5
4.6,4.7,1.4,1.8,2.8,3.5,0.5,0.6
4.7,4.8,2,2.7,3.1,3.9,0.5,0.6
4.8,4.9,2.8,3.6,3.5,4.5,0.6,0.7
4.9,5,3.8,4.8,3.9,4.8,0.6,0.8
5,5.1,4.9,6.3,4.4,5.3,0.7,0.9
5.1,5.2,6.4,8,4.7,5.9,0.8,1
5.2,5.3,8,10.2,5.2,6.4,0.8,1
5.3,5.4,10,12.7,5.7,6.9,0.9,1.1
5.4,5.5,12.3,15.5,6.1,7.6,1,1.2
5.5,5.6,14.5,18.7,6.6,8.1,1,1.3
5.6,5.7,17.4,22.1,7.1,8.8,1.1,1.4
5.7,5.8,20.3,26.1,7.5,9.2,1.2,1.5
5.8,5.9,23.4,29.9,8,9.9,1.3,1.6
5.9,6,26.9,34.3,8.4,10.4,1.3,1.7
6,6.1,30.8,39,9,11.2,1.4,1.8
6.1,6.2,34.5,44,9.6,11.8,1.5,1.9
6.2,6.3,38.5,49.2,10,12.4,1.6,2
6.3,6.4,42.5,54,10.6,13.1,1.7,2.1
6.4,6.5,47.3,59.4,11,13.6,1.8,2.2
6.5,6.6,51.5,65.7,11.5,14.3,1.8,2.3
6.6,6.7,56.3,71.8,12.1,15,1.9,2.4
6.7,6.8,61.3,77.2,12.5,15.5,2,2.5
6.8,6.9,66.2,83.1,13.1,16.3,2.1,2.6
6.9,7,70.5,89.9,13.6,16.6,2.2,2.7
7,7.1,75.7,96.7,14.1,17.5,2.3,2.8
7.1,7.2,81.1,103.4,14.5,18.2,2.3,2.9
7.2,7.3,86.8,109.3,15.1,18.5,2.4,3
7.3,7.4,92.2,116.8,15.3,19,2.5,3.1
7.4,7.5,98.6,123.3,16,19.8,2.5,3.1
7.5,7.6,103.6,130.4,16.4,20.3,2.6,3.3
7.6,7.7,108.6,138.2,16.9,20.9,2.7,3.3
7.7,7.8,115.1,145,17.1,21.6,2.7,3.4
7.8,7.9,120.5,152.6,17.8,21.7,2.8,3.4
7.9,8,126.3,159.7,17.8,22,2.9,3.5
8,8.1,131.9,166.7,18.2,22.5,2.9,3.6
8.1,8.2,137.7,172.1,18.4,22.8,3,3.6
8.2,8.3,143.2,179.2,18.9,23.2,3,3.7
8.3,8.4,148.8,186,19,23.5,3,3.7
8.4,8.5,153.7,193.3,19.3,23.9,3.1,3.8
8.5,8.6,159,199.2,19.6,24,3.1,3.9
8.6,8.7,164,205.5,19.6,24.3,3.1,3.9
8.7,8.8,168.2,211.5,19.6,24.6,3.1,3.9
8.8,8.9,172.6,216.6,20,24.8,3.2,3.9
8.9,9,177.2,222.1,20,24.7,3.2,4
9,9.1,181.6,226.8,20.1,25.1,3.2,3.9
9.1,9.2,185.3,231.3,19.9,24.8,3.2,4
9.2,9.3,187.7,235.1,20.1,24.6,3.2,4
9.3,9.4,191.3,238.8,20,24.7,3.2,4
9.4,9.5,194,241.2,20.1,24.8,3.2,3.9
9.5,9.6,196.4,244.4,19.7,24.4,3.2,3.9
9.6,9.7,198.6,246.1,19.9,24.5,3.2,3.9
9.7,9.8,199.7,249.3,19.5,24.2,3.1,3.9
9.8,9.9,199.8,250.2,19.4,24,3.1,3.9
9.9,10,200.1,251.1,19.3,23.7,3.1,3.8
10,10.1,200.9,251,19,23.5,3,3.7
10.1,10.2,200.8,250.8,18.7,23.1,3,3.7
10.2,10.3,199.7,248.7,18.5,22.9,2.9,3.6
10.3,10.4,198.3,246.8,18.1,22.3,2.9,3.6
10.4,10.5,198,246.5,17.7,21.9,2.9,3.5
10.5,10.6,195.4,244.5,17.3,21.4,2.8,3.4
10.6,10.7,193.9,241.6,17,21.1,2.7,3.4
10.7,10.8,191.7,237.5,16.5,20.6,2.6,3.3
10.8,10.9,187.1,233.2,16.2,19.8,2.6,3.2
10.9,11,184.4,229.6,15.9,19.4,2.5,3.1
11,11.1,180.5,226.4,15.3,18.8,2.4,3
11.1,11.2,176.6,220,14.7,18.3,2.3,2.9
11.2,11.3,172.2,214.3,14.2,17.5,2.3,2.8
11.3,11.4,167.8,208.2,13.6,16.8,2.2,2.7
11.4,11.5,162.4,202.7,13.1,16.3,2.1,2.6
11.5,11.6,157.5,195.9,12.6,15.6,2,2.5
11.6,11.7,152.2,188.9,12,14.9,1.9,2.4
11.7,11.8,146.5,181.8,11.4,14.2,1.8,2.3
11.8,11.9,139.9,173.9,11,13.4,1.7,2.1
11.9,12,133.7,166.4,10.3,12.7,1.7,2
12,12.1,127,158.4,9.7,12.1,1.5,1.9
12.1,12.2,121.2,149.8,8.9,11.5,1.5,1.8
12.2,12.3,114,141.5,8.5,10.6,1.4,1.7
12.3,12.4,107.1,133.2,8,9.8,1.3,1.6
12.4,12.5,100.3,124.8,7.4,9.2,1.2,1.5
12.5,12.6,93.3,116.6,6.8,8.6,1.1,1.4
12.6,12.7,87,108.3,6.3,7.8,1,1.3
12.7,12.8,80.7,99.6,5.9,7.1,0.9,1.1
12.8,12.9,73.3,91.6,5.2,6.5,0.8,1
12.9,13,66.9,83,4.7,5.8,0.8,0.9
13,13.1,60.3,75,4.3,5.3,0.7,0.8
13.1,13.2,54.3,67.3,3.8,4.7,0.6,0.8
13.2,13.3,48.2,59.9,3.3,4.2,0.5,0.7
13.3,13.4,42.4,52.5,2.9,3.7,0.5,0.6
13.4,13.5,36.9,45.8,2.5,3.1,0.4,0.5
13.5,13.6,31.5,39.6,2.1,2.7,0.3,0.4
13.6,13.7,27,33.3,1.8,2.2,0.3,0.4
13.7,13.8,22.6,27.9,1.5,1.9,0.3,0.3
13.8,13.9,18.7,23.3,1.2,1.5,0.2,0.2
13.9,14,15.2,19.1,1,1.2,0.2,0.2
14,14.1,12.2,15.2,0.8,1,0.1,0.2
14.1,14.2,9.5,12,0.6,0.8,0.1,0.1
14.2,14.3,7.4,9.2,0.5,0.6,0.1,0.1
14.3,14.4,5.7,7,0.3,0.4,0.1,0.1
14.4,14.5,4.4,5.2,0.3,0.3,0,0.1
14.5,14.6,3.2,4,0.2,0.2,0,0
14.6,14.7,2.4,3.1,0.2,0.2,0,0
14.7,14.8,1.8,2.1,0.1,0.1,0,0
14.8,14.9,1.3,1.5,0.1,0.1,0,0
14.9,15,0.9,1.1,0.1,0.1,0,0
15,15.1,0.7,0.8,0,0.1,0,0
15.1,15.2,0.4,0.6,0,0,0,0
15.2,15.3,0.2,0.3,0,0,0,0
