# Super-Kamiokande I, 1496 days: ES rates [events/kton/year] per recoil total-energy bin: 5.0-5.5 and 16-20 MeV all-zenith, 5.5-16 MeV in day + 5 mantle + core zenith bins; Hosaka et al., PRD 73, 112001 (2006), hep-ex/0508053; stat. errors symmetrised
# expected (MC) rates for BP2004 fluxes (8B 5.79e6, hep 7.88e3 /cm2/s); energy-uncorrelated systematics (%) from the paper table of energy-uncorrelated errors (averaged over merged bins)
# zenith: all, day (cos theta_z <= 0) or night bin [cz_lo, cz_hi] in cos theta_z (SK convention: z axis vs Sun-to-detector vector, night > 0)
E_lo,E_hi,zenith,cz_lo,cz_hi,rate,stat,mc_b8,mc_hep,syst_uncorr_percent
5.0,5.5,all,-1,1,74.7,6.55,182.9,0.312,3.2
5.5,6.5,day,-1,0,127.0,6.0,320.0,0.603,1.525
5.5,6.5,night,0,0.16,124.0,15.0,320.0,0.603,1.525
5.5,6.5,night,0.16,0.33,106.0,14.0,320.0,0.603,1.525
5.5,6.5,night,0.33,0.5,132.0,12.5,320.0,0.603,1.525
5.5,6.5,night,0.5,0.67,146.0,12.5,320.0,0.603,1.525
5.5,6.5,night,0.67,0.84,140.0,13.5,320.0,0.603,1.525
5.5,6.5,night,0.84,1,119.0,14.5,320.0,0.603,1.525
6.5,8.0,day,-1,0,149.0,4.0,358.0,0.799,1.433
6.5,8.0,night,0,0.16,166.0,10.5,358.0,0.799,1.433
6.5,8.0,night,0.16,0.33,158.0,9.5,358.0,0.799,1.433
6.5,8.0,night,0.33,0.5,137.0,8.0,358.0,0.799,1.433
6.5,8.0,night,0.5,0.67,150.0,8.0,358.0,0.799,1.433
6.5,8.0,night,0.67,0.84,141.0,9.0,358.0,0.799,1.433
6.5,8.0,night,0.84,1,137.0,9.5,358.0,0.799,1.433
8.0,9.5,day,-1,0,87.8,2.6,223.8,0.653,1.4
8.0,9.5,night,0,0.16,90.7,7.0,223.8,0.653,1.4
8.0,9.5,night,0.16,0.33,92.1,6.550000000000001,223.8,0.653,1.4
8.0,9.5,night,0.33,0.5,90.5,5.65,223.8,0.653,1.4
8.0,9.5,night,0.5,0.67,99.8,5.75,223.8,0.653,1.4
8.0,9.5,night,0.67,0.84,90.3,6.2,223.8,0.653,1.4
8.0,9.5,night,0.84,1,88.5,6.8,223.8,0.653,1.4
9.5,11.5,day,-1,0,57.1,1.85,143.4,0.631,1.4
9.5,11.5,night,0,0.16,56.5,5.0,143.4,0.631,1.4
9.5,11.5,night,0.16,0.33,63.3,4.8,143.4,0.631,1.4
9.5,11.5,night,0.33,0.5,56.8,4.0,143.4,0.631,1.4
9.5,11.5,night,0.5,0.67,59.6,4.05,143.4,0.631,1.4
9.5,11.5,night,0.67,0.84,60.1,4.449999999999999,143.4,0.631,1.4
9.5,11.5,night,0.84,1,60.9,5.0,143.4,0.631,1.4
11.5,13.5,day,-1,0,18.7,0.95,44.4,0.379,1.4
11.5,13.5,night,0,0.16,20.0,2.5999999999999996,44.4,0.379,1.4
11.5,13.5,night,0.16,0.33,13.8,2.15,44.4,0.379,1.4
11.5,13.5,night,0.33,0.5,15.3,1.9,44.4,0.379,1.4
11.5,13.5,night,0.5,0.67,19.5,2.1,44.4,0.379,1.4
11.5,13.5,night,0.67,0.84,17.0,2.15,44.4,0.379,1.4
11.5,13.5,night,0.84,1,20.4,2.5,44.4,0.379,1.4
13.5,16.0,day,-1,0,4.28,0.45499999999999996,9.33,0.211,1.4
13.5,16.0,night,0,0.16,4.78,1.2650000000000001,9.33,0.211,1.4
13.5,16.0,night,0.16,0.33,6.97,1.4,9.33,0.211,1.4
13.5,16.0,night,0.33,0.5,5.82,1.1,9.33,0.211,1.4
13.5,16.0,night,0.5,0.67,5.58,1.0699999999999998,9.33,0.211,1.4
13.5,16.0,night,0.67,0.84,3.7,0.9949999999999999,9.33,0.211,1.4
13.5,16.0,night,0.84,1,3.93,1.1,9.33,0.211,1.4
16.0,20.0,all,-1,1,0.341,0.09,0.611,0.068,1.4
