# SK-IV solar (Phys. Rev. D 109, 092001; arXiv:2312.12907), Fig. "SK-I-IV combined day/night amplitude fit dependence on dm2_21",
# extracted from the vector graphics (120.eps). adn_fit = best-fit A_DN of the amplitude fit, adn_lo/adn_hi = its 1 sigma band,
# adn_expected = expected A_DN (red curve; red curve below -5 % is outside the plot). A_DN in percent, dm2_21 in 1e-5 eV^2.
dm2_21,adn_fit,adn_lo,adn_hi,adn_expected
2.00,-2.4063,-3.2655,-1.5471,nan
2.10,-2.4680,-3.3273,-1.6088,nan
2.20,-2.5215,-3.3826,-1.6574,nan
2.30,-2.5645,-3.4334,-1.7004,nan
2.40,-2.6069,-3.4714,-1.7384,nan
2.50,-2.5932,-3.4590,-1.7260,nan
2.60,-2.5728,-3.4369,-1.7039,nan
2.70,-2.5668,-3.4357,-1.7000,nan
2.80,-2.5404,-3.4093,-1.6714,nan
2.90,-2.5420,-3.4109,-1.6730,nan
3.00,-2.5425,-3.4114,-1.6735,nan
3.10,-2.5755,-3.4444,-1.7065,nan
3.20,-2.5791,-3.4524,-1.7102,nan
3.30,-2.5913,-3.4612,-1.7185,nan
3.40,-2.6032,-3.4722,-1.7343,nan
3.50,-2.6001,-3.4690,-1.7312,nan
3.60,-2.6338,-3.5027,-1.7666,-4.9745
3.70,-2.6369,-3.5028,-1.7698,-4.8182
3.80,-2.6629,-3.5313,-1.7989,-4.6486
3.90,-2.6709,-3.5350,-1.8034,-4.5048
4.00,-2.6891,-3.5532,-1.8250,-4.3702
4.10,-2.6934,-3.5574,-1.8293,-4.2231
4.20,-2.7018,-3.5658,-1.8377,-4.0966
4.30,-2.7104,-3.5745,-1.8498,-3.9705
4.40,-2.6909,-3.5550,-1.8303,-3.8524
4.50,-2.7188,-3.5816,-1.8583,-3.7357
4.60,-2.7169,-3.5761,-1.8528,-3.6307
4.70,-2.7169,-3.5761,-1.8576,-3.5214
4.80,-2.7242,-3.5834,-1.8650,-3.4235
4.90,-2.7285,-3.5871,-1.8693,-3.3288
5.00,-2.7197,-3.5786,-1.8650,-3.2325
5.10,-2.7071,-3.5641,-1.8505,-3.1496
5.20,-2.7374,-3.5918,-1.8782,-3.0599
5.30,-2.7156,-3.5700,-1.8610,-2.9793
5.40,-2.7446,-3.5990,-1.8903,-2.9015
5.50,-2.7528,-3.6065,-1.9027,-2.8249
5.60,-2.7577,-3.6072,-1.9033,-2.7550
5.70,-2.8019,-3.6515,-1.9524,-2.6772
5.80,-2.7981,-3.6476,-1.9485,-2.6116
5.90,-2.8152,-3.6648,-1.9693,-2.5430
6.00,-2.8241,-3.6705,-1.9777,-2.4827
6.10,-2.8581,-3.7028,-2.0093,-2.4178
6.20,-2.8456,-3.6903,-2.0010,-2.3603
6.30,-2.8599,-3.7046,-2.0153,-2.2979
6.40,-2.8492,-3.6890,-2.0045,-2.2464
6.50,-2.8488,-3.6886,-2.0073,-2.1892
6.60,-2.8553,-3.6951,-2.0107,-2.1372
6.70,-2.8424,-3.6822,-2.0026,-2.0824
6.80,-2.8269,-3.6667,-1.9898,-2.0324
6.90,-2.8269,-3.6667,-1.9920,-1.9823
7.00,-2.7880,-3.6272,-1.9524,-1.9379
7.10,-2.7950,-3.6300,-1.9566,-1.8927
7.20,-2.7897,-3.6222,-1.9548,-1.8479
7.30,-2.7742,-3.6043,-1.9392,-1.8031
7.40,-2.7600,-3.5901,-1.9250,-1.7622
7.50,-2.7438,-3.5740,-1.9137,-1.7239
7.60,-2.7496,-3.5833,-1.9195,-1.6801
7.70,-2.7369,-3.5670,-1.9068,-1.6382
7.80,-2.7365,-3.5666,-1.9064,-1.6024
7.90,-2.7222,-3.5523,-1.8949,-1.5689
8.00,-2.7222,-3.5492,-1.8939,-1.5325
8.10,-2.7066,-3.5319,-1.8803,-1.4979
8.20,-2.6884,-3.5136,-1.8631,-1.4641
8.30,-2.6811,-3.5063,-1.8514,-1.4310
8.40,-2.6673,-3.4925,-1.8416,-1.3971
8.50,-2.6616,-3.4868,-1.8408,-1.3675
8.60,-2.6567,-3.4820,-1.8363,-1.3383
8.70,-2.6340,-3.4548,-1.8092,-1.3092
8.80,-2.6231,-3.4435,-1.7979,-1.2800
8.90,-2.6044,-3.4248,-1.7837,-1.2508
9.00,-2.6164,-3.4368,-1.7960,-1.2261
9.10,-2.6094,-3.4298,-1.7890,-1.2000
9.20,-2.5840,-3.4044,-1.7636,-1.1714
9.30,-2.5858,-3.4026,-1.7654,-1.1481
9.40,-2.5746,-3.3936,-1.7576,-1.1245
9.50,-2.5627,-3.3800,-1.7441,-1.0988
9.60,-2.5671,-3.3826,-1.7494,-1.0752
9.70,-2.5652,-3.3807,-1.7496,-1.0533
9.80,-2.5589,-3.3745,-1.7449,-1.0322
9.90,-2.5689,-3.3838,-1.7575,-1.0120
10.00,-2.5690,-3.3797,-1.7536,-0.9902
10.10,-2.5711,-3.3818,-1.7578,-0.9704
10.20,-2.5732,-3.3839,-1.7620,-0.9506
10.30,-2.5753,-3.3860,-1.7661,-0.9308
10.40,-2.5774,-3.3881,-1.7703,-0.9110
10.50,-2.5798,-3.3901,-1.7740,-0.8921
10.60,-2.5827,-3.3920,-1.7769,-0.8746
10.70,-2.5856,-3.3940,-1.7798,-0.8571
10.80,-2.5885,-3.3959,-1.7827,-0.8396
10.90,-2.5915,-3.3979,-1.7856,-0.8221
11.00,-2.5944,-3.3998,-1.7893,-0.8055
11.10,-2.5972,-3.4017,-1.7941,-0.7903
11.20,-2.6001,-3.4036,-1.7988,-0.7751
11.30,-2.6029,-3.4055,-1.8036,-0.7598
11.40,-2.6058,-3.4074,-1.8083,-0.7446
11.50,-2.6080,-3.4087,-1.8119,-0.7297
11.60,-2.6089,-3.4087,-1.8128,-0.7154
11.70,-2.6098,-3.4087,-1.8137,-0.7011
11.80,-2.6107,-3.4087,-1.8146,-0.6868
11.90,-2.6116,-3.4087,-1.8155,-0.6725
12.00,-2.6125,-3.4087,-1.8164,-0.6582
12.10,-2.6149,-3.4102,-1.8195,-0.6459
12.20,-2.6174,-3.4119,-1.8229,-0.6339
12.30,-2.6200,-3.4137,-1.8263,-0.6219
12.40,-2.6226,-3.4154,-1.8298,-0.6099
12.50,-2.6252,-3.4171,-1.8332,-0.5978
12.60,-2.6289,-3.4202,-1.8378,-0.5860
12.70,-2.6370,-3.4283,-1.8467,-0.5746
12.80,-2.6451,-3.4364,-1.8556,-0.5633
12.90,-2.6532,-3.4445,-1.8645,-0.5519
13.00,-2.6613,-3.4526,-1.8735,-0.5406
13.10,-2.6694,-3.4607,-1.8824,-0.5292
13.20,-2.6752,-3.4661,-1.8888,-0.5183
13.30,-2.6729,-3.4622,-1.8865,-0.5089
13.40,-2.6705,-3.4583,-1.8841,-0.4996
13.50,-2.6682,-3.4544,-1.8818,-0.4902
13.60,-2.6658,-3.4505,-1.8794,-0.4808
13.70,-2.6635,-3.4466,-1.8771,-0.4714
13.80,-2.6612,-3.4428,-1.8748,-0.4621
13.90,-2.6688,-3.4503,-1.8831,-0.4538
14.00,-2.6763,-3.4579,-1.8914,-0.4455
14.10,-2.6839,-3.4654,-1.8997,-0.4372
14.20,-2.6914,-3.4730,-1.9080,-0.4289
14.30,-2.6990,-3.4805,-1.9163,-0.4206
14.40,-2.7065,-3.4881,-1.9246,-0.4123
14.50,-2.7130,-3.4941,-1.9318,-0.4047
14.60,-2.7186,-3.4991,-1.9382,-0.3976
14.70,-2.7243,-3.5040,-1.9445,-0.3905
14.80,-2.7299,-3.5089,-1.9509,-0.3835
14.90,-2.7356,-3.5139,-1.9572,-0.3764
15.00,-2.7412,-3.5188,-1.9636,-0.3694
15.10,-2.7468,-3.5238,-1.9699,-0.3623
15.20,-2.7505,-3.5267,-1.9742,-0.3559
15.30,-2.7532,-3.5287,-1.9777,-0.3497
15.40,-2.7559,-3.5308,-1.9811,-0.3436
15.50,-2.7587,-3.5328,-1.9845,-0.3374
15.60,-2.7614,-3.5349,-1.9879,-0.3313
15.70,-2.7641,-3.5369,-1.9913,-0.3251
15.80,-2.7669,-3.5390,-1.9948,-0.3190
15.90,-2.7680,-3.5394,-1.9965,-0.3134
16.00,-2.7680,-3.5388,-1.9972,-0.3081
16.10,-2.7680,-3.5381,-1.9978,-0.3029
16.20,-2.7680,-3.5375,-1.9985,-0.2977
16.30,-2.7680,-3.5368,-1.9991,-0.2925
16.40,-2.7680,-3.5361,-1.9998,-0.2872
16.50,-2.7680,-3.5355,-2.0004,-0.2820
16.60,-2.7688,-3.5357,-2.0019,-0.2768
16.70,-2.7737,-3.5400,-2.0075,-0.2719
16.80,-2.7787,-3.5443,-2.0130,-0.2670
16.90,-2.7836,-3.5486,-2.0186,-0.2620
17.00,-2.7885,-3.5529,-2.0241,-0.2571
17.10,-2.7935,-3.5573,-2.0297,-0.2522
17.20,-2.7984,-3.5616,-2.0352,-0.2472
17.30,-2.8033,-3.5659,-2.0408,-0.2423
17.40,-2.8070,-3.5689,-2.0450,-0.2378
17.50,-2.8076,-3.5689,-2.0462,-0.2342
17.60,-2.8082,-3.5689,-2.0474,-0.2306
17.70,-2.8088,-3.5689,-2.0486,-0.2270
17.80,-2.8094,-3.5689,-2.0498,-0.2234
17.90,-2.8100,-3.5689,-2.0510,-0.2198
18.00,-2.8106,-3.5689,-2.0522,-0.2162
18.10,-2.8112,-3.5689,-2.0534,-0.2126
18.20,-2.8108,-3.5678,-2.0536,-0.2090
18.30,-2.8063,-3.5622,-2.0497,-0.2057
18.40,-2.8018,-3.5566,-2.0457,-0.2023
18.50,-2.7973,-3.5510,-2.0418,-0.1989
18.60,-2.7928,-3.5454,-2.0379,-0.1956
18.70,-2.7883,-3.5398,-2.0339,-0.1922
18.80,-2.7838,-3.5341,-2.0300,-0.1888
18.90,-2.7793,-3.5285,-2.0261,-0.1855
19.00,-2.7748,-3.5229,-2.0222,-0.1821
19.10,-2.7686,-3.5159,-2.0168,-0.1788
19.20,-2.7610,-3.5077,-2.0102,-0.1755
19.30,-2.7533,-3.4995,-2.0037,-0.1722
19.40,-2.7456,-3.4913,-1.9971,-0.1689
19.50,-2.7380,-3.4831,-1.9905,-0.1657
19.60,-2.7303,-3.4749,-1.9840,-0.1624
19.70,-2.7227,-3.4667,-1.9774,-0.1591
19.80,-2.7150,-3.4585,-1.9708,-0.1558
19.90,-2.7073,-3.4502,-1.9643,-0.1525
20.00,-2.6983,-3.4406,-1.9562,-0.1501
20.10,-2.6885,-3.4303,-1.9475,-0.1480
20.20,-2.6787,-3.4200,-1.9387,-0.1459
20.30,-2.6689,-3.4097,-1.9300,-0.1439
20.40,-2.6591,-3.3994,-1.9212,-0.1418
20.50,-2.6493,-3.3891,-1.9125,-0.1398
20.60,-2.6396,-3.3788,-1.9037,-0.1377
20.70,-2.6298,-3.3685,-1.8950,-0.1357
20.80,-2.6200,-3.3582,-1.8862,-0.1336
20.90,-2.6108,-3.3484,-1.8779,-0.1314
21.00,-2.6034,-3.3401,-1.8710,-0.1290
21.10,-2.5960,-3.3317,-1.8641,-0.1265
21.20,-2.5887,-3.3233,-1.8573,-0.1241
21.30,-2.5813,-3.3150,-1.8504,-0.1216
21.40,-2.5739,-3.3066,-1.8435,-0.1191
21.50,-2.5665,-3.2983,-1.8366,-0.1167
21.60,-2.5592,-3.2899,-1.8297,-0.1142
21.70,-2.5518,-3.2815,-1.8228,-0.1118
21.80,-2.5444,-3.2732,-1.8160,-0.1093
21.90,-2.5369,-3.2644,-1.8088,-0.1071
22.00,-2.5293,-3.2549,-1.8012,-0.1051
