# SK-IV solar (Phys. Rev. D 109, 092001; arXiv:2312.12907), Fig. "SK-IV day/night amplitude fit dependence on dm2_21",
# extracted from the vector graphics (117.eps). adn_fit = best-fit A_DN of the amplitude fit, adn_lo/adn_hi = its 1 sigma band,
# adn_expected = expected A_DN (red curve; red curve below -5 % is outside the plot). A_DN in percent, dm2_21 in 1e-5 eV^2.
dm2_21,adn_fit,adn_lo,adn_hi,adn_expected
2.00,-1.7422,-2.8296,-0.6597,nan
2.10,-1.8351,-2.9254,-0.7477,nan
2.20,-1.9069,-2.9991,-0.8195,nan
2.30,-1.9362,-3.0305,-0.8460,nan
2.40,-1.9406,-3.0377,-0.8483,nan
2.50,-1.8880,-2.9833,-0.7909,nan
2.60,-1.8646,-2.9617,-0.7675,nan
2.70,-1.9194,-3.0164,-0.8223,nan
2.80,-1.9659,-3.0630,-0.8688,nan
2.90,-2.0577,-3.1570,-0.9628,nan
3.00,-2.1219,-3.2190,-1.0248,nan
3.10,-2.1985,-3.2956,-1.1014,nan
3.20,-2.2150,-3.3121,-1.1180,nan
3.30,-2.2233,-3.3204,-1.1262,nan
3.40,-2.2263,-3.3234,-1.1292,nan
3.50,-2.2083,-3.3060,-1.1118,nan
3.60,-2.2472,-3.3443,-1.1532,-4.9131
3.70,-2.2455,-3.3426,-1.1533,-4.7599
3.80,-2.3000,-3.3929,-1.2078,-4.5946
3.90,-2.3257,-3.4180,-1.2335,-4.4514
4.00,-2.3791,-3.4714,-1.2869,-4.3168
4.10,-2.4083,-3.4974,-1.3160,-4.1746
4.20,-2.4379,-3.5283,-1.3487,-4.0481
4.30,-2.4635,-3.5509,-1.3747,-3.9220
4.40,-2.4364,-3.5238,-1.3490,-3.8039
4.50,-2.4804,-3.5678,-1.3930,-3.6872
4.60,-2.4716,-3.5590,-1.3868,-3.5847
4.70,-2.4790,-3.5664,-1.3965,-3.4777
4.80,-2.5009,-3.5882,-1.4183,-3.3798
4.90,-2.5204,-3.6071,-1.4379,-3.2851
5.00,-2.5295,-3.6120,-1.4470,-3.1889
5.10,-2.5155,-3.5981,-1.4356,-3.1081
5.20,-2.5627,-3.6438,-1.4836,-3.0211
5.30,-2.5271,-3.6094,-1.4492,-2.9405
5.40,-2.5628,-3.6405,-1.4852,-2.8627
5.50,-2.5610,-3.6381,-1.4876,-2.7867
5.60,-2.5459,-3.6187,-1.4682,-2.7180
5.70,-2.5952,-3.6680,-1.5223,-2.6418
5.80,-2.5689,-3.6417,-1.4961,-2.5728
5.90,-2.5820,-3.6513,-1.5105,-2.5090
6.00,-2.5796,-3.6493,-1.5117,-2.4487
6.10,-2.6196,-3.6875,-1.5516,-2.3838
6.20,-2.6002,-3.6682,-1.5350,-2.3263
6.30,-2.6266,-3.6898,-1.5588,-2.2687
6.40,-2.6078,-3.6709,-1.5447,-2.2137
6.50,-2.6205,-3.6836,-1.5573,-2.1569
6.60,-2.6368,-3.6999,-1.5785,-2.1033
6.70,-2.6371,-3.6967,-1.5789,-2.0532
6.80,-2.6319,-3.6922,-1.5736,-2.0032
6.90,-2.6549,-3.7132,-1.5966,-1.9574
7.00,-2.6150,-3.6727,-1.5574,-1.9087
7.10,-2.6418,-3.6952,-1.5884,-1.8650
7.20,-2.6538,-3.7072,-1.6004,-1.8212
7.30,-2.6452,-3.6986,-1.5919,-1.7774
7.40,-2.6337,-3.6871,-1.5846,-1.7380
7.50,-2.6227,-3.6760,-1.5741,-1.6948
7.60,-2.6464,-3.6949,-1.5978,-1.6535
7.70,-2.6320,-3.6806,-1.5854,-1.6188
7.80,-2.6421,-3.6906,-1.5984,-1.5805
7.90,-2.6320,-3.6778,-1.5883,-1.5447
8.00,-2.6425,-3.6862,-1.5988,-1.5082
8.10,-2.6301,-3.6738,-1.5864,-1.4736
8.20,-2.6146,-3.6583,-1.5709,-1.4437
8.30,-2.6126,-3.6563,-1.5733,-1.4072
8.40,-2.6037,-3.6474,-1.5649,-1.3773
8.50,-2.6118,-3.6510,-1.5730,-1.3481
8.60,-2.6171,-3.6559,-1.5782,-1.3189
8.70,-2.5907,-3.6295,-1.5519,-1.2897
8.80,-2.5839,-3.6227,-1.5495,-1.2606
8.90,-2.5701,-3.6089,-1.5361,-1.2314
9.00,-2.6003,-3.6347,-1.5664,-1.2067
9.10,-2.6029,-3.6369,-1.5689,-1.1806
9.20,-2.5752,-3.6091,-1.5412,-1.1519
9.30,-2.5832,-3.6172,-1.5528,-1.1287
9.40,-2.5780,-3.6086,-1.5489,-1.1051
9.50,-2.5645,-3.5936,-1.5353,-1.0825
9.60,-2.5724,-3.6015,-1.5459,-1.0580
9.70,-2.5727,-3.6019,-1.5485,-1.0339
9.80,-2.5684,-3.5960,-1.5426,-1.0128
9.90,-2.5876,-3.6119,-1.5592,-0.9926
10.00,-2.5837,-3.6079,-1.5594,-0.9708
10.10,-2.5868,-3.6100,-1.5636,-0.9521
10.20,-2.5899,-3.6120,-1.5678,-0.9333
10.30,-2.5930,-3.6141,-1.5720,-0.9146
10.40,-2.5962,-3.6162,-1.5761,-0.8958
10.50,-2.5988,-3.6179,-1.5798,-0.8776
10.60,-2.6008,-3.6188,-1.5827,-0.8600
10.70,-2.6027,-3.6198,-1.5856,-0.8425
10.80,-2.6047,-3.6208,-1.5885,-0.8250
10.90,-2.6066,-3.6218,-1.5915,-0.8075
11.00,-2.6097,-3.6239,-1.5959,-0.7909
11.10,-2.6144,-3.6277,-1.6026,-0.7757
11.20,-2.6192,-3.6315,-1.6092,-0.7605
11.30,-2.6240,-3.6353,-1.6159,-0.7453
11.40,-2.6287,-3.6391,-1.6225,-0.7300
11.50,-2.6323,-3.6417,-1.6277,-0.7151
11.60,-2.6332,-3.6417,-1.6295,-0.7008
11.70,-2.6341,-3.6417,-1.6313,-0.6865
11.80,-2.6350,-3.6417,-1.6331,-0.6722
11.90,-2.6359,-3.6417,-1.6349,-0.6579
12.00,-2.6368,-3.6417,-1.6367,-0.6436
12.10,-2.6391,-3.6432,-1.6399,-0.6313
12.20,-2.6417,-3.6450,-1.6433,-0.6193
12.30,-2.6443,-3.6467,-1.6467,-0.6073
12.40,-2.6468,-3.6484,-1.6502,-0.5953
12.50,-2.6494,-3.6501,-1.6536,-0.5833
12.60,-2.6533,-3.6532,-1.6584,-0.5716
12.70,-2.6622,-3.6613,-1.6681,-0.5610
12.80,-2.6712,-3.6694,-1.6778,-0.5505
12.90,-2.6801,-3.6775,-1.6875,-0.5400
13.00,-2.6890,-3.6856,-1.6973,-0.5294
13.10,-2.6979,-3.6937,-1.7070,-0.5189
13.20,-2.7031,-3.6981,-1.7128,-0.5086
13.30,-2.6953,-3.6895,-1.7050,-0.4992
13.40,-2.6875,-3.6809,-1.6972,-0.4899
13.50,-2.6797,-3.6723,-1.6894,-0.4805
13.60,-2.6719,-3.6637,-1.6816,-0.4711
13.70,-2.6640,-3.6551,-1.6738,-0.4617
13.80,-2.6564,-3.6467,-1.6661,-0.4523
13.90,-2.6662,-3.6557,-1.6767,-0.4440
14.00,-2.6760,-3.6648,-1.6873,-0.4357
14.10,-2.6858,-3.6739,-1.6978,-0.4274
14.20,-2.6956,-3.6829,-1.7084,-0.4191
14.30,-2.7055,-3.6920,-1.7189,-0.4108
14.40,-2.7153,-3.7010,-1.7295,-0.4025
14.50,-2.7247,-3.7097,-1.7397,-0.3954
14.60,-2.7339,-3.7182,-1.7496,-0.3890
14.70,-2.7431,-3.7267,-1.7594,-0.3827
14.80,-2.7522,-3.7352,-1.7693,-0.3763
14.90,-2.7614,-3.7436,-1.7792,-0.3700
15.00,-2.7706,-3.7521,-1.7891,-0.3636
15.10,-2.7798,-3.7606,-1.7990,-0.3572
15.20,-2.7864,-3.7665,-1.8067,-0.3510
15.30,-2.7918,-3.7712,-1.8136,-0.3449
15.40,-2.7973,-3.7760,-1.8204,-0.3387
15.50,-2.8028,-3.7808,-1.8272,-0.3326
15.60,-2.8082,-3.7856,-1.8341,-0.3264
15.70,-2.8137,-3.7904,-1.8409,-0.3203
15.80,-2.8192,-3.7952,-1.8478,-0.3141
15.90,-2.8233,-3.7983,-1.8528,-0.3081
16.00,-2.8266,-3.8002,-1.8568,-0.3022
16.10,-2.8299,-3.8022,-1.8607,-0.2964
16.20,-2.8331,-3.8041,-1.8646,-0.2905
16.30,-2.8364,-3.8061,-1.8685,-0.2846
16.40,-2.8397,-3.8081,-1.8724,-0.2787
16.50,-2.8429,-3.8100,-1.8764,-0.2728
16.60,-2.8474,-3.8133,-1.8815,-0.2672
16.70,-2.8579,-3.8232,-1.8926,-0.2629
16.80,-2.8684,-3.8331,-1.9037,-0.2586
16.90,-2.8789,-3.8429,-1.9148,-0.2543
17.00,-2.8893,-3.8528,-1.9259,-0.2500
17.10,-2.8998,-3.8626,-1.9370,-0.2457
17.20,-2.9103,-3.8725,-1.9481,-0.2413
17.30,-2.9208,-3.8824,-1.9592,-0.2370
17.40,-2.9297,-3.8906,-1.9689,-0.2329
17.50,-2.9351,-3.8948,-1.9755,-0.2293
17.60,-2.9405,-3.8990,-1.9821,-0.2257
17.70,-2.9459,-3.9032,-1.9887,-0.2221
17.80,-2.9513,-3.9073,-1.9953,-0.2185
17.90,-2.9567,-3.9115,-2.0019,-0.2149
18.00,-2.9621,-3.9157,-2.0085,-0.2113
18.10,-2.9675,-3.9199,-2.0151,-0.2077
18.20,-2.9712,-3.9224,-2.0199,-0.2042
18.30,-2.9678,-3.9179,-2.0177,-0.2008
18.40,-2.9644,-3.9134,-2.0155,-0.1975
18.50,-2.9611,-3.9089,-2.0132,-0.1941
18.60,-2.9577,-3.9045,-2.0110,-0.1907
18.70,-2.9543,-3.9000,-2.0087,-0.1874
18.80,-2.9510,-3.8955,-2.0065,-0.1840
18.90,-2.9476,-3.8910,-2.0042,-0.1806
19.00,-2.9442,-3.8865,-2.0020,-0.1773
19.10,-2.9388,-3.8803,-1.9977,-0.1739
19.20,-2.9317,-3.8726,-1.9917,-0.1706
19.30,-2.9246,-3.8650,-1.9856,-0.1674
19.40,-2.9175,-3.8573,-1.9796,-0.1641
19.50,-2.9104,-3.8496,-1.9736,-0.1608
19.60,-2.9033,-3.8420,-1.9676,-0.1575
19.70,-2.8962,-3.8343,-1.9616,-0.1542
19.80,-2.8890,-3.8267,-1.9556,-0.1510
19.90,-2.8819,-3.8190,-1.9495,-0.1477
20.00,-2.8720,-3.8082,-1.9406,-0.1452
20.10,-2.8606,-3.7958,-1.9303,-0.1432
20.20,-2.8493,-3.7835,-1.9200,-0.1411
20.30,-2.8380,-3.7711,-1.9097,-0.1390
20.40,-2.8267,-3.7587,-1.8994,-0.1370
20.50,-2.8153,-3.7464,-1.8891,-0.1349
20.60,-2.8040,-3.7340,-1.8788,-0.1329
20.70,-2.7927,-3.7217,-1.8685,-0.1308
20.80,-2.7813,-3.7093,-1.8582,-0.1287
20.90,-2.7706,-3.6975,-1.8485,-0.1267
21.00,-2.7618,-3.6871,-1.8407,-0.1247
21.10,-2.7529,-3.6768,-1.8328,-0.1228
21.20,-2.7441,-3.6665,-1.8249,-0.1208
21.30,-2.7352,-3.6561,-1.8171,-0.1188
21.40,-2.7264,-3.6458,-1.8092,-0.1169
21.50,-2.7175,-3.6355,-1.8013,-0.1149
21.60,-2.7087,-3.6252,-1.7935,-0.1129
21.70,-2.6998,-3.6148,-1.7856,-0.1110
21.80,-2.6910,-3.6045,-1.7777,-0.1090
21.90,-2.6804,-3.5931,-1.7685,-0.1071
22.00,-2.6671,-3.5797,-1.7571,-0.1051
