period,E_MeV,efficiency
1,0.9455,0.4115
1,1.0435,0.5159
1,1.1473,0.6820
1,1.2453,0.7746
1,1.3433,0.8220
1,1.4413,0.8268
1,1.5451,0.8149
1,1.6431,0.8268
1,1.7411,0.8481
1,1.8391,0.8529
1,1.9429,0.8624
1,2.0409,0.8719
1,2.2369,0.8719
1,2.3349,0.8742
1,2.4387,0.8790
1,2.5367,0.8766
1,2.6347,0.8695
1,2.7327,0.8695
1,2.8365,0.8956
1,2.9345,0.9170
1,3.0325,0.9241
1,3.1305,0.9264
1,3.2343,0.9264
1,3.3323,0.9288
1,7.5064,0.9288
1,7.6044,0.9264
1,7.7024,0.9264
1,7.8062,0.9241
1,8.0022,0.9241
1,8.1002,0.9264
1,8.2040,0.9241
1,8.3020,0.9217
1,8.4000,0.9170
1,8.4980,0.9170
2,0.9455,0.5658
2,1.0435,0.6773
2,1.1473,0.7342
2,1.2453,0.7651
2,1.3433,0.7793
2,1.4413,0.7722
2,1.5451,0.7603
2,1.6431,0.7770
2,1.7411,0.7912
2,1.8391,0.7983
2,1.9429,0.8102
2,2.0409,0.8244
2,2.1389,0.8268
2,2.2369,0.8220
2,2.3349,0.8292
2,2.4387,0.8363
2,2.5367,0.8315
2,2.6347,0.8244
2,2.7327,0.8363
2,2.8365,0.8695
2,2.9345,0.8980
2,3.0325,0.9146
2,3.1305,0.9193
2,3.2343,0.9217
2,3.3323,0.9264
2,3.5283,0.9264
2,3.6321,0.9288
2,7.4084,0.9288
2,7.5064,0.9264
2,8.0022,0.9264
2,8.1002,0.9241
2,8.2040,0.9264
2,8.3020,0.9288
2,8.4000,0.9264
2,8.4980,0.9264
3,0.9455,0.4827
3,1.0435,0.5658
3,1.1473,0.6203
3,1.2453,0.6417
3,1.3433,0.6370
3,1.4413,0.6037
3,1.5451,0.5658
3,1.6431,0.5776
3,1.7411,0.5871
3,1.8391,0.5990
3,1.9429,0.6156
3,2.0409,0.6298
3,2.1389,0.6298
3,2.2369,0.6203
3,2.3349,0.6227
3,2.4387,0.6251
3,2.5367,0.5990
3,2.6347,0.5824
3,2.7327,0.5966
3,2.8365,0.6512
3,2.9345,0.7105
3,3.0325,0.7414
3,3.1305,0.7532
3,3.2343,0.7580
3,3.3323,0.7651
3,3.4303,0.7698
3,3.5283,0.7722
3,5.0216,0.7722
3,5.1196,0.7746
3,5.2176,0.7722
3,5.3213,0.7722
3,5.4194,0.7746
3,5.5174,0.7746
3,5.6154,0.7722
3,6.8088,0.7722
3,6.9126,0.7698
3,7.0106,0.7722
3,7.1086,0.7698
3,7.2066,0.7722
3,7.3046,0.7698
3,7.4084,0.7698
3,7.5064,0.7651
3,7.6044,0.7603
3,7.7024,0.7675
3,7.8062,0.7698
3,7.9042,0.7698
3,8.0022,0.7722
3,8.1002,0.7651
3,8.2040,0.7651
3,8.3020,0.7698
3,8.4000,0.7342
3,8.4980,0.7342
