# KamLAND 2011 (PRD 83, 052002), Fig. 1 top panel: selection efficiency (weighted average over five periods),
# from the vector graphics (extraction/extract_2011.py)
E_MeV,efficiency
0.9529,0.4444
1.0500,0.5513
1.1518,0.6952
1.2535,0.7735
1.3507,0.8127
1.4524,0.8180
1.5542,0.8053
1.6513,0.8190
1.7531,0.8360
1.8502,0.8413
1.9520,0.8508
2.0537,0.8614
2.1509,0.8614
2.2526,0.8603
2.3498,0.8624
2.4515,0.8677
2.5533,0.8646
2.6504,0.8582
2.7522,0.8624
2.8540,0.8889
2.9511,0.9122
3.0529,0.9238
3.1500,0.9259
3.2518,0.9270
3.3535,0.9291
3.4507,0.9302
4.3526,0.9302
4.4498,0.9312
4.5515,0.9302
4.6533,0.9312
4.7504,0.9302
4.8522,0.9312
5.2407,0.8074
5.5507,0.9312
5.6524,0.9302
5.7496,0.9312
5.8004,0.8074
5.8513,0.9302
5.9531,0.9312
6.0502,0.9312
6.1520,0.9302
6.2537,0.9302
6.3509,0.9312
6.4526,0.9302
6.5498,0.9312
6.6515,0.9302
7.3500,0.9302
7.4518,0.9291
7.5535,0.9291
7.6507,0.9280
7.7524,0.9280
7.8496,0.9270
7.9513,0.9270
8.0531,0.9259
8.1502,0.9280
8.2520,0.9259
8.3537,0.9259
8.4509,0.9217
8.5018,0.9217
