# KamLAND 2013 (PRD 88, 033001), Fig. 6 middle panel: U (dashed) and Th (dotted) geo-ν̄e contributions vs prompt energy,
# all periods, efficiency included, arbitrary units (shapes only); from the vector graphics (extraction/geo.py)
E_MeV,U,Th
0.90,0.25000,0.25000
0.91,0.37368,0.25000
0.92,0.50000,0.37264
0.93,0.62105,0.50000
0.94,0.87028,0.62028
0.95,1.11842,0.86842
0.96,1.48585,1.11792
0.97,1.98158,1.36579
0.98,2.50521,1.75521
0.99,3.12857,2.25238
1.00,3.87500,2.75000
1.01,4.74524,3.24762
1.02,5.73958,3.86719
1.03,6.85714,4.61429
1.04,8.09896,5.47917
1.05,9.33962,6.35377
1.06,10.69474,7.21316
1.07,12.19340,8.21226
1.08,13.79211,9.31579
1.09,15.50789,10.50526
1.10,17.12500,11.62500
1.11,18.86579,12.86842
1.12,20.60849,13.99057
1.13,22.46842,15.10526
1.14,24.34198,16.35142
1.15,26.07895,17.59211
1.16,27.82547,18.72170
1.17,29.44474,19.71316
1.18,31.14323,20.76042
1.19,32.88333,21.75476
1.20,34.50000,22.62500
1.21,36.11667,23.49524
1.22,37.85677,24.36719
1.23,39.47857,25.11429
1.24,41.08854,25.85937
1.25,42.70755,26.60377
1.26,44.19474,27.23158
1.27,45.64474,27.75789
1.28,46.88679,28.25472
1.29,48.13158,28.62632
1.30,49.37500,28.87500
1.31,50.49474,29.12368
1.32,51.49057,29.25000
1.33,52.36316,29.25000
1.34,53.11085,29.25000
1.35,53.73684,29.13158
1.36,54.00000,28.76415
1.37,54.00000,28.15263
1.38,53.87240,27.36719
1.39,53.49762,26.62143
1.40,52.87500,25.75000
1.41,52.00476,24.75476
1.42,50.88802,23.63802
1.43,49.52143,22.27143
1.44,47.91146,20.90104
1.45,46.17453,19.54245
1.46,44.32368,17.93947
1.47,42.08947,16.22632
1.48,39.85377,14.73585
1.49,37.73947,13.24211
1.50,35.62500,11.75000
1.51,33.51053,10.38158
1.52,31.39623,9.13679
1.53,29.40263,7.89474
1.54,27.65802,6.76887
1.55,26.03947,5.89474
1.56,24.66038,5.02830
1.57,23.42105,4.26842
1.58,22.23958,3.61719
1.59,21.37143,2.99762
1.60,20.75000,2.62500
1.61,20.25238,2.25238
1.62,19.87760,1.87760
1.63,19.62857,1.62857
1.64,19.38021,1.38021
1.65,19.25000,1.25000
1.66,19.36579,1.13421
1.67,19.50000,1.00000
1.68,19.62736,0.87264
1.69,19.87632,0.75000
1.70,20.00000,0.75000
1.71,20.12368,0.62632
1.72,20.37264,0.50000
1.73,20.74211,0.50000
1.74,21.12028,0.50000
1.75,21.36842,0.50000
1.76,21.63021,0.36979
1.77,21.87857,0.25000
1.78,22.12760,0.25000
1.79,22.37619,0.25000
1.80,22.62500,0.25000
1.81,22.87381,0.25000
1.82,23.12240,0.12760
1.83,23.37143,0.00000
1.84,23.61979,0.00000
1.85,23.86792,0.00000
1.86,24.11579,0.00000
1.87,24.37895,0.00000
1.88,24.62736,0.00000
1.89,24.87632,0.00000
1.90,25.12500,0.00000
1.91,25.37368,0.00000
1.92,25.62264,0.00000
1.93,25.87105,0.00000
1.94,26.12028,0.00000
1.95,26.36842,0.00000
1.96,26.63021,0.00000
1.97,26.87857,0.00000
1.98,27.00000,0.00000
1.99,27.12619,0.00000
2.00,27.37500,0.00000
2.01,27.62381,0.00000
2.02,27.75000,0.00000
2.03,27.87143,0.00000
2.04,28.11979,0.00000
2.05,28.25000,0.00000
2.06,28.25000,0.00000
2.07,28.37895,0.00000
2.08,28.50000,0.00000
2.09,28.50000,0.00000
2.10,28.62500,0.00000
2.11,28.75000,0.00000
2.12,28.75000,0.00000
2.13,28.75000,0.00000
2.14,28.75000,0.00000
2.15,28.75000,0.00000
2.16,28.75000,0.00000
2.17,28.75000,0.00000
2.18,28.75000,0.00000
2.19,28.75000,0.00000
2.20,28.75000,0.00000
2.21,28.62619,0.00000
2.22,28.50000,0.00000
2.23,28.37857,0.00000
2.24,28.25000,0.00000
2.25,28.11842,0.00000
2.26,28.00000,0.00000
2.27,27.87105,0.00000
2.28,27.62264,0.00000
2.29,27.37368,0.00000
2.30,27.00000,0.00000
2.31,26.62632,0.00000
2.32,26.25472,0.00000
2.33,25.87895,0.00000
2.34,25.50943,0.00000
2.35,24.89474,0.00000
2.36,24.23958,0.00000
2.37,23.61429,0.00000
2.38,22.99479,0.00000
2.39,22.24524,0.00000
2.40,21.37500,0.00000
2.41,20.62857,0.00000
2.42,19.76042,0.00000
2.43,18.76429,0.00000
2.44,17.77083,0.00000
2.45,16.72368,0.00000
2.46,15.73113,0.00000
2.47,14.73421,0.00000
2.48,13.74057,0.00000
2.49,12.74474,0.00000
2.50,11.75000,0.00000
2.51,10.75526,0.00000
2.52,9.75943,0.00000
2.53,8.76579,0.00000
2.54,7.84737,0.00000
2.55,6.97170,0.00000
2.56,6.10938,0.00000
2.57,5.36429,0.00000
2.58,4.74479,0.00000
2.59,4.12143,0.00000
2.60,3.50000,0.00000
2.61,3.00238,0.00000
2.62,2.50521,0.00000
2.63,2.12857,0.00000
2.64,1.88021,0.00000
2.65,1.61842,0.00000
2.66,1.37028,0.00000
2.67,1.12105,0.00000
2.68,0.87264,0.00000
2.69,0.62368,0.00000
2.70,0.50000,0.00000
