E_lo,E_hi,data,data_lo,data_hi,osc,acc_cum,c13_cum,geo_cum,total
0.900,1.325,0.066924,0.061311,0.072537,0.010938,0.006620,0.038428,0.052964,0.063758
1.325,1.750,0.107655,0.100602,0.114851,0.047639,0.007628,0.038571,0.056850,0.104488
1.750,2.175,0.107223,0.100171,0.114275,0.077287,0.009931,0.026194,0.036125,0.113556
2.175,2.600,0.111828,0.000000,0.119169,0.076711,0.011802,0.018134,0.025762,0.102617
2.600,3.025,0.079590,0.000000,0.085634,0.077575,0.009355,0.011802,0.011946,0.090096
3.025,3.450,0.091823,0.085203,0.098300,0.085634,0.001439,0.002015,0.002015,0.088513
3.450,3.875,0.088513,0.082036,0.094989,0.092543,0.000288,0.000288,0.000288,0.093838
3.875,4.300,0.082900,0.076567,0.089089,0.086786,0.000144,0.000288,0.000288,0.088081
4.300,4.725,0.085203,0.078870,0.091535,0.074264,0.000144,0.002303,0.002303,0.077575
4.725,5.150,0.057569,0.052388,0.062751,0.055123,0.000000,0.001295,0.001295,0.057569
5.150,5.575,0.035981,0.031951,0.040155,0.035405,0.000000,0.000144,0.000144,0.036700
5.575,6.000,0.032815,0.000000,0.036700,0.021588,0.000000,0.005037,0.005037,0.027633
6.000,6.425,0.022884,0.000000,0.026194,0.012521,0.000000,0.004893,0.004893,0.018278
6.425,6.850,0.007052,0.007052,0.007052,0.006333,0.000000,0.000144,0.000144,0.007340
6.850,7.275,0.004606,0.004606,0.004606,0.002735,0.000000,0.000000,0.000000,0.003598
7.275,7.700,0.001295,0.001295,0.001295,0.001007,0.000000,0.000000,0.000000,0.001727
7.700,8.125,0.000864,0.000864,0.000864,0.000288,0.000000,0.000000,0.000000,0.000864
8.125,8.550,nan,nan,nan,0.000288,0.000000,0.000000,0.000000,0.000864
