# KamLAND 2011 (PRD 83, 052002), Fig. 1: expected no-oscillation prompt spectrum (2002-2009, 2135 live days),
# events per 0.425 MeV bin, from the vector graphics (extraction/extract_2011.py)
E_lo,E_hi,events
0.902,1.328,43.94
1.328,1.753,166.54
1.753,2.179,272.55
2.179,2.604,340.46
2.604,3.025,371.80
3.025,3.451,373.03
3.451,3.876,327.86
3.876,4.302,271.94
4.302,4.727,220.93
4.727,5.153,170.85
5.153,5.578,123.53
5.578,6.004,86.34
6.004,6.425,55.92
6.425,6.850,31.34
6.850,7.276,15.06
7.276,7.702,5.84
7.702,8.502,2.46
