# Super-Kamiokande IV, 2970 days: day/night ES rates [events/kton/year] at 1 AU per recoil kinetic-energy bin; Abe et al., PRD 109, 092001 (2024), arXiv:2312.12907, appendix table of observed and expected rates (stat. errors symmetrised) and table of energy-uncorrelated systematics (%)
# expected (MC) rates for 8B 5.25e6, hep 7.88e3 /cm2/s
# zenith: all, day (cos theta_z <= 0) or night bin [cz_lo, cz_hi] in cos theta_z (SK convention: z axis vs Sun-to-detector vector, night > 0)
E_lo,E_hi,zenith,cz_lo,cz_hi,rate,stat,mc_b8,mc_hep,syst_uncorr_percent
3.49,3.99,day,-1,0,100.2,13.15,197.2,0.347,4.85
3.49,3.99,night,0,1,89.0,10.7,197.2,0.347,4.85
3.99,4.49,day,-1,0,77.5,5.9,183.1,0.336,2.4
3.99,4.49,night,0,1,86.7,5.199999999999999,183.1,0.336,2.4
4.49,4.99,day,-1,0,76.9,3.55,168.6,0.324,2.3
4.49,4.99,night,0,1,83.4,3.25,168.6,0.324,2.3
4.99,5.49,day,-1,0,67.2,2.1,154.0,0.313,1.1
4.99,5.49,night,0,1,72.0,2.0,154.0,0.313,1.1
5.49,5.99,day,-1,0,62.7,1.6,138.5,0.299,0.9
5.49,5.99,night,0,1,60.1,1.55,138.5,0.299,0.9
5.99,6.49,day,-1,0,54.8,1.45,122.7,0.283,1.2
5.99,6.49,night,0,1,54.1,1.4,122.7,0.283,1.2
6.49,6.99,day,-1,0,48.0,1.3,107.5,0.267,1.7
6.49,6.99,night,0,1,48.5,1.3,107.5,0.267,1.7
6.99,7.49,day,-1,0,41.4,1.2,92.7,0.25,1.75
6.99,7.49,night,0,1,40.9,1.1,92.7,0.25,1.75
7.49,7.99,day,-1,0,34.0,1.05,78.7,0.233,0.9
7.49,7.99,night,0,1,36.5,1.0,78.7,0.233,0.9
7.99,8.49,day,-1,0,27.8,0.9,65.6,0.215,0.9
7.99,8.49,night,0,1,29.5,0.9,65.6,0.215,0.9
8.49,8.99,day,-1,0,23.0,0.8,53.9,0.197,0.9
8.49,8.99,night,0,1,23.3,0.75,53.9,0.197,0.9
8.99,9.49,day,-1,0,18.3,0.7,43.2,0.18,0.9
8.99,9.49,night,0,1,18.5,0.6499999999999999,43.2,0.18,0.9
9.49,9.99,day,-1,0,13.6,0.6,34.0,0.162,0.9
9.49,9.99,night,0,1,15.0,0.6,34.0,0.162,0.9
9.99,10.49,day,-1,0,11.7,0.5,26.2,0.145,0.9
9.99,10.49,night,0,1,10.9,0.5,26.2,0.145,0.9
10.49,10.99,day,-1,0,7.99,0.42,19.75,0.128,0.9
10.49,10.99,night,0,1,9.16,0.42,19.75,0.128,0.9
10.99,11.49,day,-1,0,6.2,0.35,14.44,0.112,0.9
10.99,11.49,night,0,1,6.14,0.33999999999999997,14.44,0.112,0.9
11.49,11.99,day,-1,0,4.87,0.3,10.35,0.097,0.9
11.49,11.99,night,0,1,4.66,0.29000000000000004,10.35,0.097,0.9
11.99,12.49,day,-1,0,2.96,0.24,7.16,0.083,0.9
11.99,12.49,night,0,1,3.3,0.24,7.16,0.083,0.9
12.49,12.99,day,-1,0,1.81,0.19,4.84,0.071,0.9
12.49,12.99,night,0,1,2.33,0.2,4.84,0.071,0.9
12.99,13.49,day,-1,0,1.34,0.16,3.15,0.059,0.9
12.99,13.49,night,0,1,1.45,0.16,3.15,0.059,0.9
13.49,14.49,day,-1,0,1.55,0.16999999999999998,3.22,0.088,0.9
13.49,14.49,night,0,1,1.54,0.16,3.22,0.088,0.9
14.49,15.49,day,-1,0,0.59,0.11,1.13,0.056,0.9
14.49,15.49,night,0,1,0.57,0.1,1.13,0.056,0.9
15.49,19.49,day,-1,0,0.16,0.07,0.46,0.064,0.9
15.49,19.49,night,0,1,0.21,0.07,0.46,0.064,0.9
