# Super-Kamiokande III, 548 days: day/night ES rates [events/kton/year] per recoil total-energy bin; Abe et al., PRD 83, 052010 (2011), arXiv:1010.0118, revised table (appendix); stat. errors symmetrised
# expected (MC) rates for BP2004 fluxes (8B 5.79e6, hep 7.88e3 /cm2/s); uncorrelated systematics from the stat+syst errors of the SK-IV paper (arXiv:2312.12907) appendix after subtracting statistics
# zenith: all, day (cos theta_z <= 0) or night bin [cz_lo, cz_hi] in cos theta_z (SK convention: z axis vs Sun-to-detector vector, night > 0)
E_lo,E_hi,zenith,cz_lo,cz_hi,rate,stat,mc_b8,mc_hep,syst_uncorr_percent
5.0,5.5,day,-1,0,93.4,15.3,189.7,0.334,4.3
5.0,5.5,night,0,1,72.6,13.35,189.7,0.334,4.3
5.5,6.0,day,-1,0,73.7,9.55,172.2,0.321,3.0
5.5,6.0,night,0,1,59.9,8.15,172.2,0.321,3.0
6.0,6.5,day,-1,0,55.3,6.75,155.2,0.31,2.6
6.0,6.5,night,0,1,70.4,6.9,155.2,0.31,2.6
6.5,7.0,day,-1,0,50.8,3.75,134.3,0.289,1.5
6.5,7.0,night,0,1,58.7,3.75,134.3,0.289,1.5
7.0,7.5,day,-1,0,55.6,3.55,117.1,0.271,1.3
7.0,7.5,night,0,1,52.1,3.4,117.1,0.271,1.3
7.5,8.0,day,-1,0,39.6,3.05,101.2,0.257,0.8
7.5,8.0,night,0,1,41.1,3.0,101.2,0.257,0.8
8.0,8.5,day,-1,0,37.2,2.6500000000000004,85.8,0.24,0.8
8.0,8.5,night,0,1,35.7,2.55,85.8,0.24,0.8
8.5,9.0,day,-1,0,28.4,2.25,71.7,0.223,0.8
8.5,9.0,night,0,1,32.6,2.3,71.7,0.223,0.8
9.0,9.5,day,-1,0,19.8,1.85,58.5,0.205,0.8
9.0,9.5,night,0,1,24.9,2.0,58.5,0.205,0.8
9.5,10.0,day,-1,0,17.7,1.65,47.1,0.186,0.8
9.5,10.0,night,0,1,20.3,1.75,47.1,0.186,0.8
10.0,10.5,day,-1,0,15.0,1.45,37.0,0.169,0.8
10.0,10.5,night,0,1,13.6,1.35,37.0,0.169,0.8
10.5,11.0,day,-1,0,14.7,1.35,28.5,0.151,0.8
10.5,11.0,night,0,1,12.9,1.25,28.5,0.151,0.8
11.0,11.5,day,-1,0,9.36,1.1,21.45,0.134,0.8
11.0,11.5,night,0,1,9.44,1.045,21.45,0.134,0.8
11.5,12.0,day,-1,0,5.24,0.8300000000000001,15.76,0.118,0.8
11.5,12.0,night,0,1,6.04,0.875,15.76,0.118,0.8
12.0,12.5,day,-1,0,4.08,0.7250000000000001,11.21,0.102,0.8
12.0,12.5,night,0,1,5.69,0.79,11.21,0.102,0.8
12.5,13.0,day,-1,0,2.67,0.55,7.79,0.088,0.8
12.5,13.0,night,0,1,3.38,0.5900000000000001,7.79,0.088,0.8
13.0,13.5,day,-1,0,1.59,0.41,5.22,0.074,0.8
13.0,13.5,night,0,1,2.25,0.49,5.22,0.074,0.8
13.5,14.0,day,-1,0,1.13,0.33,3.39,0.062,0.8
13.5,14.0,night,0,1,1.48,0.41,3.39,0.062,0.8
14.0,15.0,day,-1,0,2.0,0.455,3.49,0.092,0.8
14.0,15.0,night,0,1,2.31,0.475,3.49,0.092,0.8
15.0,16.0,day,-1,0,0.381,0.22349999999999998,1.227,0.059,0.8
15.0,16.0,night,0,1,1.208,0.33,1.227,0.059,0.8
16.0,20.0,day,-1,0,0.244,0.1775,0.513,0.068,0.8
16.0,20.0,night,0,1,0.0,0.262,0.513,0.068,0.8
