# Borexino Phase II, TFC-subtracted spectrum: fit components extracted from the vector graphics of Fig. 6a of
# arXiv:1707.09279 (MC method fit, N_h estimator). Units: counts / (day x 100 t x N_h), per 1-N_h bin.
# total = Borexino total fit (matches Nature 2018 Fig. 2a data - residual*error to 1e-4); components are the
# smooth drawn curves (sum matches total to <0.5% median below N_h 350, 2-5% low above: ext bkg clipped at 2e-4).
# solar = pp + 7Be + pep + CNO + 8B (all drawn in red); ext = external backgrounds (up to 3 overlapping curves).
# 0 = below the plotted range (2e-4) or not drawn.
N_h,energy_keV,data,error,total,C14,pileup,Po210,Kr85,Bi210,C11,ext,solar
93,214.537,16.4255,0.167948,17.7071,16.1977,0.57858,0,0.0268117,0.0635113,0,0.000683881,0.518461
94,216.891,11.7391,0.141982,12.1189,11.3438,0.507496,0,0.0275127,0.0640531,0,0.000757172,0.498812
95,219.245,9.34528,0.126681,9.91339,8.45735,0.449363,0,0.027506,0.0629766,0,0.000481066,0.480145
96,221.601,6.94799,0.109231,6.6705,5.75379,0.398455,0,0.0271981,0.063115,0,0.00072612,0.469831
97,223.958,5.40075,0.0963039,5.28904,4.44793,0.348791,0,0.0275441,0.0633823,0,0.000510249,0.448976
98,226.315,4.14201,0.0843378,3.66591,2.92912,0.301433,0,0.0269231,0.0625582,0,0.00022882,0.434719
99,228.674,3.43965,0.0768553,3.00913,2.19055,0.288065,0,0.0267138,0.0622158,0,0.000199973,0.422643
100,231.034,2.39213,0.0640928,2.25836,1.55339,0.241281,0,0.0266726,0.0623652,0,0.000221868,0.40412
101,233.395,1.93534,0.0576495,1.94341,1.13358,0.236062,0,0.0269669,0.0622285,0,0,0.388864
102,235.758,1.59876,0.0523972,1.45593,0.801178,0.205642,0,0.0271937,0.0617874,0,0.000425052,0.376415
103,238.121,1.27935,0.0468718,1.32308,0.696263,0.190373,0,0.0268019,0.0616043,0,0.000294793,0.359952
104,240.485,1.075,0.0429656,1.01906,0.43541,0.168525,0,0.026717,0.0616619,0,0.000199973,0.348707
105,242.851,0.839735,0.0379741,0.883779,0.294147,0.158712,0,0.0273666,0.0616244,0,0,0.334657
106,245.217,0.803673,0.0371498,0.84644,0.272274,0.137945,0,0.0270108,0.0614493,0,0,0.323894
107,247.585,0.685183,0.034302,0.623994,0.0997199,0.126191,0,0.0267236,0.0601249,0,0.000220368,0.310907
108,249.953,0.589017,0.0318039,0.577781,0.0828787,0.11189,0,0.0267323,0.0611204,0,0,0.298789
109,252.323,0.566693,0.0311954,0.582001,0.0984272,0.102153,0,0.0269516,0.0610608,0,0.000256149,0.292368
110,254.694,0.520327,0.029892,0.489604,0.0331681,0.0922521,0,0.0265773,0.0604067,0,0.000295667,0.283353
111,257.066,0.49972,0.0292941,0.491538,0.0494434,0.0812674,0,0.0264308,0.0605714,0,0.000423564,0.27042
112,259.439,0.453354,0.027902,0.491259,0.0666399,0.0778878,0,0.0266401,0.0594155,0,0,0.264868
113,261.813,0.427595,0.0270978,0.419479,0.000199973,0.0704648,0,0.0268837,0.0595098,0,0.000220798,0.255937
114,264.188,0.386381,0.0257588,0.404279,0.000199973,0.0641469,0,0.0257605,0.0602595,0,0,0.248148
115,266.565,0.425878,0.0270433,0.394603,0.0164134,0.052103,0,0.0263611,0.0591144,0,0,0.240153
116,268.942,0.36234,0.0249445,0.366822,0.000199973,0.0470819,0,0.0265277,0.058424,0,0,0.234972
117,271.32,0.364057,0.0250035,0.371579,0.0167042,0.0445589,0,0.0262392,0.0591769,0,0,0.227871
118,273.7,0.302236,0.0227819,0.344956,0.000199973,0.0390494,0,0.0264416,0.0582367,0,0,0.220472
119,276.08,0.34345,0.0242856,0.340194,0,0.0349878,0,0.0260479,0.058443,0,0,0.216736
120,278.462,0.317691,0.0233571,0.318929,0,0.0313792,0,0.0263525,0.0583908,0,0,0.212815
121,280.845,0.322843,0.0235457,0.326086,0,0.0267247,0.000199973,0.0260246,0.0580666,0,0,0.206918
122,283.229,0.317691,0.0233571,0.323538,0,0.0244485,0.000264123,0.0259075,0.0576972,0,0,0.203867
123,285.614,0.29365,0.022456,0.307798,0,0.0214727,0.000330155,0.0263193,0.0581516,0,0,0.199287
124,288,0.307388,0.0229752,0.283984,0,0.0196854,0.000352165,0.0260373,0.0569909,0,0,0.195239
125,290.387,0.302236,0.0227819,0.277334,0,0.0162349,0.000682322,0.0255581,0.0581421,0,0,0.195735
126,292.775,0.326278,0.0236707,0.316939,0,0.0161303,0.000836398,0.0255758,0.057573,0,0,0.191448
127,295.164,0.281629,0.0219915,0.285327,0,0.0124948,0.00123259,0.0257312,0.0566606,0,0,0.187896
128,297.555,0.261022,0.0211717,0.280109,0,0.0116284,0.00162878,0.025994,0.0565065,0,0,0.188214
129,299.946,0.32456,0.0236083,0.285524,0,0.00988181,0.00220106,0.0254658,0.055867,0,0,0.182181
130,302.338,0.276477,0.0217895,0.273883,0,0.00911285,0.00279529,0.0259222,0.0562842,0,0,0.181764
131,304.732,0.254153,0.0208913,0.269499,0,0.00771928,0.00330154,0.0258717,0.0559875,0,0,0.179357
132,307.127,0.254153,0.0208913,0.271611,0,0.00787841,0.00504042,0.0261041,0.0553697,0,0,0.180629
133,309.522,0.291933,0.0223902,0.277842,0,0.00607304,0.00682338,0.0253811,0.0559557,0,0,0.177437
134,311.919,0.264457,0.0213105,0.273794,0,0.00509066,0.00820992,0.0254617,0.0556382,0,0,0.17753
135,314.317,0.245567,0.0205353,0.2703,0,0.00514412,0.0105433,0.0258507,0.0544678,0,0,0.177904
136,316.716,0.303953,0.0228465,0.275693,0,0.0047444,0.0126122,0.0255498,0.0553832,0,0,0.177182
137,319.116,0.283346,0.0220585,0.288569,0,0.00462182,0.0171027,0.0253254,0.0549415,0,0,0.177319
138,321.518,0.291933,0.0223902,0.275413,0,0.00454969,0.0206023,0.0248311,0.054205,0,0,0.176369
139,323.92,0.259305,0.0211019,0.285014,0,0.0033573,0.0270955,0.0252032,0.0548478,0,0,0.175814
140,326.323,0.285064,0.0221252,0.289921,0,0.00330584,0.0338752,0.0251132,0.0546075,0,0,0.174667
141,328.728,0.333147,0.0239185,0.297018,0,0.00250084,0.0408085,0.0250317,0.0540224,0,0,0.172763
142,331.133,0.340016,0.0241639,0.3125,0,0.00281491,0.0528474,0.0250195,0.0533764,0,0,0.173738
143,333.54,0.271326,0.0215855,0.316308,0,0.0030424,0.0628181,0.025195,0.0538843,0,0,0.172366
144,335.947,0.364057,0.0250035,0.334898,0,0.00195695,0.0806488,0.0245221,0.0534871,0,0,0.171874
145,338.356,0.326278,0.0236707,0.353617,0,0.00339448,0.0960558,0.0252401,0.0537028,0,0,0.172385
146,340.766,0.398402,0.0261564,0.36403,0,0.00209276,0.117804,0.0249555,0.0522303,0,0,0.174142
147,343.177,0.374361,0.0253549,0.397162,0,0.00239689,0.141247,0.024612,0.0528775,0,0,0.174296
148,345.589,0.398402,0.0261564,0.424333,0,0.00262133,0.171316,0.0244684,0.0526352,0,0,0.170689
149,348.002,0.453354,0.027902,0.471078,0,0.00273583,0.206681,0.024565,0.0523089,0,0,0.17252
150,350.416,0.465375,0.0282695,0.484792,0,0.00261021,0.246836,0.0240337,0.052156,0,0,0.173507
151,352.831,0.564975,0.0311481,0.549091,0,0.00298714,0.289003,0.0238934,0.0519149,0,0,0.173191
152,355.248,0.53063,0.0301865,0.588088,0,0.00296163,0.34108,0.0238672,0.0518011,0,0,0.171543
153,357.665,0.576996,0.0314777,0.651918,0,0.00287258,0.403311,0.0239099,0.0510154,0,0,0.172156
154,360.084,0.719528,0.0351512,0.72297,0,0.00342191,0.477264,0.0238934,0.0508911,0,0,0.170378
155,362.503,0.825997,0.0376622,0.813418,0,0.00236307,0.548177,0.0237356,0.0516623,0,0,0.172003
156,364.924,0.963377,0.0406738,0.902328,0,0.00287656,0.646508,0.0234947,0.0511732,0,0,0.173045
157,367.346,0.959943,0.0406013,1.00925,0,0.00361861,0.742869,0.0235674,0.0505427,0,0,0.171347
158,369.769,0.99944,0.0414281,1.08551,0,0.00460027,0.86417,0.0228152,0.0495541,0,0,0.16969
159,372.193,1.20036,0.0454017,1.2229,0,0.00421805,0.983613,0.0240239,0.0502845,0,0,0.171267
160,374.618,1.26561,0.0466195,1.33583,0,0.00382195,1.11747,0.0235779,0.0499687,0,0,0.170433
161,377.044,1.49229,0.0506225,1.55807,0,0.0069296,1.26996,0.0234699,0.0492709,0,0,0.172268
162,379.471,1.70008,0.054032,1.66432,0,0.00523397,1.42948,0.0232033,0.0494374,0,0,0.170835
163,381.899,1.87695,0.0567732,1.913,0,0.00654334,1.60551,0.0228709,0.0493992,0,0,0.170462
164,384.328,2.02807,0.0590145,2.07325,0,0.00621211,1.80703,0.022731,0.049335,0,0.000217235,0.170775
165,386.759,2.18606,0.06127,2.24363,0,0.00691749,2.00097,0.0227522,0.0487648,0,0,0.171172
166,389.19,2.40587,0.0642766,2.41404,0,0.00688607,2.22122,0.0226295,0.0486104,0,0,0.172292
167,391.623,2.78881,0.0692033,2.71506,0,0.00843075,2.4564,0.0223953,0.048561,0,0,0.17034
168,394.057,3.05671,0.0724509,2.94177,0,0.00874666,2.70778,0.0219715,0.0473352,0,0,0.170289
169,396.491,3.30055,0.0752853,3.23439,0,0.009084,2.95135,0.0226185,0.047708,0,0,0.169293
170,398.927,3.51006,0.0776379,3.48076,0,0.0103144,3.22717,0.0222655,0.0476712,0,0,0.171228
171,401.364,3.65259,0.0791986,3.76421,0,0.0105953,3.49267,0.0224637,0.0477196,0,0,0.170652
172,403.802,3.89472,0.0817815,4.00168,0,0.0110263,3.77156,0.0216005,0.0471451,0,0,0.16996
173,406.241,4.34636,0.0863932,4.36766,0,0.0118729,4.03844,0.021512,0.0470073,0,0,0.170602
174,408.681,4.44253,0.0873437,4.47549,0,0.0122186,4.3149,0.0212798,0.0470953,0,0,0.170367
175,411.123,4.77911,0.0905921,4.84368,0,0.0132582,4.58822,0.0213508,0.0463772,0,0,0.170335
176,413.565,5.11054,0.0936807,5.15637,0,0.014074,4.86915,0.020906,0.0458319,0,0,0.169492
177,416.009,5.30115,0.0954118,5.32463,0,0.0153057,5.11836,0.0209613,0.046026,0,0,0.169618
178,418.453,5.50207,0.097203,5.57264,0,0.0156092,5.35132,0.0212538,0.0454313,0,0,0.169213
179,420.899,5.70814,0.0990066,5.68567,0,0.0159051,5.56449,0.0206442,0.0459419,0,0,0.169588
180,423.345,6.16836,0.10292,6.27288,0,0.0161835,5.80642,0.0207772,0.0449683,0,0,0.168496
181,425.793,6.44312,0.105188,6.45052,0,0.0178288,5.98835,0.0204039,0.0449683,0,0,0.171075
182,428.242,6.40363,0.104865,6.2135,0,0.0172626,6.15192,0.0205295,0.0446296,0,0,0.169874
183,430.692,6.55646,0.106109,6.75014,0,0.0179744,6.34133,0.0204754,0.0451661,0,0,0.16913
184,433.143,6.70243,0.107283,6.53098,0,0.0179423,6.43219,0.020155,0.0444359,0,0,0.170093
185,435.595,6.69212,0.107201,6.7625,0,0.0186305,6.55838,0.019978,0.0438296,0,0,0.170951
186,438.048,6.82092,0.108228,6.82075,0,0.0184751,6.62429,0.019371,0.0434411,0,0,0.168836
187,440.502,6.8295,0.108296,6.8795,0,0.0189043,6.67023,0.019549,0.0442287,0,0,0.166774
188,442.958,7.02527,0.109837,7.06713,0,0.0188292,6.68488,0.0198953,0.0439491,0,0,0.170456
189,445.414,7.21073,0.111277,7.13235,0,0.019061,6.67836,0.0197326,0.043323,0,0,0.169055
190,447.872,7.13174,0.110666,7.09361,0,0.0186661,6.63588,0.0195006,0.0435366,0,0,0.168203
191,450.33,6.44999,0.105244,6.51587,0,0.0186562,6.58376,0.0190679,0.0428519,0,0,0.168431
192,452.79,6.69899,0.107256,6.59447,0,0.0184271,6.47258,0.0194373,0.0430771,0,0,0.169598
193,455.251,6.38645,0.104724,6.51005,0,0.0178433,6.36379,0.0187993,0.0429495,0,0,0.168991
194,457.713,6.64576,0.106829,6.52355,0,0.0175977,6.23069,0.0187841,0.0420051,0,0,0.168929
195,460.176,6.49807,0.105635,6.36949,0,0.017388,6.04386,0.0189043,0.0423876,0,0,0.168799
196,462.64,6.24049,0.10352,6.30791,0,0.0175335,5.87933,0.0178738,0.0414084,0,0,0.168734
197,465.105,6.02755,0.101739,6.05566,0,0.0163548,5.67597,0.0186471,0.0420051,0,0,0.16905
198,467.571,5.50379,0.0972182,5.56133,0,0.0155313,5.45831,0.0181786,0.0416921,0,0,0.169926
199,470.038,5.51753,0.0973395,5.44457,0,0.0156785,5.22749,0.017868,0.0414336,0,0,0.169186
200,472.506,4.58506,0.0887338,4.74296,0,0.0144127,4.98065,0.0178064,0.0416904,0,0,0.169231
201,474.976,5.47116,0.0969296,5.28689,0,0.0139777,4.72621,0.0178209,0.0408683,0,0,0.168511
202,477.446,5.02296,0.0928745,4.79374,0,0.0134712,4.4684,0.0174439,0.0404189,0,0,0.169261
203,479.918,4.57647,0.0886507,4.57202,0,0.0123113,4.20923,0.0167702,0.0407787,0,0,0.169195
204,482.391,4.17807,0.0847041,4.18466,0,0.0121794,3.94836,0.017328,0.0396895,0,0,0.170303
205,484.864,3.81916,0.0809843,3.85385,0,0.0111032,3.66994,0.0165858,0.0402631,0,0,0.168192
206,487.339,3.60107,0.0786381,3.67247,0,0.0108414,3.43159,0.017016,0.0397525,0,0,0.168691
207,489.815,3.29025,0.0751677,3.34606,0,0.00972679,3.17396,0.0166608,0.0396009,0,0,0.167913
208,492.292,3.19752,0.0741009,3.12328,0,0.00959875,2.92448,0.0160388,0.0396976,0,0,0.168716
209,494.77,2.91761,0.0707832,2.97423,0,0.00887054,2.70053,0.01592,0.039301,0,0,0.168665
210,497.25,2.82488,0.0696493,2.76068,0,0.00835909,2.46721,0.0160656,0.039381,0,0,0.168634
211,499.73,2.4986,0.0655036,2.49494,0,0.00959095,2.2492,0.0157161,0.0384509,0,0,0.169086
212,502.211,2.30112,0.0628617,2.26387,0,0.0070975,2.05087,0.0155534,0.0389543,0,0,0.16866
213,504.694,2.08474,0.0598333,2.05629,0,0.00709635,1.85263,0.0154985,0.038138,0,0,0.171454
214,507.177,1.94736,0.0578283,1.90292,0,0.00594167,1.68385,0.015266,0.0390971,0,0,0.168302
215,509.662,1.80483,0.0556718,1.75691,0,0.00575695,1.5188,0.0152542,0.0376284,0,0,0.164689
216,512.147,1.6726,0.0535936,1.56951,0,0.00491798,1.34466,0.0148172,0.0380792,0,0,0.167268
217,514.634,1.50259,0.0507969,1.4567,0,0.00473458,1.21098,0.0147355,0.037127,0,0,0.166593
218,517.122,1.34461,0.0480523,1.29794,0,0.00401414,1.07396,0.0145451,0.0376253,0,0,0.166553
219,519.611,1.12308,0.043916,1.16411,0,0.00406355,0.949514,0.0146626,0.0370561,0,0,0.165627
220,522.101,1.05611,0.0425864,1.04579,0,0.00338236,0.836351,0.0139402,0.0371013,0,0,0.168569
221,524.592,0.920446,0.0397572,0.979025,0,0.00292763,0.745501,0.0138978,0.0364111,0,0,0.165796
222,527.084,0.848322,0.0381678,0.885325,0,0.0030125,0.647455,0.01375,0.0360386,0,0,0.168059
223,529.578,0.801956,0.0371101,0.787201,0,0.00293097,0.561939,0.0133828,0.0364318,0,0.000220877,0.169028
224,532.072,0.702355,0.0347292,0.684867,0,0.00309982,0.486213,0.0132593,0.0355888,0,0,0.165802
225,534.567,0.66801,0.0338695,0.650172,0,0.00229966,0.427067,0.0130237,0.0356742,0,0,0.16874
226,537.064,0.56841,0.0312426,0.586942,0,0.00193674,0.364415,0.0132318,0.0359976,0,0,0.165132
227,539.561,0.542651,0.0305265,0.531977,0,0.00203372,0.315115,0.0128706,0.0358895,0,0,0.16591
228,542.06,0.501437,0.0293444,0.48314,0,0.00198776,0.268952,0.0124913,0.0346763,0,0,0.164725
229,544.56,0.441333,0.0275296,0.454488,0,0.00505355,0.232794,0.0124098,0.0351689,0,0,0.167228
230,547.061,0.434464,0.0273145,0.402803,0,0.00171609,0.19414,0.0121478,0.0342463,0,0,0.165644
231,549.563,0.417292,0.0267693,0.388318,0,0.00136398,0.167589,0.0118027,0.0347341,0,0,0.164845
232,552.066,0.353754,0.0246472,0.350967,0,0.001516,0.139882,0.0118459,0.0344977,0,0,0.165807
233,554.57,0.360623,0.0248853,0.337015,0,0.00279905,0.119298,0.0111317,0.0338051,0,0,0.165052
234,557.075,0.300519,0.0227171,0.308173,0,0.00121559,0.0994447,0.011055,0.0339483,0,0,0.165332
235,559.581,0.314257,0.0232305,0.295717,0,0.00142141,0.0839058,0.0110205,0.0337049,0,0.000257013,0.16635
236,562.089,0.305671,0.022911,0.27835,0,0.0011344,0.0689153,0.0107589,0.0337955,0,0,0.165853
237,564.597,0.267891,0.0214484,0.274184,0,0.00138399,0.0572068,0.0106622,0.0335368,0,0,0.16612
238,567.107,0.291933,0.0223902,0.258082,0,0.00111199,0.0476751,0.0105326,0.0330255,0,0,0.165562
239,569.617,0.266174,0.0213796,0.24954,0,0.00109617,0.0400591,0.0104975,0.0328768,0,0,0.164732
240,572.129,0.271326,0.0215855,0.238163,0,0.000643839,0.0326863,0.0102788,0.033008,0,0,0.16676
241,574.642,0.249001,0.0206784,0.240234,0,0.000681964,0.0261487,0.00983812,0.0317448,0,0,0.16433
242,577.155,0.283346,0.0220585,0.232775,0,0.000505351,0.0226047,0.0096771,0.0325285,0,0,0.166086
243,579.67,0.249001,0.0206784,0.225034,0,0.00118906,0.0187749,0.00946431,0.0322822,0,0,0.165461
244,582.186,0.233546,0.0200264,0.220973,0,0.000919108,0.0155617,0.00900386,0.031768,0,0,0.164529
245,584.703,0.240415,0.0203188,0.219363,0,0.000919354,0.01182,0.00875413,0.0316713,0,0,0.166115
246,587.222,0.204353,0.018733,0.217905,0,0.000800765,0.0099269,0.00853904,0.0317745,0,0.000217483,0.163185
247,589.741,0.242132,0.0203912,0.21733,0,0.000786139,0.00798999,0.00855607,0.0312735,0,0,0.163769
248,592.261,0.192332,0.0181737,0.207878,0,0.00114649,0.00616306,0.00826248,0.0309875,0,0,0.16309
249,594.783,0.212939,0.0191225,0.212059,0,0.00318553,0.00435817,0.00809,0.0307992,0,0.000534594,0.163874
250,597.305,0.182029,0.0176802,0.182545,0,0.000872801,0.00374186,0.00788738,0.030236,0,0,0.161559
251,599.829,0.223243,0.0195797,0.219452,0,0.0010569,0.00409406,0.00759046,0.0303851,0,0,0.162731
252,602.354,0.197484,0.0184155,0.212016,0,0.00100291,0.00257524,0.00753268,0.0302754,0,0,0.162903
253,604.879,0.176877,0.0174282,0.203563,0,0.000343764,0.00182687,0.00708367,0.0297508,0,0,0.159931
254,607.406,0.190615,0.0180924,0.19861,0,0.000518112,0.00165079,0.00712438,0.02994,0,0,0.16013
255,609.934,0.22496,0.0196548,0.195613,0,0.000519768,0.00118857,0.00720652,0.0298647,0,0,0.160254
256,612.463,0.20607,0.0188115,0.201276,0,0.000510372,0.00112254,0.00669426,0.0295507,0,0,0.162931
257,614.993,0.195767,0.0183352,0.197772,0,0.000884224,0.00107851,0.00631163,0.0285994,0,0,0.156245
258,617.524,0.180311,0.0175966,0.192584,0,0.000848196,0.000792376,0.00620403,0.0285599,0,0,0.158071
259,620.057,0.182029,0.0176802,0.194235,0,0.000506717,0.000704333,0.00605037,0.0285762,0,0,0.158457
260,622.59,0.18718,0.0179286,0.193415,0,0.000829599,0.000550259,0.0056694,0.0282367,0,0,0.157368
261,625.124,0.199201,0.0184954,0.195256,0,0.000400057,0.000374176,0.00579758,0.0280252,0,0.000231385,0.155817
262,627.66,0.195767,0.0183352,0.189432,0,0.000575901,0.000199973,0.00531631,0.028032,0,0,0.154615
263,630.197,0.197484,0.0184155,0.187174,0,0.000980989,0,0.00527755,0.0279876,0,0,0.155303
264,632.734,0.157987,0.0164713,0.189663,0,0.00056481,0,0.0052662,0.0278311,0,0,0.154889
265,635.273,0.154553,0.0162913,0.185146,0,0.000647558,0,0.0050261,0.0276585,0,0,0.152591
266,637.813,0.154553,0.0162913,0.185319,0,0.000579352,0,0.00476315,0.027743,0,0,0.151195
267,640.354,0.199201,0.0184954,0.18355,0,0.000549687,0,0.00467662,0.0270382,0,0,0.150123
268,642.896,0.171725,0.0171725,0.185908,0,0.000393672,0,0.00434685,0.0266087,0,0,0.149767
269,645.439,0.183746,0.0177634,0.178742,0,0.000557266,0,0.004385,0.0264813,0,0,0.147065
270,647.983,0.190615,0.0180924,0.175888,0,0.000396678,0,0.004131,0.0268586,0,0,0.143843
271,650.528,0.17516,0.0173434,0.173079,0,0.000708352,0,0.00379656,0.0261498,0,0,0.14418
272,653.075,0.147684,0.0159251,0.170212,0,0.000480462,0,0.00374491,0.0259117,0,0,0.141838
273,655.622,0.212939,0.0191225,0.175838,0,0.000381504,0,0.00352311,0.0256476,0,0.000199973,0.140073
274,658.171,0.154553,0.0162913,0.168074,0,0.000232863,0,0.00352268,0.0257825,0,0.00025268,0.139002
275,660.72,0.176877,0.0174282,0.162234,0,0.000624334,0,0.00335702,0.0253234,0,0.000199973,0.135244
276,663.271,0.15627,0.0163815,0.163944,0,0.000459322,0,0.00317855,0.0246661,0,0,0.134469
277,665.823,0.164856,0.0168255,0.163359,0,0.000988912,0,0.00286047,0.0249089,0,0,0.132293
278,668.376,0.149401,0.0160174,0.160202,0,0.000755215,0,0.00294398,0.0247394,0,0,0.130325
279,670.93,0.140815,0.0155504,0.154498,0,0.00038311,0,0.00272595,0.0245251,0,0,0.126606
280,673.485,0.142532,0.0156449,0.152068,0,0.000534604,0,0.00269883,0.0246571,0,0,0.125562
281,676.041,0.157987,0.0164713,0.154932,0,0.000803491,0,0.00253216,0.0238798,0,0.00050117,0.123018
282,678.598,0.15627,0.0163815,0.144699,0,0.00266006,0,0.00240714,0.0237713,0,0.000199973,0.118062
283,681.156,0.144249,0.0157389,0.143989,0,0.000525916,0,0.00221104,0.0236211,0,0.000199973,0.117862
284,683.716,0.139097,0.0154553,0.144224,0,0.000511528,0,0.00210108,0.0238371,0,0.000783395,0.113614
285,686.276,0.10647,0.0135216,0.138958,0,0.000796104,0,0.00211155,0.0230463,0,0.000399946,0.110598
286,688.837,0.109904,0.013738,0.131143,0,0.00216337,0,0.0016628,0.0226811,0,0,0.107825
287,691.4,0.13738,0.0153596,0.130394,0,0.000440646,0,0.00172578,0.0231195,0,0,0.105201
288,693.964,0.139097,0.0154553,0.132214,0,0.000710209,0,0.0017878,0.022792,0,0.000234058,0.103201
289,696.529,0.142532,0.0156449,0.125945,0,0.00192746,0,0.00147731,0.0220243,0,0.000218334,0.0988757
290,699.094,0.13738,0.0153596,0.120418,0,0.000434637,0,0.00135803,0.0223653,0,0.000199973,0.0966646
291,701.661,0.101318,0.0131904,0.116537,0,0.000513969,0,0.00139542,0.0217927,0,0.000497568,0.0935301
292,704.229,0.116773,0.0141608,0.116936,0,0.000565525,0,0.0013803,0.0219858,0,0.000722399,0.09096
293,706.798,0.115056,0.0140563,0.111296,0,0.00048931,0,0.00116572,0.0212789,0,0.000199973,0.086777
294,709.369,0.11849,0.0142646,0.107434,0,0.000639818,0,0.0011944,0.0212633,0,0,0.0829525
295,711.94,0.096166,0.0128507,0.104068,0,0.000498227,0,0.0011193,0.021655,0,0,0.0810593
296,714.512,0.0789935,0.011647,0.102136,0,0.000345507,0,0.000986038,0.0216145,0,0.000199973,0.0780805
297,717.086,0.109904,0.013738,0.101652,0,0.00197718,0,0.000944648,0.0207907,0,0.00050675,0.0762359
298,719.66,0.0910143,0.0125018,0.0941003,0,0.000693585,0,0.000863949,0.0206946,0,0.000419395,0.0709251
299,722.236,0.0721245,0.0111291,0.0904255,0,0.000347265,0,0.00083525,0.0200121,0,0.000482309,0.0691314
300,724.813,0.0807108,0.0117729,0.0855763,0,0.000632753,0,0.000821105,0.0203873,0,0.000500009,0.0648974
301,727.39,0.0927315,0.0126192,0.087632,0,0.000664255,0,0.000650978,0.0199593,0,0.000412333,0.06377
302,729.969,0.0772763,0.0115197,0.0814957,0,0.000340738,0,0.000672123,0.0196199,0,0.000511438,0.0597197
303,732.549,0.0789935,0.011647,0.0794869,0,0.000267739,0,0.00066412,0.0193372,0,0.000199973,0.0578342
304,735.13,0.0807108,0.0117729,0.0756874,0,0.000271924,0,0.000611528,0.0199463,0,0.000239349,0.0540581
305,737.712,0.075559,0.0113909,0.0724485,0,0.000403585,0,0.000466055,0.018749,0,0.000252124,0.0524983
306,740.295,0.061821,0.0103035,0.0700478,0,0.000533991,0,0.000422211,0.0192972,0,0.000199973,0.0498963
307,742.88,0.103035,0.0133018,0.0679557,0,0.000588019,0,0.000458794,0.0184489,0,0.000256221,0.0466919
308,745.465,0.0583865,0.0100132,0.0655519,0,0.000199973,0,0.000354451,0.0190532,0,0,0.0451438
309,748.052,0.0635383,0.0104456,0.0632202,0,0.000330995,0,0.000353289,0.0187902,0,0,0.0430815
310,750.639,0.0515175,0.00940577,0.0601543,0,0.000448841,0,0.000307414,0.0186085,0,0.000199973,0.0403577
311,753.228,0.0635383,0.0104456,0.0589417,0,0.000716277,0,0.000339756,0.0181145,0,0.000581568,0.0390206
312,755.817,0.0429313,0.00858625,0.0562933,0,0.00066023,0,0.000318617,0.0180293,0,0.000418986,0.0365931
313,758.408,0.048083,0.00908683,0.0545144,0,0.000315139,0,0.00023864,0.017737,0,0.000199973,0.0350578
314,761,0.0515175,0.00940577,0.0518685,0,0.000380204,0,0,0.0172612,0,0.000199973,0.0330723
315,763.593,0.0463658,0.00892309,0.0502069,0,0.000629794,0,0,0.0177486,0,0.000220645,0.0308463
316,766.187,0.0429313,0.00858625,0.0470284,0,0.000199973,0,0,0.0165925,0,0.000528172,0.0292396
317,768.782,0.048083,0.00908683,0.0469252,0,0.000501093,0,0.000212264,0.0171082,0,0.000199973,0.0280746
318,771.378,0.0394968,0.00823564,0.0443096,0,0.000445498,0,0,0.0171326,0,0.000280476,0.0261467
319,773.976,0.0498003,0.00924768,0.0422706,0,0.000311583,0,0,0.0162488,0,0.000646053,0.0251603
320,776.574,0.0532348,0.00956124,0.0418126,0,0.00049594,0,0,0.0167164,0,0.000262141,0.0240127
321,779.173,0.0429313,0.00858625,0.0419403,0,0.000354206,0,0,0.0161068,0,0,0.0233536
322,781.774,0.034345,0.00767978,0.0379155,0,0.000199973,0,0,0.0160688,0,0.000199973,0.0212957
323,784.375,0.034345,0.00767978,0.0372964,0,0.000246424,0,0,0.0157308,0,0.00061087,0.0204187
324,786.978,0.0326278,0.00748532,0.0364793,0,0,0,0,0.0156289,0,0.000454125,0.0197926
325,789.582,0.0377795,0.00805462,0.0344571,0,0.000199973,0,0,0.015513,0,0.000241672,0.0182525
326,792.187,0.027476,0.006869,0.0353839,0,0.000297772,0,0,0.015261,0,0.000637661,0.0183577
327,794.793,0.0463658,0.00892309,0.0342073,0,0.000234913,0,0,0.0152945,0,0.000753776,0.0175434
328,797.4,0.0291933,0.0070804,0.0327488,0,0.000473083,0,0,0.0148975,0,0.000438167,0.0165506
329,800.008,0.048083,0.00908683,0.031452,0,0.00023658,0,0,0.0149789,0,0.000748581,0.0154252
330,802.617,0.027476,0.006869,0.0314686,0,0.000199973,0,0,0.0147505,0,0.00079376,0.0154376
331,805.227,0.0377795,0.00805462,0.0313575,0,0.000565035,0,0,0.0144955,0,0.000523582,0.0148298
332,807.839,0.0240415,0.00642536,0.0292817,0,0.000199973,0,0,0.0140769,0,0.000399946,0.0142331
333,810.451,0.0360623,0.00786943,0.0281485,0,0.000228904,0,0,0.0135767,0,0.000620388,0.0134042
334,813.065,0.0257588,0.00665088,0.0281313,0,0.000199973,0,0,0.0140078,0,0.000914877,0.0129216
335,815.679,0.0377795,0.00805462,0.0287661,0,0.000280781,0,0,0.0139606,0,0.000689407,0.0132484
336,818.295,0.0240415,0.00642536,0.0277396,0,0.000346081,0,0,0.0137942,0,0.000988864,0.0127279
337,820.912,0.034345,0.00767978,0.0276405,0,0.000220379,0,0,0.0138318,0,0.000704466,0.012388
338,823.53,0.034345,0.00767978,0.0264717,0,0.000226511,0,0,0.0134362,0,0.000982511,0.0118637
339,826.149,0.0326278,0.00748532,0.0260458,0,0.000275803,0,0,0.0131258,0,0.00075341,0.0115083
340,828.769,0.0257588,0.00665088,0.0260215,0,0.000327174,0,0,0.0126903,0,0.000845626,0.0114913
341,831.39,0.0257588,0.00665088,0.0257103,0,0.00053722,0,0,0.0127861,0,0.000430371,0.011174
342,834.012,0.0240415,0.00642536,0.024376,0,0.000276083,0,0,0.0125753,0,0.000444109,0.0110111
343,836.635,0.027476,0.006869,0.02429,0,0.000373858,0,0,0.0122853,0,0.000842381,0.0106209
344,839.259,0.0240415,0.00642536,0.0239255,0,0.000216864,0,0,0.0119879,0,0.000750092,0.0105594
345,841.885,0.034345,0.00767978,0.0246821,0,0.000421258,0,0,0.0121893,0,0.00089403,0.0104654
346,844.511,0.0240415,0.00642536,0.024162,0,0.000317795,0,0,0.0122818,0,0.000728272,0.0105671
347,847.139,0.0188898,0.00569547,0.0232779,0,0.000199973,0,0,0.0117347,0,0.00100427,0.0100947
348,849.768,0.0291933,0.0070804,0.0230989,0,0.000205401,0,0,0.0113487,0,0.000766363,0.0102278
349,852.398,0.027476,0.006869,0.0233234,0,0.000199973,0,0,0.0119222,0,0.000620494,0.0102651
350,855.028,0.0291933,0.0070804,0.0223689,0,0.000261095,0,0,0.0113819,0,0.000866289,0.00975745
351,857.66,0.0154553,0.00515175,0.0226323,0,0.000199973,0,0,0.0111879,0.000199973,0.000703241,0.00996846
352,860.293,0.0240415,0.00642536,0.0227837,0,0.000307422,0,0,0.0113302,0.000236474,0.000598689,0.00985117
353,862.927,0.0103035,0.00420639,0.0219947,0,0.000199973,0,0,0.0108555,0.000251383,0.000731811,0.00985842
354,865.563,0.0188898,0.00569547,0.0223644,0,0.000199973,0,0,0.0106177,0.000288656,0.000745907,0.0100799
355,868.199,0.020607,0.00594873,0.0228765,0,0.00144149,0,0,0.0104134,0.000334211,0.000449263,0.00958925
356,870.836,0.0171725,0.00543042,0.0213395,0,0.000245675,0,0,0.0103366,0.000314333,0.000399946,0.00955886
357,873.475,0.0171725,0.00543042,0.0207266,0,0.000199973,0,0,0.00991561,0.000318889,0.000844062,0.00913545
358,876.114,0.020607,0.00594873,0.0208754,0,0.000299591,0,0,0.01007,0.000383908,0.000816315,0.00943501
359,878.755,0.0257588,0.00665088,0.020986,0,0.000383301,0,0,0.00973351,0.000420353,0.000799236,0.00931371
360,881.397,0.027476,0.006869,0.0213664,0,0.000622601,0,0,0.009683,0.000461352,0.00102753,0.00916747
361,884.039,0.0154553,0.00515175,0.0209264,0,0.000377265,0,0,0.00956292,0.000480404,0.0007927,0.00920029
362,886.683,0.0223243,0.00619163,0.0206475,0,0.000289874,0,0,0.00954777,0.000498626,0.000826676,0.00942379
363,889.328,0.0188898,0.00569547,0.0213231,0,0.000458028,0,0,0.00948164,0.000561576,0.000988152,0.00923874
364,891.974,0.0120208,0.00454342,0.0208737,0,0.00120042,0,0,0.00926636,0.000612931,0.000961674,0.00873308
365,894.621,0.0171725,0.00543042,0.0200211,0,0.000231492,0,0,0.00929541,0.00062701,0.00077738,0.00889686
366,897.269,0.013738,0.00485712,0.0207806,0,0.000275589,0,0,0.0089728,0.000670082,0.00102472,0.00927472
367,899.919,0.0103035,0.00420639,0.0195983,0,0.000228201,0,0,0.00876695,0.000758294,0.00111715,0.00863779
368,902.569,0.0154553,0.00515175,0.0191682,0,0.000199973,0,0,0.00852586,0.000793497,0.000797178,0.00853805
369,905.221,0.0188898,0.00569547,0.0194318,0,0.000268386,0,0,0.00859441,0.000868459,0.000794043,0.00848218
370,907.873,0.0120208,0.00454342,0.0195157,0,0.000314889,0,0,0.00827659,0.000872599,0.000812427,0.00913906
371,910.527,0.0154553,0.00515175,0.0192236,0,0.000263813,0,0,0.00822963,0.000935549,0.000945404,0.00842203
372,913.181,0.020607,0.00594873,0.0201222,0,0.00129638,0,0,0.00797637,0.00104571,0.000993851,0.00863041
373,915.837,0.0188898,0.00569547,0.0204912,0,0.00124798,0,0,0.00776207,0.00112191,0.00084918,0.00897909
374,918.494,0.020607,0.00594873,0.0185949,0,0.000217298,0,0,0.00778071,0.00116416,0.000907683,0.00846568
375,921.152,0.013738,0.00485712,0.017868,0,0,0,0,0.00764838,0.00124864,0.000816411,0.00873441
376,923.811,0.027476,0.006869,0.0195681,0,0,0,0,0.00755015,0.00133106,0.000950151,0.00844615
377,926.471,0.0257588,0.00665088,0.0191627,0,0,0,0,0.0075128,0.00141803,0.000917744,0.0089868
378,929.132,0.00858625,0.00383989,0.0189644,0,0.000199973,0,0,0.00746987,0.00146152,0.000930697,0.00861072
379,931.795,0.0240415,0.00642536,0.0184886,0,0.000332212,0,0,0.0071473,0.00154931,0.00110499,0.00803945
380,934.458,0.0188898,0.00569547,0.018301,0,0.000199973,0,0,0.00688915,0.00166155,0.00124912,0.00820625
381,937.122,0.0223243,0.00619163,0.0182127,0,0,0,0,0.00708396,0.00167066,0.0010249,0.00834052
382,939.788,0.0120208,0.00454342,0.0177955,0,0,0,0,0.00673356,0.00177461,0.000918199,0.00817532
383,942.455,0.0103035,0.00420639,0.0181181,0,0,0,0,0.00667714,0.00191087,0.000731371,0.00832465
384,945.122,0.0154553,0.00515175,0.0184744,0,0,0,0,0.00658389,0.00212373,0.000829386,0.00833961
385,947.791,0.0223243,0.00619163,0.0182608,0,0,0,0,0.00644383,0.00211835,0.00116857,0.00806409
386,950.461,0.0154553,0.00515175,0.0181417,0,0,0,0,0.0061588,0.00211297,0.00137243,0.00830123
387,953.132,0.020607,0.00594873,0.0182282,0,0,0,0,0.00636263,0.00230969,0.000944474,0.00818993
388,955.804,0.0188898,0.00569547,0.0181064,0,0,0,0,0.00582356,0.00245173,0.00098222,0.00814597
389,958.477,0.013738,0.00485712,0.0177277,0,0,0,0,0.00592648,0.00248819,0.0011687,0.00809152
390,961.151,0.013738,0.00485712,0.017776,0,0.000199973,0,0,0.00580819,0.00261077,0.00104711,0.00802143
391,963.826,0.00858625,0.00383989,0.0184564,0,0.000919332,0,0,0.00550566,0.00266709,0.00104932,0.00801553
392,966.503,0.0171725,0.00543042,0.0179073,0,0.000299084,0,0,0.00578698,0.00282534,0.000910245,0.00783392
393,969.18,0.00515175,0.00297436,0.0175699,0,0,0,0,0.00546108,0.00299309,0.00117263,0.00767664
394,971.859,0.0103035,0.00420639,0.0174638,0,0,0,0,0.00513681,0.00301458,0.00111158,0.00761063
395,974.538,0.0103035,0.00420639,0.0180007,0,0,0,0,0.00550656,0.00309944,0.00111056,0.00796994
396,977.219,0.020607,0.00594873,0.0177291,0,0,0,0,0.00505355,0.00329698,0.00125382,0.00789502
397,979.901,0.0154553,0.00515175,0.017376,0,0,0,0,0.00498642,0.00338154,0.00120923,0.00756178
398,982.584,0.0154553,0.00515175,0.0177457,0,0.00035595,0,0,0.00479715,0.00349047,0.00117944,0.00748994
399,985.268,0.020607,0.00594873,0.0179693,0,0.000199973,0,0,0.00470943,0.00360848,0.0011472,0.00784949
400,987.953,0.0103035,0.00420639,0.0152405,0,0,0,0,0.00467225,0.0036437,0.00144732,0.0076146
401,990.639,0.0257588,0.00665088,0.0197334,0,0,0,0,0.00446323,0.00376536,0.00102166,0.00794311
402,993.326,0.0154553,0.00515175,0.0175043,0,0.000199973,0,0,0.00431446,0.00387105,0.0011028,0.00741347
403,996.014,0.0171725,0.00543042,0.0178971,0,0.000267264,0,0,0.00433926,0.00411073,0.00123677,0.00802368
404,998.704,0.00858625,0.00383989,0.0179554,0,0,0,0,0.00430553,0.00423265,0.00146578,0.00766676
405,1001.39,0.013738,0.00485712,0.0175984,0,0.000199973,0,0,0.0040806,0.00434985,0.00112285,0.00740863
406,1004.09,0.0188898,0.00569547,0.0180557,0,0.000867884,0,0,0.00385174,0.00446323,0.000973669,0.00752215
407,1006.78,0.0171725,0.00543042,0.0182965,0,0.000850648,0,0,0.00396339,0.00460195,0.00111987,0.00757254
408,1009.47,0.013738,0.00485712,0.0175114,0,0.000199973,0,0,0.00384845,0.00456933,0.00145752,0.0074623
409,1012.17,0.0188898,0.00569547,0.0178419,0,0,0,0,0.00359179,0.00472785,0.0015031,0.0076306
410,1014.86,0.0171725,0.00543042,0.0175356,0,0,0,0,0.00364726,0.00483356,0.00134708,0.00754651
411,1017.56,0.027476,0.006869,0.0178455,0,0.000199973,0,0,0.00347546,0.0049988,0.00162804,0.00720158
412,1020.26,0.0103035,0.00420639,0.0172746,0,0.000274689,0,0,0.00337989,0.00513159,0.00114509,0.00723356
413,1022.96,0.0188898,0.00569547,0.0177284,0,0.000209933,0,0,0.00336796,0.00519265,0.00118098,0.00743852
414,1025.66,0.020607,0.00594873,0.01811,0,0,0,0,0.00344214,0.00537432,0.00167518,0.00726432
415,1028.36,0.0240415,0.00642536,0.0179423,0,0.000202232,0,0,0.0032663,0.00535665,0.00123464,0.00750893
416,1031.06,0.0154553,0.00515175,0.0175699,0,0,0,0,0.00316462,0.00561254,0.00143519,0.00710463
417,1033.76,0.0240415,0.00642536,0.0177818,0,0,0,0,0.00311523,0.005651,0.00140138,0.00745168
418,1036.47,0.0240415,0.00642536,0.0174418,0,0,0,0,0.0028789,0.00575952,0.00106945,0.00731519
419,1039.17,0.0223243,0.00619163,0.0182579,0,0,0,0,0.00300247,0.00582995,0.00155513,0.00741399
420,1041.88,0.0188898,0.00569547,0.0179277,0,0,0,0,0.00282821,0.00586179,0.00150752,0.00727883
421,1044.59,0.0120208,0.00454342,0.0181093,0,0,0,0,0.00266417,0.00598531,0.00138102,0.00740825
422,1047.3,0.0291933,0.0070804,0.0175891,0,0,0,0,0.00257006,0.00625747,0.00158322,0.00714831
423,1050.01,0.0120208,0.00454342,0.0177291,0,0,0,0,0.00275155,0.00618942,0.00153903,0.00685739
424,1052.72,0.0188898,0.00569547,0.0182608,0,0,0,0,0.00253232,0.00639972,0.00180225,0.00722872
425,1055.43,0.0154553,0.00515175,0.0174255,0,0,0,0,0.00245943,0.00645484,0.0012953,0.00717902
426,1058.14,0.013738,0.00485712,0.0183725,0,0.000225385,0,0,0.0023757,0.00656332,0.00138494,0.0071449
427,1060.86,0.0223243,0.00619163,0.0179073,0,0,0,0,0.00224651,0.00658068,0.00147765,0.00714371
428,1063.57,0.013738,0.00485712,0.017951,0,0,0,0,0.00231946,0.00675632,0.00169162,0.00701582
429,1066.29,0.0188898,0.00569547,0.0181093,0,0,0,0,0.00229468,0.00680981,0.00158666,0.00689354
430,1069.01,0.0171725,0.00543042,0.0180146,0,0,0,0,0.00215931,0.00689055,0.00160926,0.00689665
431,1071.73,0.0309105,0.00728568,0.0178064,0,0,0,0,0.00204164,0.00702803,0.00134197,0.00698109
432,1074.45,0.0257588,0.00665088,0.0175549,0,0,0,0,0.00201029,0.00707245,0.00126806,0.00728219
433,1077.17,0.0171725,0.00543042,0.0178013,0,0,0,0,0.00193073,0.00714614,0.00158869,0.00694103
434,1079.89,0.0309105,0.00728568,0.018298,0,0,0,0,0.00179138,0.00725383,0.00152857,0.00682929
435,1082.61,0.0171725,0.00543042,0.0178317,0,0,0,0,0.00172946,0.00734731,0.00202223,0.00653565
436,1085.34,0.027476,0.006869,0.0178905,0,0,0,0,0.00178709,0.00756182,0.00153698,0.00684463
437,1088.06,0.020607,0.00594873,0.0183337,0,0,0,0,0.00165043,0.00748172,0.00161935,0.00699766
438,1090.79,0.0188898,0.00569547,0.0177097,0,0,0,0,0.00159582,0.00744471,0.00150374,0.00694413
439,1093.51,0.027476,0.006869,0.0180961,0,0,0,0,0.00161864,0.0076372,0.00156625,0.00672839
440,1096.24,0.0120208,0.00454342,0.01725,0,0,0,0,0.00160447,0.007794,0.00131566,0.00684915
441,1098.97,0.013738,0.00485712,0.0189266,0,0,0,0,0.0015214,0.00785634,0.00170156,0.00705365
442,1101.7,0.0257588,0.00665088,0.0178702,0,0,0,0,0.00138084,0.00784103,0.00151704,0.00677417
443,1104.43,0.0188898,0.00569547,0.0177471,0,0,0,0,0.00131531,0.00796438,0.00167661,0.00659844
444,1107.17,0.0103035,0.00420639,0.0179583,0,0,0,0,0.00126582,0.00801178,0.00158586,0.00664508
445,1109.9,0.020607,0.00594873,0.0184369,0,0,0,0,0.001306,0.00795209,0.00209569,0.00667847
446,1112.64,0.0223243,0.00619163,0.0178506,0,0,0,0,0.00130811,0.00815968,0.00114643,0.00678347
447,1115.37,0.0223243,0.00619163,0.0181942,0,0,0,0,0.00125298,0.00830355,0.00187669,0.00655727
448,1118.11,0.020607,0.00594873,0.0177032,0,0,0,0,0.00115692,0.00825274,0.00167223,0.00657535
449,1120.85,0.0120208,0.00454342,0.0182727,0,0,0,0,0.00100158,0.00824201,0.0019499,0.006556
450,1123.59,0.020607,0.00594873,0.0186206,0,0,0,0,0.00114103,0.00833432,0.00206651,0.00664011
451,1126.33,0.0120208,0.00454342,0.0180806,0,0,0,0,0.0010756,0.00845511,0.00157279,0.00656036
452,1129.07,0.0171725,0.00543042,0.0184136,0,0,0,0,0.000976271,0.00850198,0.00206722,0.00640051
453,1131.81,0.020607,0.00594873,0.0185858,0,0,0,0,0.00098563,0.00862871,0.00188572,0.00675977
454,1134.55,0.00858625,0.00383989,0.0180689,0,0,0,0,0.000848641,0.00862556,0.00154607,0.00649068
455,1137.3,0.00858625,0.00383989,0.0178354,0,0,0,0,0.000983185,0.00874772,0.00169079,0.00622334
456,1140.04,0.0240415,0.00642536,0.0181476,0,0,0,0,0.000756665,0.00876196,0.00181189,0.00652046
457,1142.79,0.0188898,0.00569547,0.0185579,0,0,0,0,0.000773725,0.00870834,0.00182659,0.00669387
458,1145.54,0.0154553,0.00515175,0.018209,0,0,0,0,0.000837763,0.00912953,0.00163632,0.00638572
459,1148.29,0.0240415,0.00642536,0.0183621,0,0,0,0,0.000849798,0.00904899,0.00219352,0.00609163
460,1151.04,0.020607,0.00594873,0.0183136,0,0,0,0,0.000633841,0.00894404,0.00184662,0.00669823
461,1153.79,0.0188898,0.00569547,0.0181683,0,0,0,0,0.000631499,0.00897135,0.0017496,0.00620566
462,1156.54,0.0171725,0.00543042,0.0183987,0,0.000199973,0,0,0.000631797,0.00905009,0.00205586,0.00623589
463,1159.29,0.0240415,0.00642536,0.0181587,0,0.000368725,0,0,0.000592708,0.00900386,0.00184414,0.00628652
464,1162.05,0.0103035,0.00420639,0.0185217,0,0.000199973,0,0,0.000605679,0.00915852,0.00217405,0.00639643
465,1164.8,0.013738,0.00485712,0.0182341,0,0,0,0,0.0005372,0.00919022,0.00217732,0.00591954
466,1167.56,0.013738,0.00485712,0.0176888,0,0,0,0,0.000484552,0.00918238,0.00172047,0.00588797
467,1170.32,0.0240415,0.00642536,0.0183054,0,0,0,0,0.00039923,0.00934656,0.00186876,0.00624607
468,1173.08,0.0240415,0.00642536,0.0175199,0,0,0,0,0.000381249,0.0092209,0.00173583,0.00606901
469,1175.84,0.0188898,0.00569547,0.0179226,0,0,0,0,0.000498766,0.00925658,0.00180001,0.00594215
470,1178.6,0.0223243,0.00619163,0.0181801,0,0,0,0,0.000388198,0.00949051,0.00203939,0.00598571
471,1181.36,0.0103035,0.00420639,0.0184226,0,0,0,0,0.000342115,0.00952219,0.00242789,0.00581243
472,1184.12,0.0223243,0.00619163,0.018246,0,0,0,0,0.000359895,0.00952413,0.00234606,0.00574605
473,1186.89,0.0223243,0.00619163,0.0183397,0,0,0,0,0.000363128,0.00957809,0.00225122,0.00596461
474,1189.65,0.013738,0.00485712,0.0185172,0,0,0,0,0.000324134,0.00940908,0.00245646,0.00595659
475,1192.42,0.0120208,0.00454342,0.0176149,0,0,0,0,0.000319566,0.00956759,0.00183189,0.00587743
476,1195.19,0.0223243,0.00619163,0.0179773,0,0.000236021,0,0,0.000263491,0.00968694,0.00198394,0.00544889
477,1197.95,0.0171725,0.00543042,0.0177905,0,0,0,0,0.000276815,0.00966059,0.00191426,0.0053655
478,1200.72,0.0188898,0.00569547,0.0184729,0,0,0,0,0.000304504,0.00962297,0.00276001,0.00548239
479,1203.49,0.0154553,0.00515175,0.0180029,0,0,0,0,0.000226125,0.00968458,0.002306,0.00559505
480,1206.27,0.0257588,0.00665088,0.0174432,0,0,0,0,0.000222649,0.0098014,0.00218037,0.00554342
481,1209.04,0.0326278,0.00748532,0.0183972,0,0,0,0,0.000227998,0.00984653,0.00216211,0.00530704
482,1211.81,0.0188898,0.00569547,0.0182038,0,0,0,0,0.000212601,0.00971099,0.00264568,0.00543431
483,1214.59,0.0188898,0.00569547,0.0176443,0,0,0,0,0,0.00989145,0.00202457,0.00511402
484,1217.36,0.0120208,0.00454342,0.0181594,0,0,0,0,0.000204903,0.00991762,0.00262118,0.00507421
485,1220.14,0.0188898,0.00569547,0.0176285,0,0,0,0,0,0.00974103,0.00253384,0.00506883
486,1222.92,0.0188898,0.00569547,0.0185413,0,0,0,0,0,0.00990151,0.00261166,0.00550097
487,1225.7,0.0120208,0.00454342,0.0177883,0,0,0,0,0,0.00984613,0.00234385,0.00509835
488,1228.48,0.0103035,0.00420639,0.0166615,0,0,0,0,0,0.00989266,0.00195472,0.00476374
489,1231.26,0.0154553,0.00515175,0.0179138,0,0,0,0,0,0.00982054,0.0024653,0.00473748
490,1234.04,0.013738,0.00485712,0.0173118,0,0,0,0,0,0.0100352,0.00243732,0.00473511
491,1236.83,0.0188898,0.00569547,0.0172248,0,0,0,0,0,0.00997179,0.00205601,0.00477144
492,1239.61,0.0188898,0.00569547,0.0178949,0,0,0,0,0,0.00999573,0.00271701,0.00463999
493,1242.4,0.0223243,0.00619163,0.0178245,0,0,0,0,0,0.00992892,0.0024339,0.00463206
494,1245.18,0.0188898,0.00569547,0.017143,0,0,0,0,0,0.0100409,0.0023001,0.00473791
495,1247.97,0.0309105,0.00728568,0.0173844,0,0,0,0,0,0.00990111,0.00297055,0.0044679
496,1250.76,0.020607,0.00594873,0.0170167,0,0,0,0,0,0.00990795,0.00241164,0.00431892
497,1253.55,0.020607,0.00594873,0.0179795,0,0,0,0,0,0.0101373,0.00279735,0.00451446
498,1256.34,0.0120208,0.00454342,0.0176421,0,0,0,0,0,0.0101906,0.00241113,0.00439319
499,1259.13,0.0188898,0.00569547,0.0165272,0,0,0,0,0,0.0101159,0.00225355,0.00410974
500,1261.93,0.0120208,0.00454342,0.0143811,0,0,0,0,0,0.0100565,0.00274091,0.00408523
501,1264.72,0.0188898,0.00569547,0.0197696,0,0,0,0,0,0.00992972,0.00270038,0.00412011
502,1267.52,0.0171725,0.00543042,0.0159718,0,0,0,0,0,0.00994022,0.00246351,0.00368141
503,1270.31,0.0171725,0.00543042,0.0169346,0,0,0,0,0,0.00982454,0.00252125,0.00391137
504,1273.11,0.0103035,0.00420639,0.0166256,0,0,0,0,0,0.00998315,0.00254955,0.00380967
505,1275.91,0.013738,0.00485712,0.0167327,0,0,0,0,0,0.009914,0.00257676,0.00368402
506,1278.71,0.0188898,0.00569547,0.0162165,0,0,0,0,0,0.00988824,0.00255528,0.00729782
507,1281.51,0.0103035,0.00420639,0.016095,0,0,0,0,0,0.00991561,0.00267654,0.003532
508,1284.31,0.013738,0.00485712,0.0166947,0,0,0,0,0,0.00996814,0.00272916,0.00331733
509,1287.12,0.0171725,0.00543042,0.0160878,0,0,0,0,0,0.00997828,0.00243852,0.00336933
510,1289.92,0.013738,0.00485712,0.0162468,0,0,0,0,0,0.0100043,0.00294182,0.00306751
511,1292.73,0.0240415,0.00642536,0.0152473,0,0,0,0,0,0.00993538,0.00242118,0.00293313
512,1295.53,0.0120208,0.00454342,0.0160212,0,0,0,0,0,0.00996976,0.00270464,0.0028495
513,1298.34,0.0171725,0.00543042,0.0159342,0,0,0,0,0,0.00997098,0.002736,0.00297819
514,1301.15,0.0103035,0.00420639,0.0162858,0,0,0,0,0,0.00998761,0.00291777,0.00296356
515,1303.96,0.0171725,0.00543042,0.0154081,0,0,0,0,0,0.00989427,0.00254277,0.00288643
516,1306.77,0.0223243,0.00619163,0.0159109,0,0,0,0,0,0.00991883,0.0032998,0.00253804
517,1309.58,0.0120208,0.00454342,0.0162277,0,0,0,0,0,0.00991359,0.00313579,0.00254515
518,1312.39,0.020607,0.00594873,0.0157763,0,0,0,0,0,0.00993942,0.00296285,0.00252392
519,1315.21,0.0154553,0.00515175,0.0156244,0,0,0,0,0,0.00990393,0.00300343,0.0023006
520,1318.02,0.006869,0.0034345,0.0153974,0,0,0,0,0,0.00979463,0.00347722,0.00234522
521,1320.84,0.0171725,0.00543042,0.0152858,0,0,0,0,0,0.00980738,0.00283066,0.00225441
522,1323.66,0.013738,0.00485712,0.0153818,0,0,0,0,0,0.00975688,0.00306239,0.00229923
523,1326.47,0.013738,0.00485712,0.0151836,0,0,0,0,0,0.00963589,0.00316376,0.00203061
524,1329.29,0.0171725,0.00543042,0.015479,0,0,0,0,0,0.00992327,0.00294988,0.00209533
525,1332.11,0.0120208,0.00454342,0.0147793,0,0,0,0,0,0.00969994,0.00287639,0.00211272
526,1334.93,0.00858625,0.00383989,0.015627,0,0,0,0,0,0.00974816,0.00373777,0.00193719
527,1337.76,0.013738,0.00485712,0.0151676,0,0,0,0,0,0.00984212,0.00303037,0.00189003
528,1340.58,0.0171725,0.00543042,0.0144408,0,0,0,0,0,0.00966452,0.00310919,0.00161178
529,1343.41,0.0120208,0.00454342,0.0151695,0,0,0,0,0,0.00959992,0.00329987,0.00172308
530,1346.23,0.0188898,0.00569547,0.0145345,0,0,0,0,0,0.00959914,0.00331578,0.0015385
531,1349.06,0.013738,0.00485712,0.0141728,0,0,0,0,0,0.00949012,0.00275503,0.00154892
532,1351.89,0.0154553,0.00515175,0.0146686,0,0,0,0,0,0.00949784,0.00333349,0.00148963
533,1354.72,0.0154553,0.00515175,0.014583,0,0,0,0,0,0.00955437,0.00343219,0.00135144
534,1357.55,0.0154553,0.00515175,0.0143787,0,0,0,0,0,0.00959017,0.00315335,0.00144561
535,1360.38,0.013738,0.00485712,0.0141837,0,0,0,0,0,0.009547,0.00295376,0.00134853
536,1363.21,0.0188898,0.00569547,0.0148975,0,0,0,0,0,0.00948742,0.00370624,0.00133947
537,1366.04,0.00858625,0.00383989,0.0140374,0,0,0,0,0,0.00946085,0.00308372,0.00126726
538,1368.88,0.020607,0.00594873,0.0141061,0,0,0,0,0,0.00929806,0.00323638,0.00129313
539,1371.71,0.0257588,0.00665088,0.0137087,0,0,0,0,0,0.00929655,0.00290959,0.00116827
540,1374.55,0.013738,0.00485712,0.0139663,0,0,0,0,0,0.00927089,0.00318147,0.00121975
541,1377.39,0.0120208,0.00454342,0.014144,0,0,0,0,0,0.00933745,0.00338302,0.00108517
542,1380.23,0.0240415,0.00642536,0.013989,0,0,0,0,0,0.00929088,0.00358561,0.00100628
543,1383.07,0.0103035,0.00420639,0.0137573,0,0,0,0,0,0.00924267,0.0031343,0.00106986
544,1385.91,0.00858625,0.00383989,0.0135547,0,0,0,0,0,0.00913695,0.00341389,0.000827764
545,1388.75,0.013738,0.00485712,0.0140255,0,0,0,0,0,0.00911618,0.00367386,0.000814172
546,1391.59,0.006869,0.0034345,0.0129609,0,0,0,0,0,0.00906777,0.00271522,0.000843262
547,1394.44,0.00515175,0.00297436,0.0129825,0,0,0,0,0,0.00906445,0.00302753,0.000782928
548,1397.28,0.013738,0.00485712,0.0128356,0,0,0,0,0,0.00897718,0.0029302,0.000850904
549,1400.13,0.0120208,0.00454342,0.0137305,0,0,0,0,0,0.00902585,0.00330867,0.000705772
550,1402.98,0.0120208,0.00454342,0.0130047,0,0,0,0,0,0.00896005,0.00354348,0.000698097
551,1405.83,0.0154553,0.00515175,0.0134171,0,0,0,0,0,0.00873564,0.00364873,0.000588108
552,1408.68,0.013738,0.00485712,0.0126867,0,0,0,0,0,0.00892733,0.00295244,0.00057809
553,1411.53,0.0171725,0.00543042,0.0131857,0,0,0,0,0,0.00856372,0.00351285,0.000696966
554,1414.38,0.0223243,0.00619163,0.0131937,0,0,0,0,0,0.00862345,0.00353948,0.0006744
555,1417.23,0.0120208,0.00454342,0.0125167,0,0,0,0,0,0.00863994,0.00332409,0.000635627
556,1420.08,0.0120208,0.00454342,0.0135712,0,0,0,0,0,0.00871295,0.00395424,0.000426567
557,1422.94,0.00515175,0.00297436,0.0129199,0,0,0,0,0,0.00862556,0.00334256,0.00030741
558,1425.8,0.0103035,0.00420639,0.0126096,0,0,0,0,0,0.00865154,0.0032355,0.000389114
559,1428.65,0.0120208,0.00454342,0.0126291,0,0,0,0,0,0.00855189,0.00335133,0.000363812
560,1431.51,0.00515175,0.00297436,0.0120279,0,0,0,0,0,0.00853037,0.00303603,0.000328717
561,1434.37,0.0154553,0.00515175,0.0128382,0,0,0,0,0,0.00841466,0.00334659,0.000298147
562,1437.23,0.013738,0.00485712,0.0125467,0,0,0,0,0,0.00838802,0.00356152,0.000274097
563,1440.09,0.0120208,0.00454342,0.0124335,0,0,0,0,0,0.00834958,0.00333979,0.000367482
564,1442.96,0.0154553,0.00515175,0.0125309,0,0,0,0,0,0.00829208,0.00355288,0.000372443
565,1445.82,0.0223243,0.00619163,0.0119174,0,0,0,0,0,0.0082323,0.00299516,0.000352542
566,1448.68,0.0171725,0.00543042,0.0125055,0,0,0,0,0,0.0082655,0.00358681,0.000267602
567,1451.55,0.0154553,0.00515175,0.0120328,0,0,0,0,0,0.00816532,0.0032111,0.000297085
568,1454.42,0.013738,0.00485712,0.0121938,0,0,0,0,0,0.00826348,0.00330051,0.000287854
569,1457.29,0.0154553,0.00515175,0.0122007,0,0,0,0,0,0.00809954,0.00339992,0.000269877
570,1460.16,0.00515175,0.00297436,0.0119723,0,0,0,0,0,0.00810316,0.00351017,0.000226331
571,1463.03,0.0034345,0.00242856,0.0122579,0,0,0,0,0,0.00804899,0.00393717,0.000199973
572,1465.9,0.013738,0.00485712,0.0122833,0,0,0,0,0,0.00795855,0.00346578,0.00025152
573,1468.77,0.0120208,0.00454342,0.0116076,0,0,0,0,0,0.00790086,0.00328851,0.000224764
574,1471.64,0.0154553,0.00515175,0.0115685,0,0,0,0,0,0.00765398,0.00339206,0.000199973
575,1474.52,0.013738,0.00485712,0.0113408,0,0,0,0,0,0.00787553,0.00288291,0
576,1477.39,0.006869,0.0034345,0.0114837,0,0,0,0,0,0.00774285,0.00327849,0.000199973
577,1480.27,0.00171725,0.00171725,0.0110523,0,0,0,0,0,0.00755937,0.002926,0.000217695
578,1483.15,0.006869,0.0034345,0.0113275,0,0,0,0,0,0.00756951,0.00316689,0.00023658
579,1486.03,0.013738,0.00485712,0.0106337,0,0,0,0,0,0.00744138,0.00287338,0.000199973
580,1488.91,0.013738,0.00485712,0.0117076,0,0,0,0,0,0.00742809,0.00368327,0.000246419
581,1491.79,0.00858625,0.00383989,0.0110924,0,0,0,0,0,0.00743685,0.00323341,0
582,1494.67,0.00858625,0.00383989,0.0107043,0,0,0,0,0,0.00733418,0.00284939,0.000222882
583,1497.55,0.0171725,0.00543042,0.0111588,0,0,0,0,0,0.00711339,0.00353427,0
584,1500.44,0.0103035,0.00420639,0.0104426,0,0,0,0,0,0.00719949,0.00292568,0
585,1503.32,0.006869,0.0034345,0.0102596,0,0,0,0,0,0.00717262,0.0025402,0
586,1506.21,0.006869,0.0034345,0.0109272,0,0,0,0,0,0.00713424,0.00345683,0
587,1509.1,0.0103035,0.00420639,0.0110874,0,0,0,0,0,0.00717787,0.00332335,0.000206259
588,1511.99,0.006869,0.0034345,0.0107917,0,0,0,0,0,0.00702689,0.00332659,0
589,1514.88,0.0188898,0.00569547,0.0108286,0,0,0,0,0,0.00686065,0.00355033,0
590,1517.77,0.00515175,0.00297436,0.0113275,0,0,0,0,0,0.00676704,0.00421051,0
591,1520.66,0.0120208,0.00454342,0.01027,0,0,0,0,0,0.00682477,0.0031474,0
592,1523.55,0.013738,0.00485712,0.0101077,0,0,0,0,0,0.00674479,0.00293989,0
593,1526.45,0.00515175,0.00297436,0.0105755,0,0,0,0,0,0.00672946,0.00333056,0
594,1529.34,0.0103035,0.00420639,0.0100377,0,0,0,0,0,0.00662928,0.00310448,0
595,1532.24,0.006869,0.0034345,0.0102567,0,0,0,0,0,0.00655505,0.00330711,0
596,1535.13,0.0034345,0.00242856,0.0102242,0,0,0,0,0,0.006546,0.00342161,0
597,1538.03,0.0103035,0.00420639,0.00974024,0,0,0,0,0,0.00643912,0.00257101,0
598,1540.93,0.00858625,0.00383989,0.00967749,0,0,0,0,0,0.00629472,0.003121,0
599,1543.83,0.0120208,0.00454342,0.00982853,0,0,0,0,0,0.00629753,0.00328599,0
600,1546.74,0.00858625,0.00383989,0.00951368,0,0,0,0,0,0.00633476,0.00323965,0
601,1549.64,0.00858625,0.00383989,0.010396,0,0,0,0,0,0.00619899,0.00322138,0
602,1552.54,0.0188898,0.00569547,0.00979304,0,0,0,0,0,0.00615005,0.00332054,0
603,1555.45,0.0154553,0.00515175,0.00970309,0,0,0,0,0,0.00607107,0.00327208,0
604,1558.35,0.0034345,0.00242856,0.00943282,0,0,0,0,0,0.00589405,0.00316841,0
605,1561.26,0.013738,0.00485712,0.00967356,0,0,0,0,0,0.0058656,0.00327326,0
606,1564.17,0.0034345,0.00242856,0.00943512,0,0,0,0,0,0.00588878,0.00323093,0
607,1567.08,0.0034345,0.00242856,0.00933176,0,0,0,0,0,0.00581008,0.00292277,0
608,1569.99,0.006869,0.0034345,0.00920218,0,0,0,0,0,0.00572196,0.00325335,0
609,1572.9,0.0103035,0.00420639,0.0100991,0,0,0,0,0,0.00556619,0.00391602,0
610,1575.81,0.006869,0.0034345,0.00951794,0,0,0,0,0,0.0055488,0.00368265,0
611,1578.73,0.0034345,0.00242856,0.00874701,0,0,0,0,0,0.00548333,0.00279664,0
612,1581.64,0.0154553,0.00515175,0.00854043,0,0,0,0,0,0.00539796,0.0028769,0
613,1584.56,0.0103035,0.00420639,0.00940449,0,0,0,0,0,0.00524483,0.00380143,0
614,1587.47,0.006869,0.0034345,0.00906666,0,0,0,0,0,0.00511098,0.00344293,0
615,1590.39,0.00515175,0.00297436,0.00893386,0,0,0,0,0,0.00520448,0.00336214,0
616,1593.31,0.00515175,0.00297436,0.00921228,0,0,0,0,0,0.00520787,0.00365588,0
617,1596.23,0.00858625,0.00383989,0.00923365,0,0,0,0,0,0.00506425,0.00375226,0
618,1599.15,0.0103035,0.00420639,0.00874666,0,0,0,0,0,0.0048861,0.0033405,0
619,1602.07,0.013738,0.00485712,0.00859336,0,0,0,0,0,0.00501977,0.00328242,0
620,1605,0.0034345,0.00242856,0.00907367,0,0,0,0,0,0.00484595,0.00397336,0
621,1607.92,0.0034345,0.00242856,0.00895349,0,0,0,0,0,0.00476431,0.0038314,0
622,1610.85,0.0034345,0.00242856,0.00806963,0,0,0,0,0,0.00466751,0.00298187,0
623,1613.77,0.013738,0.00485712,0.00850648,0,0,0,0,0,0.00469567,0.00339827,0
624,1616.7,0.0103035,0.00420639,0.00815007,0,0,0,0,0,0.0045913,0.00330701,0
625,1619.63,0.006869,0.0034345,0.00775009,0,0,0,0,0,0.0043729,0.00321378,0
626,1622.56,0.00858625,0.00383989,0.00810382,0,0,0,0,0,0.00441182,0.00327751,0
627,1625.49,0.00858625,0.00383989,0.00827491,0,0,0,0,0,0.00433151,0.00352298,0
628,1628.42,0.0034345,0.00242856,0.00822361,0,0,0,0,0,0.00424712,0.00370835,0
629,1631.36,0.006869,0.0034345,0.00851063,0,0,0,0,0,0.00418747,0.00396824,0
630,1634.29,0.0120208,0.00454342,0.00835128,0,0,0,0,0,0.00408591,0.00388158,0
631,1637.23,0.006869,0.0034345,0.0080043,0,0,0,0,0,0.00403377,0.00371068,0
632,1640.16,0.006869,0.0034345,0.00808211,0,0,0,0,0,0.00399737,0.00373095,0
633,1643.1,0.00858625,0.00383989,0.00757321,0,0,0,0,0,0.00388713,0.00335817,0
634,1646.04,0.0171725,0.00543042,0.00775955,0,0,0,0,0,0.00374552,0.00363764,0
635,1648.98,0.0034345,0.00242856,0.00773844,0,0,0,0,0,0.00371534,0.00387035,0
636,1651.92,0.0034345,0.00242856,0.00803625,0,0,0,0,0,0.00366763,0.00404103,0
637,1654.86,0.0034345,0.00242856,0.00722999,0,0,0,0,0,0.00368376,0.00321192,0
638,1657.8,0.006869,0.0034345,0.00752656,0,0,0,0,0,0.00357243,0.00370437,0
639,1660.75,0.00171725,0.00171725,0.00812229,0,0,0,0,0,0.00343571,0.00444227,0
640,1663.69,0.0034345,0.00242856,0.0076282,0,0,0,0,0,0.00346812,0.0040528,0
641,1666.64,0.006869,0.0034345,0.00869031,0,0,0,0,0,0.00332349,0.00466209,0
642,1669.59,0.0154553,0.00515175,0.00695188,0,0,0,0,0,0.00326139,0.00340979,0
643,1672.53,0.0034345,0.00242856,0.00768234,0,0,0,0,0,0.00311485,0.00429843,0
644,1675.48,0.0154553,0.00515175,0.00683226,0,0,0,0,0,0.00308951,0.00356696,0
645,1678.43,0.0034345,0.00242856,0.00674123,0,0,0,0,0,0.00306886,0.00330122,0
646,1681.38,0.00858625,0.00383989,0.0072344,0,0,0,0,0,0.00299881,0.00393536,0
647,1684.34,0.00171725,0.00171725,0.00699696,0,0,0,0,0,0.00287878,0.00372809,0
648,1687.29,0.00515175,0.00297436,0.00665276,0,0,0,0,0,0.00281949,0.00369637,0
649,1690.25,0.00858625,0.00383989,0.00719247,0,0,0,0,0,0.00281045,0.00396471,0
650,1693.2,0.0103035,0.00420639,0.00747291,0,0,0,0,0,0.00269149,0.00475866,0
651,1696.16,0.00858625,0.00383989,0.00736405,0,0,0,0,0,0.00266547,0.00415465,0
652,1699.12,0.0103035,0.00420639,0.00661367,0,0,0,0,0,0.00265422,0.00367894,0
653,1702.08,0.0120208,0.00454342,0.00670706,0,0,0,0,0,0.00247742,0.00408071,0
654,1705.04,0.00858625,0.00383989,0.00785762,0,0,0,0,0,0.00240246,0.00511327,0
655,1708,0.006869,0.0034345,0.0064872,0,0,0,0,0,0.00235069,0.00392663,0
656,1710.96,0.00858625,0.00383989,0.00643886,0,0,0,0,0,0.0023569,0.00374679,0
657,1713.92,0.00858625,0.00383989,0.00731542,0,0,0,0,0,0.0023921,0.00463202,0
658,1716.89,0.006869,0.0034345,0.00657026,0,0,0,0,0,0.0023188,0.00396145,0
659,1719.85,0.00171725,0.00171725,0.00607773,0,0,0,0,0,0.00218875,0.00351956,0
660,1722.82,0.00515175,0.00297436,0.00634378,0,0,0,0,0,0.00210675,0.00403003,0
661,1725.79,0.006869,0.0034345,0.00647745,0,0,0,0,0,0.00205375,0.00401201,0
662,1728.76,0.00515175,0.00297436,0.00585298,0,0,0,0,0,0.00204505,0.00357438,0
663,1731.73,0.006869,0.0034345,0.0058219,0,0,0,0,0,0.00201688,0.00346065,0
664,1734.7,0.00515175,0.00297436,0.00622424,0,0,0,0,0,0.00187359,0.00400209,0
665,1737.67,0.0103035,0.00420639,0.00583114,0,0,0,0,0,0.00186862,0.0037952,0
666,1740.64,0.0034345,0.00242856,0.00646719,0,0,0,0,0,0.00176881,0.00425762,0
667,1743.62,0.00515175,0.00297436,0.00472151,0,0,0,0,0,0.00176384,0.00346299,0
668,1746.59,0.006869,0.0034345,0.00657293,0,0,0,0,0,0.00167646,0.00393514,0
669,1749.57,0.00171725,0.00171725,0.00615155,0,0,0,0,0,0.00171746,0.00398148,0
670,1752.55,0.00515175,0.00297436,0.00660346,0,0,0,0,0,0.00162842,0.00475089,0
671,1755.53,0.006869,0.0034345,0.00684895,0,0,0,0,0,0.00152985,0.00497178,0
672,1758.51,0.00858625,0.00383989,0.00595957,0,0,0,0,0,0.00149837,0.00439519,0
673,1761.49,0.0103035,0.00420639,0.00626052,0,0,0,0,0,0.00147063,0.00437031,0
674,1764.47,0.006869,0.0034345,0.00589836,0,0,0,0,0,0.00140892,0.00426749,0
675,1767.45,0.00515175,0.00297436,0.00586298,0,0,0,0,0,0.00138407,0.00405354,0
676,1770.44,0.006869,0.0034345,0.00538394,0,0,0,0,0,0.00133064,0.0039556,0
677,1773.42,0.0171725,0.00543042,0.00582592,0,0,0,0,0,0.0012503,0.00408381,0
678,1776.41,0.0223243,0.00619163,0.00553663,0,0,0,0,0,0.00122255,0.00406713,0
679,1779.39,0.0034345,0.00242856,0.0058004,0,0,0,0,0,0.00122214,0.00444737,0
680,1782.38,0.00515175,0.00297436,0.0054237,0,0,0,0,0,0.00114511,0.00397145,0
681,1785.37,0.00515175,0.00297436,0.00553123,0,0,0,0,0,0.00103784,0.00415822,0
682,1788.36,0.006869,0.0034345,0.00537454,0,0,0,0,0,0.00105151,0.00397615,0
683,1791.35,0.0034345,0.00242856,0.00567032,0,0,0,0,0,0.00105938,0.00436898,0
684,1794.35,0.013738,0.00485712,0.00598263,0,0,0,0,0,0.000987731,0.00476929,0
685,1797.34,0.00171725,0.00171725,0.00546086,0,0,0,0,0,0.000983177,0.00408365,0
686,1800.34,0.0034345,0.00242856,0.00508673,0,0,0,0,0,0.000929337,0.00389856,0
687,1803.33,0.0034345,0.00242856,0.00545421,0,0,0,0,0,0.000873426,0.00429991,0
688,1806.33,0.00171725,0.00171725,0.00528636,0,0,0,0,0,0.000861004,0.00429146,0
689,1809.33,0,0,0.0058506,0,0,0,0,0,0.000831182,0.00451573,0
690,1812.33,0.00515175,0.00297436,0.00502202,0,0,0,0,0,0.000781901,0.00401526,0
691,1815.33,0.00858625,0.00383989,0.00533232,0,0,0,0,0,0.000766164,0.00430164,0
692,1818.33,0.00858625,0.00383989,0.00531264,0,0,0,0,0,0.000754567,0.00419577,0
693,1821.33,0.0034345,0.00242856,0.00476935,0,0,0,0,0,0.000671326,0.0038007,0
694,1824.33,0.00515175,0.00297436,0.00503469,0,0,0,0,0,0.000633223,0.00416663,0
695,1827.34,0.0034345,0.00242856,0.00489326,0,0,0,0,0,0.000663869,0.00402,0
696,1830.34,0.0034345,0.00242856,0.00578251,0,0,0,0,0,0.000644404,0.00484427,0
697,1833.35,0.013738,0.00485712,0.00462426,0,0,0,0,0,0.000598436,0.00363214,0
698,1836.36,0.00171725,0.00171725,0.00512951,0,0,0,0,0,0.000583939,0.00440549,0
699,1839.37,0.00515175,0.00297436,0.00527369,0,0,0,0,0,0.000527616,0.00438396,0
700,1842.38,0.0103035,0.00420639,0.00530983,0,0,0,0,0,0.000529687,0.00459352,0
701,1845.39,0.00515175,0.00297436,0.00586394,0,0,0,0,0,0.000508979,0.00488725,0
702,1848.4,0.00515175,0.00297436,0.0052427,0,0,0,0,0,0.000474192,0.00450843,0
703,1851.41,0.0034345,0.00242856,0.00547442,0,0,0,0,0,0.000428223,0.00472576,0
704,1854.43,0.00515175,0.00297436,0.00548154,0,0,0,0,0,0.000415383,0.00479782,0
705,1857.44,0.006869,0.0034345,0.0062293,0,0,0,0,0,0.00039302,0.00546708,0
706,1860.46,0.00515175,0.00297436,0.00523695,0,0,0,0,0,0.000396333,0.00463348,0
707,1863.48,0.00171725,0.00171725,0.00576913,0,0,0,0,0,0.000376453,0.00504053,0
708,1866.5,0.00171725,0.00171725,0.00443195,0,0,0,0,0,0.000330484,0.00384114,0
709,1869.52,0.0103035,0.00420639,0.00517011,0,0,0,0,0,0.000328413,0.00451343,0
710,1872.54,0.006869,0.0034345,0.00451854,0,0,0,0,0,0.000304393,0.00391098,0
711,1875.56,0.0034345,0.00242856,0.00503101,0,0,0,0,0,0.000304393,0.00438961,0
712,1878.58,0.00515175,0.00297436,0.00482453,0,0,0,0,0,0.000298181,0.00430557,0
713,1881.61,0.00515175,0.00297436,0.00502345,0,0,0,0,0,0.000251383,0.00450096,0
714,1884.63,0.00515175,0.00297436,0.00552045,0,0,0,0,0,0.000234817,0.00499119,0
715,1887.66,0.00515175,0.00297436,0.00536581,0,0,0,0,0,0.00025014,0.00477427,0
716,1890.69,0.006869,0.0034345,0.00475618,0,0,0,0,0,0.00022612,0.00433148,0
717,1893.71,0.0120208,0.00454342,0.00480593,0,0,0,0,0,0.00020707,0.00435021,0
718,1896.74,0.0103035,0.00420639,0.00558092,0,0,0,0,0,0.000199973,0.00504984,0
719,1899.77,0.00171725,0.00171725,0.0065359,0,0,0,0,0,0,0.00604832,0
720,1902.81,0.00515175,0.00297436,0.0047014,0,0,0,0,0,0,0.00437762,0
721,1905.84,0.00171725,0.00171725,0.00520131,0,0,0,0,0,0,0.00463645,0
722,1908.87,0.0034345,0.00242856,0.00481551,0,0,0,0,0,0,0.00440271,0
723,1911.91,0.006869,0.0034345,0.00515438,0,0,0,0,0,0,0.00478136,0
724,1914.94,0.006869,0.0034345,0.00565467,0,0,0,0,0,0,0.00517798,0
725,1917.98,0.006869,0.0034345,0.00569411,0,0,0,0,0,0,0.00519366,0
726,1921.02,0.00171725,0.00171725,0.00494585,0,0,0,0,0,0,0.00448558,0
727,1924.06,0.00171725,0.00171725,0.00552921,0,0,0,0,0,0,0.00522447,0
728,1927.1,0.0034345,0.00242856,0.005507,0,0,0,0,0,0,0.00506941,0
729,1930.14,0.0034345,0.00242856,0.0067027,0,0,0,0,0,0,0.00624268,0
730,1933.18,0.00171725,0.00171725,0.00566088,0,0,0,0,0,0,0.00527149,0
731,1936.23,0.00515175,0.00297436,0.00565835,0,0,0,0,0,0,0.00525847,0
732,1939.27,0.0034345,0.00242856,0.00648509,0,0,0,0,0,0,0.0060586,0
733,1942.32,0.00858625,0.00383989,0.00584205,0,0,0,0,0,0,0.00549707,0
734,1945.36,0.006869,0.0034345,0.00513347,0,0,0,0,0,0,0.00476619,0
735,1948.41,0,0,0.00528077,0,0,0,0,0,0,0.00488387,0
736,1951.46,0.00171725,0.00171725,0.0058193,0,0,0,0,0,0,0.00539805,0
737,1954.51,0.00515175,0.00297436,0.00622449,0,0,0,0,0,0,0.00571354,0
738,1957.56,0.00858625,0.00383989,0.00492518,0,0,0,0,0,0,0.00469963,0
739,1960.61,0.00858625,0.00383989,0.00576632,0,0,0,0,0,0,0.00527444,0
740,1963.67,0.00858625,0.00383989,0.0058668,0,0,0,0,0,0,0.00571271,0
741,1966.72,0.00858625,0.00383989,0.00642631,0,0,0,0,0,0,0.00596908,0
742,1969.78,0.006869,0.0034345,0.0058668,0,0,0,0,0,0,0.00549949,0
743,1972.83,0.0103035,0.00420639,0.00563952,0,0,0,0,0,0,0.00539441,0
744,1975.89,0.013738,0.00485712,0.00612087,0,0,0,0,0,0,0.00577028,0
745,1978.95,0.0034345,0.00242856,0.00617108,0,0,0,0,0,0,0.00583154,0
746,1982.01,0.0120208,0.00454342,0.00568833,0,0,0,0,0,0,0.00537106,0
747,1985.07,0.0034345,0.00242856,0.00621766,0,0,0,0,0,0,0.00587465,0
748,1988.13,0.00515175,0.00297436,0.00696291,0,0,0,0,0,0,0.00661208,0
749,1991.2,0.0034345,0.00242856,0.0056955,0,0,0,0,0,0,0.00527473,0
750,1994.26,0.00171725,0.00171725,0.00566295,0,0,0,0,0,0,0.00608255,0
751,1997.33,0.006869,0.0034345,0.00634197,0,0,0,0,0,0,0.00549228,0
752,2000.39,0.00858625,0.00383989,0.00637713,0,0,0,0,0,0,0.00607393,0
753,2003.46,0.00858625,0.00383989,0.00715049,0,0,0,0,0,0,0.00686758,0
754,2006.53,0.006869,0.0034345,0.00680815,0,0,0,0,0,0,0.00641231,0
755,2009.6,0.0034345,0.00242856,0.00609233,0,0,0,0,0,0,0.00577607,0
756,2012.67,0.00515175,0.00297436,0.00619093,0,0,0,0,0,0,0.00584418,0
757,2015.74,0.00515175,0.00297436,0.00661662,0,0,0,0,0,0,0.00639149,0
758,2018.81,0.00858625,0.00383989,0.00601286,0,0,0,0,0,0,0.00566374,0
759,2021.89,0.0034345,0.00242856,0.00576679,0,0,0,0,0,0,0.00546129,0
760,2024.96,0.0103035,0.00420639,0.0068306,0,0,0,0,0,0,0.00660044,0
761,2028.04,0.00515175,0.00297436,0.00703003,0,0,0,0,0,0,0.00670902,0
762,2031.12,0.00515175,0.00297436,0.00665249,0,0,0,0,0,0,0.00628785,0
763,2034.19,0.00858625,0.00383989,0.00638335,0,0,0,0,0,0,0.00606219,0
764,2037.27,0.00858625,0.00383989,0.00550924,0,0,0,0,0,0,0.00532238,0
765,2040.35,0.0034345,0.00242856,0.00618515,0,0,0,0,0,0,0.00587052,0
766,2043.44,0.0034345,0.00242856,0.00733567,0,0,0,0,0,0,0.00691871,0
767,2046.52,0.0034345,0.00242856,0.00649115,0,0,0,0,0,0,0.00624634,0
768,2049.6,0.006869,0.0034345,0.0061498,0,0,0,0,0,0,0.00580287,0
769,2052.69,0.0034345,0.00242856,0.00569249,0,0,0,0,0,0,0.0054663,0
770,2055.77,0.00858625,0.00383989,0.00667362,0,0,0,0,0,0,0.0062103,0
771,2058.86,0.006869,0.0034345,0.00559887,0,0,0,0,0,0,0.00540311,0
772,2061.95,0.0103035,0.00420639,0.00679377,0,0,0,0,0,0,0.0065053,0
773,2065.04,0.013738,0.00485712,0.00631496,0,0,0,0,0,0,0.00598949,0
774,2068.13,0.0103035,0.00420639,0.00634352,0,0,0,0,0,0,0.00602238,0
775,2071.22,0.00515175,0.00297436,0.00636625,0,0,0,0,0,0,0.00615915,0
776,2074.31,0.00171725,0.00171725,0.00667172,0,0,0,0,0,0,0.00627337,0
777,2077.4,0.00858625,0.00383989,0.00575391,0,0,0,0,0,0,0.0054456,0
778,2080.5,0.00515175,0.00297436,0.00684728,0,0,0,0,0,0,0.00659474,0
779,2083.59,0.00515175,0.00297436,0.0066959,0,0,0,0,0,0,0.00638155,0
780,2086.69,0.0034345,0.00242856,0.00724117,0,0,0,0,0,0,0.00694132,0
781,2089.79,0.00858625,0.00383989,0.00710992,0,0,0,0,0,0,0.00676282,0
782,2092.89,0.0103035,0.00420639,0.00679681,0,0,0,0,0,0,0.00659196,0
783,2095.99,0.00858625,0.00383989,0.00744532,0,0,0,0,0,0,0.00717986,0
784,2099.09,0.0034345,0.00242856,0.0065997,0,0,0,0,0,0,0.00626029,0
785,2102.19,0.00515175,0.00297436,0.00709202,0,0,0,0,0,0,0.00685289,0
786,2105.29,0.00171725,0.00171725,0.00613856,0,0,0,0,0,0,0.00576273,0
787,2108.4,0.00858625,0.00383989,0.00651653,0,0,0,0,0,0,0.00614297,0
788,2111.5,0.00515175,0.00297436,0.00622171,0,0,0,0,0,0,0.00589476,0
789,2114.61,0.0034345,0.00242856,0.00636004,0,0,0,0,0,0,0.00615246,0
790,2117.72,0.00515175,0.00297436,0.00660775,0,0,0,0,0,0,0.00637134,0
791,2120.83,0.00171725,0.00171725,0.00718341,0,0,0,0,0,0,0.00672848,0
792,2123.94,0.0120208,0.00454342,0.00640518,0,0,0,0,0,0,0.00616401,0
793,2127.05,0.006869,0.0034345,0.00667443,0,0,0,0,0,0,0.00633295,0
794,2130.16,0.0120208,0.00454342,0.00736285,0,0,0,0,0,0,0.00710301,0
795,2133.27,0.00858625,0.00383989,0.00733806,0,0,0,0,0,0,0.00699515,0
796,2136.39,0.006869,0.0034345,0.00798999,0,0,0,0,0,0,0.00759355,0
797,2139.5,0.0034345,0.00242856,0.00727302,0,0,0,0,0,0,0.00699916,0
798,2142.62,0.006869,0.0034345,0.00672536,0,0,0,0,0,0,0.00646523,0
799,2145.74,0.0034345,0.00242856,0.00639686,0,0,0,0,0,0,0.00610954,0
800,2148.85,0.006869,0.0034345,0.00672508,0,0,0,0,0,0,0.00734921,0
801,2151.97,0.00858625,0.00383989,0.00778925,0,0,0,0,0,0,0.00661732,0
802,2155.09,0.013738,0.00485712,0.00704147,0,0,0,0,0,0,0.00658006,0
803,2158.22,0.00858625,0.00383989,0.0067426,0,0,0,0,0,0,0.0065464,0
804,2161.34,0.0034345,0.00242856,0.0074942,0,0,0,0,0,0,0.00714034,0
805,2164.46,0.013738,0.00485712,0.00779717,0,0,0,0,0,0,0.00744068,0
806,2167.59,0.00515175,0.00297436,0.00783498,0,0,0,0,0,0,0.00769748,0
807,2170.71,0.00515175,0.00297436,0.00778324,0,0,0,0,0,0,0.00731695,0
808,2173.84,0.006869,0.0034345,0.00715137,0,0,0,0,0,0,0.00697645,0
809,2176.97,0.013738,0.00485712,0.00778007,0,0,0,0,0,0,0.00744666,0
810,2180.1,0.006869,0.0034345,0.0080946,0,0,0,0,0,0,0.0078609,0
811,2183.23,0.00858625,0.00383989,0.00817861,0,0,0,0,0,0,0.00779055,0
812,2186.36,0.00515175,0.00297436,0.0076864,0,0,0,0,0,0,0.00747264,0
813,2189.49,0.00171725,0.00171725,0.00738323,0,0,0,0,0,0,0.00701512,0
814,2192.62,0.0120208,0.00454342,0.00814444,0,0,0,0,0,0,0.00787761,0
815,2195.76,0.0034345,0.00242856,0.00827929,0,0,0,0,0,0,0.00791268,0
816,2198.9,0.006869,0.0034345,0.00785858,0,0,0,0,0,0,0.00764567,0
817,2202.03,0.0103035,0.00420639,0.00843795,0,0,0,0,0,0,0.00810334,0
818,2205.17,0.0120208,0.00454342,0.00794724,0,0,0,0,0,0,0.0075212,0
819,2208.31,0.0154553,0.00515175,0.00888642,0,0,0,0,0,0,0.00849595,0
820,2211.45,0.013738,0.00485712,0.00845752,0,0,0,0,0,0,0.00832184,0
821,2214.59,0.006869,0.0034345,0.00822762,0,0,0,0,0,0,0.00789614,0
822,2217.73,0.006869,0.0034345,0.00923215,0,0,0,0,0,0,0.00890897,0
823,2220.88,0.00858625,0.00383989,0.00812526,0,0,0,0,0,0,0.00767607,0
824,2224.02,0.0034345,0.00242856,0.00962845,0,0,0,0,0,0,0.0095161,0
825,2227.17,0.013738,0.00485712,0.0088342,0,0,0,0,0,0,0.00863978,0
826,2230.31,0.0103035,0.00420639,0.0100974,0,0,0,0,0,0,0.0096007,0
827,2233.46,0.0103035,0.00420639,0.00852205,0,0,0,0,0,0,0.00823785,0
828,2236.61,0.00515175,0.00297436,0.00982454,0,0,0,0,0,0,0.00944006,0
829,2239.76,0.0103035,0.00420639,0.00999208,0,0,0,0,0,0,0.00966844,0
830,2242.91,0.006869,0.0034345,0.00875769,0,0,0,0,0,0,0.0085763,0
831,2246.06,0.013738,0.00485712,0.00984733,0,0,0,0,0,0,0.00942582,0
832,2249.21,0.0120208,0.00454342,0.00936063,0,0,0,0,0,0,0.00920594,0
833,2252.37,0.0034345,0.00242856,0.00983373,0,0,0,0,0,0,0.00940323,0
834,2255.52,0.0154553,0.00515175,0.00961046,0,0,0,0,0,0,0.00930817,0
835,2258.68,0.00858625,0.00383989,0.0101687,0,0,0,0,0,0,0.00977107,0
836,2261.84,0.006869,0.0034345,0.00966766,0,0,0,0,0,0,0.00939128,0
837,2265,0.006869,0.0034345,0.00961007,0,0,0,0,0,0,0.00923784,0
838,2268.16,0.0103035,0.00420639,0.011055,0,0,0,0,0,0,0.0106236,0
839,2271.32,0.0171725,0.00543042,0.00954506,0,0,0,0,0,0,0.00934895,0
840,2274.48,0.0103035,0.00420639,0.0104545,0,0,0,0,0,0,0.0103952,0
841,2277.64,0.0120208,0.00454342,0.0105197,0,0,0,0,0,0,0.0100051,0
842,2280.8,0.00858625,0.00383989,0.0111934,0,0,0,0,0,0,0.0107947,0
843,2283.97,0.0034345,0.00242856,0.0102821,0,0,0,0,0,0,0.0100324,0
844,2287.14,0.0103035,0.00420639,0.0104664,0,0,0,0,0,0,0.0101599,0
845,2290.3,0.0120208,0.00454342,0.0103939,0,0,0,0,0,0,0.0100979,0
846,2293.47,0.013738,0.00485712,0.0107944,0,0,0,0,0,0,0.0104009,0
847,2296.64,0.00858625,0.00383989,0.0111607,0,0,0,0,0,0,0.0107415,0
848,2299.81,0.0120208,0.00454342,0.0105155,0,0,0,0,0,0,0.0103769,0
849,2302.98,0.0034345,0.00242856,0.0115249,0,0,0,0,0,0,0.0111674,0
850,2306.15,0.0171725,0.00543042,0.0113427,0,0,0,0,0,0,0.0112806,0
851,2309.33,0.0188898,0.00569547,0.0103543,0,0,0,0,0,0,0.00978889,0
852,2312.5,0.0034345,0.00242856,0.010772,0,0,0,0,0,0,0.0105085,0
853,2315.68,0.013738,0.00485712,0.0111434,0,0,0,0,0,0,0.0108198,0
854,2318.86,0.006869,0.0034345,0.0125968,0,0,0,0,0,0,0.0121309,0
855,2322.03,0.0171725,0.00543042,0.0110622,0,0,0,0,0,0,0.0108075,0
856,2325.21,0.00171725,0.00171725,0.0106978,0,0,0,0,0,0,0.0103742,0
857,2328.39,0.0171725,0.00543042,0.0122928,0,0,0,0,0,0,0.0114016,0
858,2331.57,0.0154553,0.00515175,0.0108388,0,0,0,0,0,0,0.011023,0
859,2334.76,0.0154553,0.00515175,0.0116947,0,0,0,0,0,0,0.0112187,0
860,2337.94,0.00858625,0.00383989,0.0113298,0,0,0,0,0,0,0.0112602,0
861,2341.12,0.0034345,0.00242856,0.0107318,0,0,0,0,0,0,0.0105047,0
862,2344.31,0.006869,0.0034345,0.0113537,0,0,0,0,0,0,0.0109449,0
863,2347.5,0.0120208,0.00454342,0.012696,0,0,0,0,0,0,0.0124199,0
864,2350.68,0.00858625,0.00383989,0.0119762,0,0,0,0,0,0,0.0115818,0
865,2353.87,0.0120208,0.00454342,0.011644,0,0,0,0,0,0,0.0113402,0
866,2357.06,0.00858625,0.00383989,0.0128049,0,0,0,0,0,0,0.0125154,0
867,2360.25,0.0120208,0.00454342,0.0109619,0,0,0,0,0,0,0.0104719,0
868,2363.45,0.0120208,0.00454342,0.0120519,0,0,0,0,0,0,0.0116989,0
869,2366.64,0.0171725,0.00543042,0.0102492,0,0,0,0,0,0,0.0100972,0
870,2369.83,0.00858625,0.00383989,0.0123469,0,0,0,0,0,0,0.0120393,0
871,2373.03,0.0120208,0.00454342,0.0108203,0,0,0,0,0,0,0.0104451,0
872,2376.23,0.0034345,0.00242856,0.0114292,0,0,0,0,0,0,0.011116,0
873,2379.42,0.013738,0.00485712,0.0118209,0,0,0,0,0,0,0.0115711,0
874,2382.62,0.0120208,0.00454342,0.0114464,0,0,0,0,0,0,0.0110075,0
875,2385.82,0.0120208,0.00454342,0.0116237,0,0,0,0,0,0,0.01176,0
876,2389.02,0.0154553,0.00515175,0.0124163,0,0,0,0,0,0,0.0118096,0
877,2392.22,0.006869,0.0034345,0.0119684,0,0,0,0,0,0,0.0115953,0
878,2395.43,0.006869,0.0034345,0.0111443,0,0,0,0,0,0,0.0106722,0
879,2398.63,0.020607,0.00594873,0.0115906,0,0,0,0,0,0,0.011387,0
880,2401.84,0.013738,0.00485712,0.0110505,0,0,0,0,0,0,0.0110138,0
881,2405.04,0.0120208,0.00454342,0.0113247,0,0,0,0,0,0,0.0106115,0
882,2408.25,0.013738,0.00485712,0.0112458,0,0,0,0,0,0,0.010879,0
883,2411.46,0.0120208,0.00454342,0.0114711,0,0,0,0,0,0,0.0112489,0
884,2414.67,0.006869,0.0034345,0.0105905,0,0,0,0,0,0,0.0102924,0
885,2417.88,0.0034345,0.00242856,0.00999695,0,0,0,0,0,0,0.00968238,0
886,2421.09,0.006869,0.0034345,0.0103724,0,0,0,0,0,0,0.0101116,0
887,2424.3,0.0171725,0.00543042,0.0112632,0,0,0,0,0,0,0.0108558,0
888,2427.51,0.013738,0.00485712,0.0101823,0,0,0,0,0,0,0.00976813,0
889,2430.73,0.0120208,0.00454342,0.00993699,0,0,0,0,0,0,0.010044,0
890,2433.95,0.0103035,0.00420639,0.010301,0,0,0,0,0,0,0.00952665,0
891,2437.16,0.006869,0.0034345,0.0109192,0,0,0,0,0,0,0.0106272,0
892,2440.38,0.0103035,0.00420639,0.00982574,0,0,0,0,0,0,0.00966178,0
893,2443.6,0.013738,0.00485712,0.00966373,0,0,0,0,0,0,0.00925051,0
894,2446.82,0.00515175,0.00297436,0.00905892,0,0,0,0,0,0,0.00871033,0
895,2450.04,0.0154553,0.00515175,0.00887667,0,0,0,0,0,0,0.00859082,0
896,2453.26,0.013738,0.00485712,0.00967631,0,0,0,0,0,0,0.00951713,0
897,2456.49,0.00515175,0.00297436,0.0101303,0,0,0,0,0,0,0.00960706,0
898,2459.71,0.0120208,0.00454342,0.00922128,0,0,0,0,0,0,0.00894314,0
899,2462.94,0.00858625,0.00383989,0.0087855,0,0,0,0,0,0,0.0083154,0
900,2466.16,0.0188898,0.00569547,0.00876374,0,0,0,0,0,0,0.00866186,0
901,2469.39,0.0120208,0.00454342,0.00866703,0,0,0,0,0,0,0.00821143,0
902,2472.62,0.0103035,0.00420639,0.00849231,0,0,0,0,0,0,0.00821253,0
903,2475.85,0.0034345,0.00242856,0.00802808,0,0,0,0,0,0,0.00772459,0
904,2479.08,0.0103035,0.00420639,0.00868572,0,0,0,0,0,0,0.00829852,0
905,2482.31,0.00515175,0.00297436,0.00846646,0,0,0,0,0,0,0.00824966,0
906,2485.55,0.006869,0.0034345,0.00838597,0,0,0,0,0,0,0.00788108,0
907,2488.78,0.00858625,0.00383989,0.00755752,0,0,0,0,0,0,0.0072486,0
908,2492.02,0.006869,0.0034345,0.00620227,0,0,0,0,0,0,0.0058401,0
909,2495.25,0.006869,0.0034345,0.00780224,0,0,0,0,0,0,0.00726809,0
910,2498.49,0.0034345,0.00242856,0.00606243,0,0,0,0,0,0,0.00596541,0
911,2501.73,0.0120208,0.00454342,0.00697651,0,0,0,0,0,0,0.00668559,0
912,2504.97,0.0034345,0.00242856,0.00630291,0,0,0,0,0,0,0.00587181,0
913,2508.21,0.0103035,0.00420639,0.00571568,0,0,0,0,0,0,0.00521062,0
914,2511.45,0.0034345,0.00242856,0.00601751,0,0,0,0,0,0,0.00553348,0
915,2514.69,0.00171725,0.00171725,0.00596563,0,0,0,0,0,0,0.00554677,0
916,2517.94,0.00515175,0.00297436,0.00582805,0,0,0,0,0,0,0.00553251,0
917,2521.18,0.00515175,0.00297436,0.00525679,0,0,0,0,0,0,0.00495137,0
918,2524.43,0.00515175,0.00297436,0.0052812,0,0,0,0,0,0,0.00503449,0
919,2527.68,0.00515175,0.00297436,0.00593974,0,0,0,0,0,0,0.00533124,0
920,2530.93,0.0034345,0.00242856,0.00459971,0,0,0,0,0,0,0.0043015,0
921,2534.18,0.0034345,0.00242856,0.00453768,0,0,0,0,0,0,0.0041505,0
922,2537.43,0.0034345,0.00242856,0.00526127,0,0,0,0,0,0,0.00496538,0
923,2540.68,0.0034345,0.00242856,0.00570152,0,0,0,0,0,0,0.00527947,0
924,2543.93,0.00515175,0.00297436,0.00487638,0,0,0,0,0,0,0.00469953,0
925,2547.18,0.0103035,0.00420639,0.00475116,0,0,0,0,0,0,0.00448703,0
926,2550.44,0.0034345,0.00242856,0.00507414,0,0,0,0,0,0,0.00470549,0
927,2553.7,0,0,0.00506136,0,0,0,0,0,0,0.0045178,0
928,2556.95,0.00171725,0.00171725,0.00383082,0,0,0,0,0,0,0.00349047,0
929,2560.21,0.0034345,0.00242856,0.00386648,0,0,0,0,0,0,0.00336426,0
930,2563.47,0.006869,0.0034345,0.00365631,0,0,0,0,0,0,0.00318113,0
931,2566.73,0.0034345,0.00242856,0.00445471,0,0,0,0,0,0,0.00409143,0
932,2569.99,0.00171725,0.00171725,0.00275906,0,0,0,0,0,0,0.00226364,0
933,2573.25,0.0034345,0.00242856,0.0031663,0,0,0,0,0,0,0.00267317,0
934,2576.52,0.0034345,0.00242856,0.00349118,0,0,0,0,0,0,0.00294374,0
935,2579.78,0.0034345,0.00242856,0.00323959,0,0,0,0,0,0,0.00278192,0
936,2583.05,0.00171725,0.00171725,0.00334001,0,0,0,0,0,0,0.00301746,0
937,2586.31,0.00515175,0.00297436,0.00339752,0,0,0,0,0,0,0.0031074,0
938,2589.58,0.00515175,0.00297436,0.00272595,0,0,0,0,0,0,0.00235557,0
939,2592.85,0.00515175,0.00297436,0.00288182,0,0,0,0,0,0,0.00259265,0
940,2596.12,0.0034345,0.00242856,0.00265077,0,0,0,0,0,0,0.00218951,0
941,2599.39,0.00515175,0.00297436,0.00247902,0,0,0,0,0,0,0.00204733,0
942,2602.67,0.006869,0.0034345,0.00227816,0,0,0,0,0,0,0.0018734,0
943,2605.94,0.0034345,0.00242856,0.00202702,0,0,0,0,0,0,0.00154522,0
944,2609.21,0,0,0.00238779,0,0,0,0,0,0,0.00214781,0
945,2612.49,0.00171725,0.00171725,0.00235802,0,0,0,0,0,0,0.00206729,0
946,2615.76,0,0,0.00226433,0,0,0,0,0,0,0.00200757,0
947,2619.04,0.0034345,0.00242856,0.00202395,0,0,0,0,0,0,0.00154362,0
948,2622.32,0.0034345,0.00242856,0.00204787,0,0,0,0,0,0,0.00154741,0
949,2625.6,0.00171725,0.00171725,0.00163871,0,0,0,0,0,0,0.00113745,0
950,2628.88,0.0034345,0.00242856,0.00165981,0,0,0,0,0,0,0.00120246,0
