# Nuclear power plant sites in Japan and Korea (PRIS site names), approximate coordinates [deg] (public sources, ±0.01°)
site,country,lat,lon
FUGEN ATR,JP,35.7547,136.0172
FUKUSHIMA-DAIICHI,JP,37.4214,141.0325
FUKUSHIMA-DAINI,JP,37.3167,141.0250
GENKAI,JP,33.5153,129.8369
HAMAOKA,JP,34.6236,138.1425
HIGASHIDORI,JP,41.1878,141.3903
IKATA,JP,33.4906,132.3094
KASHIWAZAKI KARIWA,JP,37.4286,138.5978
MIHAMA,JP,35.7022,135.9631
MONJU,JP,35.7403,135.9875
OHI,JP,35.5408,135.6553
ONAGAWA,JP,38.4014,141.4997
SENDAI,JP,31.8336,130.1897
SHIKA,JP,37.0606,136.7264
SHIMANE,JP,35.5383,132.9992
TAKAHAMA,JP,35.5222,135.5050
TOKAI,JP,36.4664,140.6064
TOMARI,JP,43.0361,140.5128
TSURUGA,JP,35.7400,136.0189
HANBIT,KR,35.4153,126.4239
HANUL,KR,37.0928,129.3836
KORI,KR,35.3197,129.2908
SHIN-KORI I,KR,35.3264,129.3011
SHIN-WOLSONG,KR,35.7050,129.4750
WOLSONG,KR,35.7133,129.4753
